{"type":"FeatureCollection","name":"Carrizo\u2013Wilcox regional extent","features":[{"type":"Feature","properties":{"name":"Carrizo\u2013Wilcox Aquifer","state":"Texas","country":"United States","extent_type":"Mapped outcrop","component":"Carrizo\u2013Wilcox","precision":"Official mapped boundary","source":"Texas Water Development Board","source_url":"https://www.twdb.texas.gov/groundwater/aquifer/majors/carrizo-wilcox.asp"},"geometry":{"type":"MultiPolygon","coordinates":[[[[-94.1960219328585,32.7944168963487],[-94.1919317568101,32.7950935793152],[-94.1892310093651,32.8039216964141],[-94.1966464285173,32.8194928795144],[-94.1877204318757,32.8219890130502],[-94.1784743881674,32.8186384737772],[-94.1768565572598,32.8129562427316],[-94.1647409071704,32.8138932818275],[-94.1593090505864,32.8092244758654],[-94.1557230591159,32.8172503816752],[-94.1481401230051,32.8096504664586],[-94.1467359138696,32.8169901482845],[-94.1340557814482,32.8067382662788],[-94.1265029620921,32.8055085419952],[-94.1147686754937,32.8103374527152],[-94.1124031426045,32.8072324833916],[-94.1167209399948,32.8014566186334],[-94.1028213091854,32.8029001839746],[-94.1027290239537,32.7942314671728],[-94.0963969227008,32.7940409243301],[-94.0956799691716,32.787724074988],[-94.0920484935195,32.7917822382652],[-94.0887366893063,32.788440660676],[-94.0895908439614,32.780361825033],[-94.0851358127227,32.7738612138626],[-94.0794138257709,32.7743497920013],[-94.0660770698776,32.7854362353351],[-94.0608444991288,32.7843835503829],[-94.0624303479708,32.7803690521952],[-94.0554111714686,32.7813766659431],[-94.0490479852374,32.7759538234654],[-94.046469420367,32.7846122300877],[-94.052207440115,32.7838860504387],[-94.0533371387722,32.788426442913],[-94.0589674222948,32.790342106718],[-94.0568762085294,32.798420052261],[-94.0642312776297,32.7997715388621],[-94.0622471877048,32.8118729299158],[-94.0662457894345,32.8143518696268],[-94.0623848477914,32.8232846521607],[-94.0552132440523,32.8254987132573],[-94.0439118120727,32.8394309108076],[-94.0443667024356,32.6644710495721],[-94.0406432335665,32.5812747063027],[-94.0451456889782,32.4614247337591],[-94.0427348741042,32.1323576228961],[-94.0461197671177,31.9967657888563],[-94.042351702396,31.9975135426726],[-94.0401389070294,31.9915555794296],[-94.0308769982499,31.9946499748449],[-94.0240857125011,31.9895498704139],[-94.0199968726172,31.9912120623639],[-94.0148243270865,31.9789473146048],[-94.0064932951502,31.9737366219964],[-94.0018685272469,31.9627894707228],[-93.9812230303081,31.9379515674776],[-93.9753812414347,31.924450979417],[-93.9589606453024,31.9206704967676],[-93.9527520471413,31.9117547526426],[-93.9253164985474,31.9107032630957],[-93.9224781563292,31.9036068991115],[-93.9310375426155,31.8927470056517],[-93.9244464853938,31.8929426199095],[-93.921333818142,31.8871082840206],[-93.9146358566198,31.8921709960049],[-93.9037416663755,31.8914042039903],[-93.9013446823737,31.8961120037597],[-93.8952109047808,31.8917174513325],[-93.9003213258652,31.8746237739704],[-93.8940204181511,31.8761913272591],[-93.8916414793672,31.8696677924024],[-93.8818286961441,31.8666590306471],[-93.8885878323828,31.8567246919867],[-93.8791427798008,31.8450067685171],[-93.8814780466432,31.8422491299543],[-93.8723984423017,31.8361413470764],[-93.8749310666356,31.83097653171],[-93.8715272869735,31.8153992262227],[-93.8395155134452,31.7984097510082],[-93.8349847967992,31.7799125615209],[-93.8235551958338,31.7755861717953],[-93.8268661990463,31.7599913363729],[-93.8357005549054,31.7504515554185],[-93.8261347798543,31.7350059744052],[-93.815726837536,31.7279824555494],[-93.811928023362,31.7146385014046],[-93.8144610406469,31.7067806869444],[-93.8097612403695,31.7027212010645],[-93.7947461120119,31.7029313319119],[-93.8066326503996,31.6819854089925],[-93.815589665208,31.6751424078354],[-93.8137125043926,31.6693578655543],[-93.8207480623558,31.6720897997493],[-93.8248224570286,31.6650907196452],[-93.825081045531,31.659127795422],[-93.8125071913346,31.6470078106544],[-93.8172681722889,31.6466530405725],[-93.818290481131,31.622178255793],[-93.8225635941802,31.6187868709842],[-93.8185342569005,31.6137558304723],[-93.8291091738469,31.6125801961759],[-93.8371353894874,31.6058543961358],[-93.8338701725081,31.5886119823582],[-93.8202443180906,31.5734614994929],[-93.8181389023268,31.5583920492933],[-93.7866738351016,31.5296384236671],[-93.7651744483496,31.5232094780039],[-93.7549369274408,31.5236297324342],[-93.7473825600448,31.5292644742371],[-93.7426841850635,31.5248578512412],[-93.7411888198053,31.5144281355897],[-93.7122116473632,31.5115026266068],[-93.718361850428,31.5066196511989],[-93.7184834771115,31.5000284710701],[-93.7230309784619,31.4995041574849],[-93.7262960584643,31.4889537767563],[-93.7517777554325,31.4807106102267],[-93.7462847436692,31.4779141585313],[-93.7483590987552,31.4710318287203],[-93.7283241934789,31.4545018595032],[-93.7028426963617,31.4529428040319],[-93.708639909509,31.4407239406706],[-93.692787395287,31.4357616816465],[-93.7053453639891,31.4184362290529],[-93.7050602061034,31.4137300874804],[-93.7222971691398,31.4113702573394],[-93.746344598705,31.4177375062395],[-93.7600159111102,31.4156952075556],[-93.7957521174219,31.4278309982178],[-93.8019471399945,31.4227151633767],[-93.809165532017,31.4336760308919],[-93.8232338603279,31.4443786646276],[-93.8333955233104,31.4468278026971],[-93.827994777889,31.4618998535495],[-93.8337321849115,31.4671870313761],[-93.8420937840149,31.4687125059907],[-93.8429333950602,31.4523631178139],[-93.8473419732338,31.4444362766344],[-93.8467021704466,31.4690219010212],[-93.8514936294367,31.4758460309373],[-93.8574588185443,31.47512893615],[-93.8617930737468,31.4680608811382],[-93.8606325554876,31.4611373889063],[-93.8553381139444,31.4704339878995],[-93.8582377069365,31.4570087231097],[-93.8553234674018,31.4523641750531],[-93.8587100840956,31.4465455034536],[-93.8668431013123,31.4641383965683],[-93.8731300929816,31.4647382780728],[-93.8785933240337,31.4709369973804],[-93.8703375711327,31.4717034608419],[-93.8676213977164,31.4786654242137],[-93.8751437529278,31.4865349221862],[-93.8663711117769,31.4850057183313],[-93.8684455079879,31.4962824078447],[-93.8749610485293,31.492993855926],[-93.8808047857281,31.5019961359521],[-93.8852610937809,31.4954423109384],[-93.8895947362661,31.5011761112446],[-93.9003062738238,31.5016830950641],[-93.9021066861331,31.5037471793053],[-93.8922195349036,31.5098238532872],[-93.8933168974187,31.5150885143068],[-93.906409154712,31.5122849013422],[-93.9055096071793,31.5168010802809],[-93.9136265207545,31.5152901990729],[-93.9206302848641,31.5241176844367],[-93.9271921293627,31.5232364205263],[-93.9242768385534,31.5179080553006],[-93.9335245403508,31.5177707179663],[-93.9320296974393,31.5109037812947],[-93.9249945462099,31.5103045195833],[-93.9291751358594,31.503517976678],[-93.9247656930572,31.5019537600014],[-93.9336919146576,31.488897064907],[-93.9331729039835,31.4852915826659],[-93.9215770313135,31.4847885596786],[-93.9285957689294,31.477952475121],[-93.9253305139824,31.4738815767631],[-93.9280915915226,31.4718335370019],[-93.9246747806566,31.4713025973151],[-93.9309910752683,31.4674996105242],[-93.9229656461953,31.466439345272],[-93.9225839270045,31.4630065742371],[-93.9313112897739,31.4589777592885],[-93.9232094471961,31.4588320682009],[-93.9203860281469,31.4551297141184],[-93.9329137968723,31.4484648877882],[-93.9428478665327,31.4698346519515],[-93.9478059060068,31.4670498773254],[-93.9448770340447,31.4518859883038],[-93.9492567733125,31.4495022687102],[-93.9572217514339,31.4617131439798],[-93.9581062607036,31.4709216257207],[-93.9653848846358,31.4771244808835],[-93.9627905193294,31.4843766719859],[-93.9745406188624,31.4946576573171],[-93.9787510220955,31.4959314143703],[-93.9834664477362,31.4913157308542],[-93.9811313673837,31.4897053648407],[-93.9937510019288,31.4845471432019],[-93.9828098096707,31.4736992119479],[-93.9753794236653,31.4739587363729],[-93.9765078509079,31.4620679588921],[-94.0037608060488,31.4932722984729],[-94.0255963813455,31.5103877031897],[-94.0379100275994,31.5275820649189],[-94.0505591789836,31.5320261971929],[-94.0511391898217,31.5369427659329],[-94.0573038969847,31.5401661236676],[-94.0561285023295,31.5470824025891],[-94.0495217019495,31.5404829518013],[-94.0490786537954,31.5500306032997],[-94.0432202331866,31.5537314801365],[-94.0573195687453,31.5518890224618],[-94.0593785830164,31.555268180642],[-94.0557467385719,31.5564009103967],[-94.0640475566911,31.5602007817169],[-94.0583411244212,31.5624702416725],[-94.063209145234,31.5676892001136],[-94.0603094732562,31.5719081708256],[-94.0659403056476,31.5723277791457],[-94.059943123122,31.5779124307864],[-94.0694956077766,31.5735410651601],[-94.0690532948733,31.5809141731822],[-94.0733711955061,31.5775543439494],[-94.0861577221498,31.5821083224784],[-94.0873784004731,31.5793664068928],[-94.09192580653,31.5821812060974],[-94.098045202745,31.5784233353596],[-94.1020576362694,31.5802629734832],[-94.1117465859191,31.5748573752908],[-94.1112276147816,31.5685660876455],[-94.1154548116615,31.5672044078988],[-94.121467569151,31.576085519338],[-94.1152257903878,31.5750940670073],[-94.1209780113018,31.5836035245198],[-94.11579095009,31.5850461407213],[-94.1241518461122,31.5935294372779],[-94.127922020227,31.5897073847424],[-94.139197142889,31.5891087095799],[-94.1470103438128,31.5802055718059],[-94.1544258655568,31.5877694739582],[-94.15349527884,31.5830244937046],[-94.1601331434527,31.586240263855],[-94.1596447914705,31.5897840554529],[-94.1664039736668,31.5942584528309],[-94.1592169305127,31.5800592088677],[-94.1638408586339,31.5812163519179],[-94.1647866203022,31.5777305538752],[-94.1714699369277,31.5828902598993],[-94.1748423077646,31.5786643211157],[-94.1763685503366,31.5829597057176],[-94.1850963459636,31.5814909791179],[-94.1893080977333,31.5857283426354],[-94.194418764723,31.5812237958719],[-94.1972874094443,31.5866596266385],[-94.2050857086438,31.5847868776982],[-94.2074811444837,31.5899975775604],[-94.2103031824799,31.5865142187972],[-94.2153234752038,31.5894373283254],[-94.2099830382214,31.5823944615053],[-94.2154151532763,31.5827499347408],[-94.2138135031644,31.5786870166661],[-94.2180398090086,31.5774928019026],[-94.2108988701181,31.567814847024],[-94.2265995770648,31.5621228658417],[-94.2323521052173,31.5448667227602],[-94.2422098759341,31.5435081451357],[-94.2385013471892,31.5504199084213],[-94.2454599633224,31.5540370297188],[-94.2734602891191,31.5399526556265],[-94.264685680254,31.5346770718783],[-94.2598482862629,31.5368433127656],[-94.2626110918997,31.531815510347],[-94.2831180061194,31.5339021307885],[-94.3071050027338,31.5452511480662],[-94.3252791073076,31.5406973810997],[-94.3349375541565,31.542191836151],[-94.3360664454597,31.5455106265697],[-94.3299023271201,31.550881398203],[-94.3322361364619,31.5540868589593],[-94.3384167005219,31.5497449647908],[-94.3360515234669,31.556775818963],[-94.3462588640178,31.5534676536591],[-94.3453746135232,31.5574119391384],[-94.3502727947648,31.557129820509],[-94.3463808911187,31.560846259208],[-94.356909834515,31.5616497218074],[-94.3483192204589,31.5641607651309],[-94.3515387463791,31.5674837678211],[-94.3584510195068,31.5640530347929],[-94.3637452491233,31.5676631945316],[-94.353598889842,31.5749176890506],[-94.3602364838809,31.5776116103025],[-94.3615786031676,31.582585283049],[-94.3668891355676,31.5758409916378],[-94.3813695639461,31.5824254095416],[-94.3845289401717,31.5803117829922],[-94.3838417811926,31.5837410636584],[-94.3894875932381,31.5862024936278],[-94.3858564395036,31.5886045544977],[-94.3869855645594,31.6005570615724],[-94.3951032264319,31.6012467173116],[-94.4003979666415,31.6110234999268],[-94.4228122612974,31.6144614574839],[-94.4200516491012,31.6200070691251],[-94.4287791987691,31.6169258485222],[-94.429923768874,31.6226977129097],[-94.4351570100721,31.6164112187518],[-94.4344097985549,31.6212701227179],[-94.4409245852459,31.6201830951369],[-94.4370952886513,31.6237306681366],[-94.4536045301413,31.6266462745649],[-94.438300181675,31.6368269242464],[-94.4507206397505,31.634881542797],[-94.4511941402069,31.6414579297966],[-94.4540011589339,31.6329354583934],[-94.4552837806745,31.6382536689569],[-94.462669044171,31.633108181961],[-94.4667582531781,31.6387105228715],[-94.46387392429,31.6424271616719],[-94.4707862295724,31.6416824975288],[-94.4697183053401,31.6447734088267],[-94.4752122921197,31.6469426559176],[-94.4739447604828,31.6511199618545],[-94.4813915018088,31.6499722894347],[-94.4755474686359,31.6563237778861],[-94.4857558938359,31.6573490807995],[-94.4831457592921,31.6618096338788],[-94.4887764437176,31.6654669683767],[-94.4828110867845,31.666955487787],[-94.4840156953136,31.6735322746878],[-94.4925458700264,31.6753596604196],[-94.4919358074967,31.6687823257283],[-94.4980532234537,31.6723841372022],[-94.4977183119877,31.6767291534423],[-94.4658886114606,31.7044726132984],[-94.469306499813,31.7077882225027],[-94.4779738236051,31.7082457678542],[-94.4784464783204,31.7043003087735],[-94.4829473741523,31.7108740949416],[-94.4812698973543,31.7029854992007],[-94.4845650817202,31.7030390094659],[-94.489066583266,31.708814035645],[-94.4957037444482,31.7092143670994],[-94.4929569008098,31.7112136836232],[-94.4967114748731,31.7139026501031],[-94.5119701141273,31.7158405661752],[-94.510154456843,31.7198987101408],[-94.5153264404764,31.7230996792506],[-94.5395124896174,31.7180538703258],[-94.5383066943147,31.7239432977373],[-94.5441500124645,31.7251400210925],[-94.5404580575997,31.7285742059693],[-94.5555790702394,31.7275320179484],[-94.5639868382083,31.7365585366126],[-94.5789557459479,31.7256818559064],[-94.5805118864226,31.7334573537674],[-94.5878984075358,31.7301880541904],[-94.5891186355985,31.7372797921319],[-94.6001354726364,31.7350935834282],[-94.6039658464719,31.7397198533222],[-94.5940321274858,31.7453357043881],[-94.5994794040752,31.7517329604449],[-94.6167367146223,31.7449083587943],[-94.616416397513,31.75257235244],[-94.6312780538636,31.7538086052245],[-94.631431635357,31.7647302985797],[-94.6534186767717,31.7697314990889],[-94.6496646384315,31.7806599931475],[-94.641883063041,31.7831858749565],[-94.6427682501334,31.7907345194941],[-94.6504281861225,31.7882623736751],[-94.6509769319076,31.795755172278],[-94.6452853329594,31.8066837308066],[-94.6490549333666,31.8117695195979],[-94.643424727449,31.817323873181],[-94.6502911419152,31.8212020218865],[-94.6394720876862,31.8305985054574],[-94.6431807074773,31.8353934733883],[-94.6522594981464,31.8285192719781],[-94.652746836498,31.8372659048294],[-94.6586529475987,31.8349695278776],[-94.6615215094009,31.82524281718],[-94.6722784595727,31.8206497397456],[-94.6637941752083,31.8146602092445],[-94.6541811676807,31.816506325353],[-94.6557073776048,31.806440366941],[-94.6707067578099,31.8083005403215],[-94.6747965021025,31.8032053573908],[-94.6526095433768,31.8037541618495],[-94.6557376807425,31.7917988871635],[-94.6677169308835,31.7967535142429],[-94.6547312992114,31.7866532142974],[-94.6615058354401,31.783155376729],[-94.6622991242539,31.7729165275192],[-94.6696391939047,31.7791951820102],[-94.6751164460077,31.7952553807638],[-94.6784123064323,31.7953038653884],[-94.67664300403,31.7843862368089],[-94.6824102942076,31.7808877479418],[-94.6826395288654,31.7956969905192],[-94.6903755823561,31.7941417016078],[-94.6990579258187,31.8001840324546],[-94.6921158263241,31.7909332992704],[-94.6912152962811,31.7774412989754],[-94.6974706162624,31.7810307159332],[-94.6970738663069,31.7867518191684],[-94.7019879707718,31.7855393791069],[-94.7054202841372,31.7895940837637],[-94.7090978253545,31.7820946967079],[-94.7018353044421,31.7767919392374],[-94.7024147211657,31.7711834751719],[-94.7167281022913,31.7696696190074],[-94.7242651345981,31.7720535577233],[-94.7266302995402,31.7775400789349],[-94.7334050297787,31.7715776634562],[-94.7375713541326,31.7723103913783],[-94.7383956312013,31.7775699876283],[-94.753455282305,31.7747320653368],[-94.755072332156,31.7805608588975],[-94.7488931092825,31.7782338691099],[-94.7460858976571,31.7849293085497],[-94.7569046934138,31.7844474857394],[-94.7521588615779,31.7918911806963],[-94.7459637609316,31.7904795074895],[-94.746574087726,31.7936222702918],[-94.738959339045,31.7868903739279],[-94.7239142691122,31.7896130699606],[-94.7257459973489,31.7966441561359],[-94.7331304157779,31.7949691060689],[-94.7338177046733,31.7998827068649],[-94.7386080406037,31.8014165366369],[-94.7306133796893,31.803150774586],[-94.7304153275522,31.8085259587467],[-94.735328327947,31.8080574909358],[-94.7358008667948,31.8116006824816],[-94.7425145196336,31.8062686274096],[-94.7440410779831,31.7974030449375],[-94.7506175224059,31.7937263808625],[-94.7537294797375,31.8018957128642],[-94.75722406509,31.802231811819],[-94.7555009044342,31.8081253680205],[-94.7597119331331,31.8024535685632],[-94.7579413854181,31.7949652664957],[-94.7669445306545,31.7902539888689],[-94.7633585445951,31.7824299621684],[-94.769965124664,31.787617770945],[-94.7730478034896,31.7857224743635],[-94.7734746012033,31.7960718020642],[-94.7776254162747,31.7861685093743],[-94.7788615729773,31.7981733258901],[-94.7851779579908,31.7963267004185],[-94.7854376627557,31.7906656361762],[-94.7899551719922,31.7952287120314],[-94.7864294578968,31.8055318460677],[-94.7907017638491,31.7990009568314],[-94.7946092744647,31.800877123766],[-94.7932349369704,31.8131193034781],[-94.798622321842,31.8124741182292],[-94.800086428509,31.8077254799191],[-94.8154978113703,31.8129972379913],[-94.814307275026,31.8191196859424],[-94.8187481888082,31.8197950771063],[-94.8233104722992,31.8345354347873],[-94.8312594427953,31.838169820233],[-94.8260257943197,31.8405324297371],[-94.8255687207042,31.8433356877385],[-94.8288639425648,31.842698315011],[-94.8250649368265,31.8516286213992],[-94.830451153891,31.8514988003915],[-94.8313667090402,31.8478939444157],[-94.8345558916802,31.8523422191094],[-94.8381417219104,31.8414083387933],[-94.8486862148837,31.8544746264956],[-94.8525768016105,31.8494850317919],[-94.858313783081,31.8549012745934],[-94.8630588220503,31.8477378768697],[-94.8643563855573,31.8529369830843],[-94.8775709735127,31.8571830312317],[-94.8797374139124,31.8612334192769],[-94.8797066332288,31.8540852744079],[-94.8741531686896,31.8480994085138],[-94.8825144133384,31.8492182602749],[-94.8863748199168,31.8567517371836],[-94.8920202333143,31.8557023102955],[-94.890449293392,31.8488439802372],[-94.9012065675868,31.8625314857166],[-94.9166795116647,31.8627630415922],[-94.9252547769233,31.8697631786815],[-94.9240793306922,31.8773750107375],[-94.9150919019199,31.8810098489834],[-94.9167861450064,31.8699083672118],[-94.9109411886134,31.8730747563423],[-94.8900067752911,31.870691276832],[-94.8935920582581,31.8766258910253],[-94.8785317818618,31.8922317324402],[-94.8395004637329,31.8953908453876],[-94.808646904048,31.8869028023157],[-94.7099684690975,31.8850261102251],[-94.6744144335926,31.9049350135915],[-94.6185527752689,31.9088530677867],[-94.5982892499411,31.914883974503],[-94.5413279043121,31.8904044499138],[-94.4866091188326,31.8978085666234],[-94.4041818162439,31.9526992826811],[-94.3396985189713,31.9729578682015],[-94.34569537939,31.9754239426305],[-94.3428567801279,31.9795393320129],[-94.3481815585899,31.9799445728878],[-94.3525460662644,31.9898391239408],[-94.35214949509,31.9858948520682],[-94.358145691434,31.9848675732731],[-94.3637918593092,31.9919061240565],[-94.4108189481785,31.9862683554222],[-94.4323949706446,31.9499632896166],[-94.4419623131789,31.9500220831731],[-94.4454721560005,31.9451620888644],[-94.4477608233652,31.9480797470326],[-94.4528730514492,31.9412738550122],[-94.4620277530526,31.9388128513747],[-94.4775924982412,31.9398964835054],[-94.4813605698363,31.9576813399386],[-94.4913246378317,31.9639670077447],[-94.520758477648,31.9570937142874],[-94.501395085212,31.9214336608198],[-94.5058665027773,31.9205024676184],[-94.5308605906215,31.941018167043],[-94.5614994899713,31.9419690238064],[-94.5660780317239,31.9471677683734],[-94.5843267692747,31.9408618087514],[-94.587622984876,31.9457754609564],[-94.5830600838328,31.9499560119346],[-94.5978009578496,31.945993023795],[-94.602790011322,31.9481595926349],[-94.5992808841162,31.952965851298],[-94.613089308422,31.9535222224707],[-94.6145249441469,31.957925768667],[-94.6096107816951,31.9621593387352],[-94.6130446569589,31.9766749725937],[-94.6055833546718,31.9776619989537],[-94.6080242106542,31.982747478369],[-94.6184610557762,31.9859358805986],[-94.6280888119742,31.9750032376405],[-94.6271893406163,31.9636240060967],[-94.6321170768611,31.9670806100375],[-94.6413944694315,31.9620608142732],[-94.6433639020139,31.9655473666286],[-94.6489476564046,31.9629065100743],[-94.6563645009431,31.965409733339],[-94.6573563325355,31.9578599595069],[-94.6626051240968,31.9554501491752],[-94.6835851324445,31.9714253473143],[-94.7026286298621,31.9650438971719],[-94.7018046946343,31.9562922440934],[-94.717947881461,31.951859658252],[-94.7253491514386,31.9445818090779],[-94.7263252811017,31.9581886556913],[-94.7427133032987,31.9673017101806],[-94.7454900964835,31.9725551459615],[-94.7490603602105,31.9692890912925],[-94.7610542869569,31.9702887166984],[-94.7634507029038,31.9630213904321],[-94.7735212301214,31.9716851068772],[-94.7791060166179,31.9710438372768],[-94.7809058283666,31.9665239424855],[-94.7858350499307,31.970795506867],[-94.8062966662668,31.9658821366652],[-94.801001778745,31.9727003642883],[-94.7937995948007,31.9740918508431],[-94.7958593385301,31.9845510186113],[-94.8055801730898,31.9914440586345],[-94.8104617412417,31.9795927970739],[-94.8183052919217,31.9889766925217],[-94.8261327521061,31.9890414925368],[-94.8571089699577,31.9853453183594],[-94.8539807990311,31.9800919407599],[-94.8559793355534,31.9748813120967],[-94.8629684025466,31.9710286468572],[-94.8732523442738,31.981285947833],[-94.8912886534332,31.9747062961468],[-94.9026565312476,31.9724939907913],[-94.9014205431827,31.9805044839796],[-94.8958051492651,31.9765780445104],[-94.8795240573783,31.9801801465779],[-94.8793105406792,31.9940204857608],[-94.8977888867658,31.9971017253097],[-94.9025650614509,32.0043002703884],[-94.9173660081824,32.0104578666248],[-94.9164348281241,32.014531694468],[-94.9290695339518,32.0166215724748],[-94.9790571529492,32.0216195523975],[-94.9964825740943,32.0089930917475],[-94.9977948669027,32.0138684798243],[-95.0103681592123,32.0174925882112],[-95.0145792914524,32.0229314698682],[-95.0123669736731,32.0258609155453],[-95.021293292553,32.028813341339],[-95.0213084217464,32.032544108672],[-95.0449446737235,32.0337732058926],[-95.0397101998857,32.0378698660471],[-95.0183026725614,32.0385786591854],[-95.0238565181158,32.0433789368914],[-95.0334387124125,32.0415094463497],[-95.038444281841,32.0437824873211],[-95.0369796522353,32.04688788898],[-95.0429751189958,32.0455453376395],[-95.0421830236091,32.0487646691774],[-95.0531990477533,32.0480327795337],[-95.0545116565041,32.0545095717787],[-95.050681449841,32.0584238502024],[-95.063026160802,32.0672122192701],[-95.048148039894,32.0656721118853],[-95.0417551441412,32.070453964508],[-95.0409163972978,32.0767717813818],[-95.048439087712,32.0831113208884],[-95.0539626539234,32.0789619953374],[-95.0543888312421,32.0843477484216],[-95.0595323178314,32.0845005750063],[-95.0593795369074,32.0936858560063],[-95.0449291675845,32.0965555728989],[-95.064444869101,32.1070900819114],[-95.0608748838749,32.1111264712233],[-95.0545272917118,32.1099453923746],[-95.065345334136,32.1257368989768],[-95.0530166888762,32.1201066420336],[-95.0443638415314,32.1054503619922],[-95.0384893501804,32.1071979616295],[-95.0541454776255,32.1276220405309],[-95.0631481456763,32.1316039577397],[-95.052085424764,32.1344043127065],[-95.0441969896295,32.1259969592868],[-95.0497205056458,32.1368231157725],[-95.0453261791262,32.1368987168866],[-95.0432662681387,32.1418967054495],[-95.0383676932225,32.1360588146652],[-95.0395880936624,32.1254389042708],[-95.0327066728923,32.1267294806793],[-95.0335917623034,32.1143928615259],[-95.0252147248177,32.1141333702716],[-95.0229256763006,32.1160932997228],[-95.0277322710766,32.1186574009226],[-95.0246958571541,32.1205039682836],[-95.028494869853,32.121297289223],[-95.0255961536386,32.1227997703812],[-95.0290593260218,32.127034327776],[-95.0235815652079,32.1284844286699],[-95.0273204684053,32.1316271979803],[-95.0224679969729,32.1338858524959],[-95.0347661325132,32.1341302856325],[-95.0351939352536,32.1383108041066],[-95.0139081777121,32.1404014897574],[-95.0148691719474,32.1431553085415],[-95.0343390979782,32.1430256942203],[-95.0359875413961,32.1469170239678],[-95.0635900011719,32.1507080095189],[-95.0568457429914,32.153836753757],[-95.0598983896386,32.1569263610951],[-95.051856631538,32.1562100019785],[-95.057487269776,32.159458868926],[-95.0532445447283,32.1650975397324],[-95.0433422897327,32.1585357536523],[-95.0455387759727,32.1638690021084],[-95.0404737348141,32.1659517778302],[-95.0343398729722,32.1564531848215],[-95.0323248977249,32.160077874154],[-95.0201948533081,32.154210325608],[-95.0145945640184,32.157964157257],[-95.034461596695,32.1670111471039],[-95.0327677927535,32.1811346488052],[-95.0012430469519,32.1665010025095],[-94.9964671571853,32.1696220948457],[-95.0121227163414,32.1774802442329],[-95.0115737775285,32.1901075366011],[-94.9921637471105,32.1759462733955],[-94.9823524799983,32.1755803619973],[-94.9778518436714,32.1812180706487],[-94.9820481300366,32.1816073827394],[-94.9828103229979,32.1857353983725],[-94.9934308788955,32.186902366931],[-95.0024027793027,32.1954774370499],[-94.9849312535649,32.1914116427534],[-94.9812840162458,32.1951501131307],[-94.9885481244031,32.1992620312312],[-94.9724039495966,32.207119698178],[-94.966423005578,32.2002537099852],[-94.9679028858708,32.1954865358204],[-94.9556655764687,32.1983918332562],[-94.9659805374387,32.1896944317284],[-94.959677874122,32.1874207135739],[-94.9652319181625,32.1717954592471],[-94.957144572795,32.1790517216421],[-94.9521865325557,32.1763130392296],[-94.9552221658612,32.1719410220634],[-94.9522322742658,32.1698892467095],[-94.9559400288196,32.1677526390116],[-94.9486304754326,32.166165093111],[-94.9427717715871,32.1712932507779],[-94.9438849008638,32.163373235311],[-94.9380716872006,32.1636783793281],[-94.9376289032193,32.1695824717484],[-94.9324872947056,32.169430716002],[-94.9377208269659,32.1748628877286],[-94.9283219246738,32.1773039562305],[-94.9366065877846,32.1868644911975],[-94.9255139117103,32.1851169962027],[-94.9338597372045,32.1940434627045],[-94.9302133646553,32.1968127851689],[-94.9241253096145,32.1941895221304],[-94.9248417082863,32.2055490053364],[-94.9196848469575,32.2014355194163],[-94.9166628781873,32.1885883293831],[-94.9079662835312,32.1952095625148],[-94.9030685069609,32.1896028209585],[-94.8952864602499,32.189451258779],[-94.8944470865798,32.1807911746444],[-94.8851081134796,32.1782350155277],[-94.8915166085038,32.1728188825476],[-94.8888623130049,32.1684077166527],[-94.8960940517132,32.1664938264476],[-94.8947982176889,32.1637473693196],[-94.8820719885129,32.16159487138],[-94.8817516641631,32.1655024069996],[-94.8795695777649,32.1611457844388],[-94.8715890783352,32.1608243307384],[-94.8824987596964,32.1677977584716],[-94.8823926885112,32.1746806568542],[-94.8753575758994,32.1758473810495],[-94.8816744967828,32.1817440788282],[-94.8715275432362,32.1833771415224],[-94.8837345947399,32.1917243653669],[-94.8792334356177,32.2031525009432],[-94.867697588358,32.191137465131],[-94.8637158967273,32.1924637001277],[-94.8651493718564,32.201299024221],[-94.861288847948,32.1974084176074],[-94.8626170630389,32.186901346114],[-94.8562393225086,32.1829573969285],[-94.8593969506404,32.1756637669193],[-94.8546056531957,32.1814691874802],[-94.8470221887219,32.1788451896026],[-94.8481978295783,32.185559564093],[-94.8438182449648,32.1897029599701],[-94.8544989240681,32.1908769415056],[-94.8557352035326,32.1964470560865],[-94.8520269077756,32.199208436535],[-94.8567569917107,32.1989648344689],[-94.8552166138975,32.2032740315956],[-94.8621287448076,32.2048623455654],[-94.8679113588289,32.2153528030114],[-94.8655472589201,32.2196012899456],[-94.8535836356684,32.2207848531898],[-94.8529279030455,32.2288715532887],[-94.857200170776,32.2308711276387],[-94.8415908844594,32.2395754587452],[-94.8421391264475,32.2445653949783],[-94.8657906553536,32.2300459349208],[-94.8673316784747,32.2245302520422],[-94.8756940638212,32.2192891908653],[-94.8575813098578,32.2454424783852],[-94.8506082165574,32.2489668379376],[-94.8629990244493,32.2475560603154],[-94.8669652184995,32.2377898969481],[-94.8782725857009,32.2396512251274],[-94.8862373364921,32.2349829032824],[-94.8874125195294,32.244336675814],[-94.8950425455603,32.2352496530023],[-94.8959421003561,32.2405831924099],[-94.9056766889555,32.2376305266091],[-94.8956211442005,32.248792705986],[-94.9040441695041,32.256398627354],[-94.888541450353,32.2558650764828],[-94.868674896646,32.267285064109],[-94.8579175452692,32.2680554827284],[-94.8615945258566,32.278027253063],[-94.8652570095581,32.2788818657699],[-94.8646618829479,32.2849706553798],[-94.8722303403525,32.2776010560052],[-94.8756942161704,32.28356030946],[-94.8779825795692,32.2795993146662],[-94.8885568846782,32.2819179625598],[-94.8871534430713,32.2869167642191],[-94.8770672068312,32.2901585085141],[-94.8768839021436,32.2962996795539],[-94.8701092235842,32.2918980954323],[-94.856833655962,32.2946304236069],[-94.8562545100446,32.3041580565079],[-94.8494178956879,32.3068126868054],[-94.8477084645432,32.2964301719277],[-94.8420018383441,32.2946596763871],[-94.8371348699908,32.2983448308045],[-94.8294134808284,32.2932036474035],[-94.8237224168786,32.295796168856],[-94.8351967861832,32.3041507083948],[-94.8189314288941,32.2981619525316],[-94.8136510516721,32.3009241712763],[-94.8254470877126,32.3061197871648],[-94.825523462364,32.3101931494179],[-94.8072424210901,32.3108649485681],[-94.8002538569809,32.3058903414185],[-94.7865820097585,32.314984667899],[-94.7752151771102,32.3156325049959],[-94.7924269400864,32.3195004395959],[-94.7979959977802,32.3255199573687],[-94.7906867092463,32.3278248315994],[-94.7782057787332,32.3247503400693],[-94.7824930530792,32.3329521575227],[-94.7717819222755,32.3255666621795],[-94.7677227331807,32.3294197273823],[-94.7518688959696,32.3291604292485],[-94.751609861717,32.3370793799454],[-94.7600928041071,32.3473945908713],[-94.7580026224349,32.348951060182],[-94.7416453100729,32.3389341794645],[-94.7434609350643,32.3307241690929],[-94.735877418722,32.3303341093746],[-94.7365635597749,32.3351491481679],[-94.7274850648098,32.3350498123266],[-94.7215956637146,32.339245744235],[-94.7271493730536,32.3401005494881],[-94.7182077569589,32.3414884493023],[-94.7392344364754,32.3475395931876],[-94.7114481044328,32.3461506752548],[-94.7090064945485,32.3492479283846],[-94.7172920672948,32.3570456387704],[-94.7082746448126,32.3543605367917],[-94.7062451477155,32.3601587313152],[-94.7014993732384,32.3615385275622],[-94.7102422132609,32.3653695919248],[-94.7001566282315,32.3654989419944],[-94.7001572483093,32.372327117432],[-94.693442241259,32.3668876479839],[-94.684638465028,32.3724647763839],[-94.6875527559761,32.3758445350498],[-94.67298063033,32.3740814466863],[-94.669455999995,32.3791316228885],[-94.6645116247088,32.3747219287773],[-94.6577371912202,32.380581652332],[-94.6553573293229,32.3755316053169],[-94.6393657238755,32.3808265127878],[-94.6372598444481,32.3777830531982],[-94.6087263017451,32.3800403534157],[-94.6066969651059,32.373272694971],[-94.6005313232921,32.372358043782],[-94.5955732954757,32.3764322136641],[-94.6067577657945,32.3842895179287],[-94.6270977374433,32.3848473015826],[-94.6323921282114,32.3908750842097],[-94.6397779268473,32.3891427882958],[-94.6383586080858,32.3936207281801],[-94.6567300114138,32.3973977597712],[-94.6634590384561,32.4109318059334],[-94.6342388329179,32.4193924509912],[-94.6189801365975,32.4332258942308],[-94.6050032925479,32.4363386958152],[-94.5904307344699,32.4343914766917],[-94.5897437692516,32.442021122349],[-94.5787582429771,32.4405878100821],[-94.5691900422842,32.4517260020003],[-94.5700138990507,32.4373213360555],[-94.5469581995132,32.4353683695216],[-94.55448112254,32.4519559588063],[-94.5459211154078,32.451497478371],[-94.5489729760412,32.4583867184391],[-94.5463940550526,32.4626897219495],[-94.5401527023007,32.4573494086842],[-94.5373912244292,32.4332479491532],[-94.5125656803478,32.4271598056217],[-94.5152043563157,32.4401906036335],[-94.523611892447,32.448056597672],[-94.5276099837807,32.4462706117694],[-94.5299146387109,32.4511536448965],[-94.5233983938183,32.4514363759811],[-94.5300519114376,32.4649788995813],[-94.5271826991453,32.4750789163996],[-94.5080786051522,32.4497731198685],[-94.4933542340807,32.4568217361022],[-94.4964826617866,32.446493452695],[-94.5013652753602,32.44391339015],[-94.5000218721438,32.4355379012062],[-94.4959484378738,32.4357662445818],[-94.4932938912389,32.4437988225058],[-94.4876015291894,32.4361089057851],[-94.4800027039067,32.4382828888996],[-94.4743727168883,32.4445325694529],[-94.4712293350885,32.4585324191053],[-94.4643170168131,32.4511233502884],[-94.4631573763689,32.4585856199346],[-94.4579380890725,32.4587528408765],[-94.4587476435186,32.4633995559666],[-94.454200044359,32.4584095873803],[-94.450675885073,32.4599500875739],[-94.4527660096568,32.4674725386278],[-94.4600291234277,32.4679385097173],[-94.4589914453225,32.4720657118932],[-94.473258155611,32.4689759477237],[-94.4733810210331,32.4724785009185],[-94.4586402955454,32.4817027118509],[-94.4708633139966,32.4764910054084],[-94.4757460512248,32.4802834568028],[-94.4663155606268,32.4854411436197],[-94.4673232069674,32.4918724710147],[-94.4500807211951,32.4887597150601],[-94.4513614791486,32.4987385760913],[-94.4609144218671,32.5099372705022],[-94.4493016974992,32.5085503972647],[-94.4409859973184,32.5320170469208],[-94.4338595166001,32.532986408297],[-94.4294962352156,32.5416457385666],[-94.42331659372,32.5427284809315],[-94.4218976545413,32.5397472094601],[-94.4340894459359,32.5168575443813],[-94.4210276671588,32.5293017966103],[-94.41274265578,32.5335357417281],[-94.4093540392508,32.5312931139909],[-94.4207227030502,32.5128921316096],[-94.4368356438703,32.5007985522123],[-94.4344852729994,32.4858754894651],[-94.4285801872878,32.4842664658519],[-94.4259718349588,32.4977464932005],[-94.4197912762796,32.4996317577817],[-94.4117198080671,32.4988757338599],[-94.4035261649051,32.4916347754029],[-94.4070967251449,32.5008825407321],[-94.3940192554316,32.4958162235514],[-94.3934094501885,32.4904223161857],[-94.3830179920835,32.4929943208219],[-94.3796458468485,32.4881111326179],[-94.383994888811,32.4826638833983],[-94.3814315744129,32.4750869998681],[-94.3887705337283,32.4718218671139],[-94.3796152585085,32.469807150805],[-94.3813248051152,32.466367507938],[-94.3778755941108,32.4632086738307],[-94.391913897049,32.462361351694],[-94.3740763485482,32.4592408341731],[-94.3689791985657,32.4662917403056],[-94.3759990276251,32.4825420629245],[-94.3700169868579,32.4855168323352],[-94.3675145824821,32.4828690592324],[-94.3628150416349,32.4884928850097],[-94.3684148994314,32.4978533217342],[-94.3767161171484,32.4939552948113],[-94.379493077881,32.4963726920774],[-94.3826059581564,32.5014233322399],[-94.3802100454708,32.507618432664],[-94.3842689049143,32.5098082408891],[-94.3803931374399,32.5161103480598],[-94.3778150100379,32.5131271665105],[-94.3709634018221,32.5149507147312],[-94.3614720078379,32.5074814972761],[-94.3607092545675,32.5128139910285],[-94.3529126400195,32.5116015061197],[-94.3534310947572,32.5175672233262],[-94.3600844243408,32.5199322331206],[-94.350029039416,32.523587103294],[-94.3613657757445,32.5266466267157],[-94.3521794487017,32.5312178195247],[-94.3633647773234,32.5380065293491],[-94.3525618452199,32.5416090057478],[-94.3613500416564,32.5541274898986],[-94.3476477672785,32.5530214188897],[-94.3443367701558,32.54486551814],[-94.3269268321683,32.5536160880493],[-94.3328008591832,32.5409433957116],[-94.3233717297566,32.5368551873547],[-94.3186405548193,32.5300184318092],[-94.3172674553303,32.5352902227282],[-94.3059914045115,32.5400375129236],[-94.3191451978196,32.5445379619944],[-94.3018868475838,32.5465672222984],[-94.3115765019577,32.5546757347951],[-94.2931739433845,32.5534946627445],[-94.2956612775692,32.5595206967345],[-94.2923197260638,32.5672639429431],[-94.3053044271189,32.5617792799112],[-94.3096994119959,32.5663808978982],[-94.3225315841661,32.5684096461095],[-94.3107672911074,32.5736144951399],[-94.3185796344166,32.5756361536303],[-94.3203965310383,32.5808623372448],[-94.3117590336728,32.5846304399581],[-94.3123541029945,32.5894529500873],[-94.3187933655643,32.5914746281233],[-94.3172837498565,32.5991555580487],[-94.3053657522586,32.6061364701817],[-94.309973886808,32.6080368242449],[-94.3076545686245,32.6107840366122],[-94.2993691701129,32.6119208445038],[-94.3011998149272,32.6147879867505],[-94.3109812941245,32.6136585596412],[-94.3022685380965,32.6199002473623],[-94.3113621682144,32.6249054229795],[-94.288459154158,32.6223432580244],[-94.2913577874555,32.6292305690542],[-94.2966687329903,32.6268291264157],[-94.3039170349168,32.6328713479752],[-94.2970342524652,32.6391110865855],[-94.3006821746203,32.64571757038],[-94.3072887867867,32.6444135738442],[-94.3065869121384,32.6480837857316],[-94.3153451013055,32.6539501348215],[-94.2938462121524,32.6599317378083],[-94.2993236627654,32.6653935030477],[-94.296333100856,32.6680275471688],[-94.2840338558484,32.6654175623575],[-94.2812264176485,32.6713224929692],[-94.2748486765142,32.6652269032954],[-94.2786787288329,32.679181236123],[-94.2814098318734,32.6771750679072],[-94.290778360257,32.6825913428538],[-94.2921514915012,32.6751899249983],[-94.3003758321359,32.6790517180327],[-94.2927163094121,32.6916026871611],[-94.3027873004434,32.6881830641078],[-94.3008648626722,32.6931126391152],[-94.290931394472,32.6964160623186],[-94.2940443514716,32.7008406080569],[-94.280494607803,32.706096334551],[-94.3003152922666,32.7173199255604],[-94.3046185277539,32.710157045156],[-94.312247927794,32.7101183344085],[-94.3158033395565,32.7049622869302],[-94.324836620436,32.7092803409315],[-94.3319928627833,32.7044723600869],[-94.3297647119026,32.7025587725647],[-94.3352735358807,32.6967893273544],[-94.3200145725308,32.6814398889465],[-94.3224870213775,32.6764581577015],[-94.3142774170952,32.6704761307105],[-94.3190378102885,32.6689351394427],[-94.3194036059759,32.6591751639944],[-94.3211592123532,32.6644028632999],[-94.3244247827439,32.66400654422],[-94.3259049475037,32.6683165152194],[-94.3219526694548,32.6709489205001],[-94.3245307131954,32.6735359578734],[-94.3322821530552,32.6755570417769],[-94.3368595841457,32.669620472759],[-94.3322525083989,32.6831244152866],[-94.3426580250281,32.6829714658845],[-94.3402472405952,32.6930667216109],[-94.3430398792089,32.6958819465614],[-94.3518136877582,32.6939435011529],[-94.3521802639121,32.686261906693],[-94.3589093160111,32.6863297590681],[-94.3592599768064,32.6817375080975],[-94.3665997304757,32.6851316855517],[-94.3731447812183,32.6790594060665],[-94.3703071669657,32.66941489523],[-94.3628908461051,32.6689493309151],[-94.3675298767322,32.6647692058162],[-94.360953877267,32.6549428169902],[-94.3527902530128,32.6567125073713],[-94.3576427960586,32.6475963741518],[-94.3492199377876,32.644420339705],[-94.3420790634997,32.6486023561782],[-94.3430092568688,32.6338001263801],[-94.3556436197885,32.6369212118628],[-94.3489300321262,32.628185868776],[-94.3529426786891,32.6263026820038],[-94.3518747487057,32.6229673170573],[-94.3376071411855,32.620418319853],[-94.3514169252051,32.6141314833085],[-94.3277962602634,32.6062296053334],[-94.3356236681151,32.6005064629434],[-94.3369052834588,32.6047558656361],[-94.3546976505364,32.6082274886912],[-94.3552622481345,32.600597036763],[-94.34473427894,32.5981107494084],[-94.3459846541597,32.5859509189459],[-94.3517519913274,32.5880255133826],[-94.3531716657787,32.5929625658488],[-94.3563602744522,32.5916497244447],[-94.3565892815438,32.5838441298858],[-94.3612738175324,32.5855153286627],[-94.3629223704811,32.5812728479727],[-94.3587110509355,32.5791981175471],[-94.3621139449026,32.5746741253802],[-94.3554153563623,32.5690973914813],[-94.3586037724538,32.567264378642],[-94.3654544772277,32.5733540844994],[-94.3663554693221,32.5631995186086],[-94.3742131439852,32.5759548175009],[-94.3686896348632,32.5787548888672],[-94.3691632127003,32.585644393164],[-94.3782107519165,32.5796333586395],[-94.3790357436102,32.5707894210815],[-94.3827583052888,32.5784270276734],[-94.3791422099209,32.5868048262126],[-94.3677135388372,32.5927550612124],[-94.3747024058321,32.5959204110813],[-94.3677595658389,32.6021090852509],[-94.3773414508415,32.6027492762394],[-94.365424201783,32.6131174113732],[-94.3785322393166,32.6129665647919],[-94.3647076558893,32.6257445552136],[-94.3723665987809,32.6358008356596],[-94.3817515463922,32.6316798529999],[-94.3743812518231,32.6408512440522],[-94.377234703512,32.6444678551932],[-94.3900223720312,32.643224356426],[-94.3792643828665,32.6514103859355],[-94.3831240539581,32.6541712308889],[-94.3908155388757,32.649763071392],[-94.3842542690899,32.665707218448],[-94.3861465790036,32.6735729935],[-94.3973003973885,32.6703680360237],[-94.3962772800823,32.6738110467979],[-94.416388482973,32.6795775755735],[-94.4416886878437,32.678676284472],[-94.4450749567129,32.6868871011248],[-94.4352024639055,32.6908912124271],[-94.4270541690603,32.6875581384565],[-94.4270393178158,32.6920901114752],[-94.4162972371278,32.689610178674],[-94.4150611845586,32.6970725326569],[-94.4095525140472,32.694027505505],[-94.4077829735154,32.697925912636],[-94.4019394500431,32.697460999744],[-94.4056624945748,32.7042887169482],[-94.3964310187867,32.698544427209],[-94.3916390508555,32.7073171570921],[-94.3870916127961,32.7020297088637],[-94.3815080524268,32.7039764835331],[-94.3836741712442,32.7118346268915],[-94.3775557873346,32.7077004320417],[-94.3659737852174,32.7159460811984],[-94.3665071574375,32.720364892117],[-94.3575208310681,32.7218452120866],[-94.3578413113312,32.72965014228],[-94.3491896978418,32.7337617317514],[-94.305915672957,32.7328310492765],[-94.2937842492254,32.7371640344688],[-94.288123836024,32.7434045607215],[-94.2865821161164,32.753102561533],[-94.3052137022613,32.7611125962871],[-94.304511963543,32.7862449271529],[-94.2961351391112,32.7884035742469],[-94.295737141666,32.7827806592688],[-94.2858801325156,32.7794923917175],[-94.2706220673827,32.7833612126112],[-94.2690654373484,32.7778445493194],[-94.2641670361004,32.7794999603007],[-94.2627784782561,32.7861538769853],[-94.2518228164869,32.7838945843396],[-94.251806957272,32.7724122743854],[-94.2413094085061,32.774341939523],[-94.2418138116128,32.7683762414988],[-94.2316959871746,32.7607169250775],[-94.2224808022595,32.7680394462276],[-94.2265383462964,32.7718932009965],[-94.2150339844386,32.7737548786434],[-94.2130197314677,32.7812705873781],[-94.2008431003071,32.7798597271678],[-94.1960219328585,32.7944168963487]]],[[[-94.3065412221365,33.4282658368806],[-94.297492018945,33.4395335012678],[-94.3016120027088,33.4423039648167],[-94.2979652873356,33.446277759246],[-94.2992624191131,33.45295476545],[-94.2942881921557,33.4550528122482],[-94.2848884932953,33.422978080253],[-94.2787552198931,33.4319955608644],[-94.2708349791799,33.4338800963935],[-94.2638931119336,33.4286623842046],[-94.2630225114595,33.4161426737123],[-94.2588272632758,33.413143801189],[-94.2546755575188,33.4229484038114],[-94.2588727616523,33.4336659276402],[-94.2537150492904,33.4366800255712],[-94.2404696804888,33.4244654657485],[-94.2406232740029,33.4100000651461],[-94.2331160099629,33.4118246457821],[-94.2184831222666,33.4029878636957],[-94.2130809439087,33.4109159242756],[-94.2170016803953,33.4132363913021],[-94.2098152900488,33.4193388130854],[-94.2111123128652,33.4275721726112],[-94.2046277521956,33.4288072326527],[-94.1960825059478,33.4202232002698],[-94.1943739000171,33.4129682290891],[-94.1825180577515,33.4084142244394],[-94.17884088402,33.40128673166],[-94.1669383377603,33.4000359747564],[-94.1648630983679,33.406569083946],[-94.150504161777,33.4139136887545],[-94.140159769674,33.4275788268376],[-94.1320262238507,33.4286556794918],[-94.1251141516388,33.4365278431275],[-94.0980909857027,33.4324919650106],[-94.1009588772216,33.4433410259675],[-94.0974644411009,33.4515974755468],[-94.1077950149141,33.4515442036113],[-94.1053697336048,33.4571576991262],[-94.0879741825725,33.4633066707491],[-94.0782851616033,33.4555801800916],[-94.0717844530711,33.4561808942426],[-94.0595929823898,33.4627036230479],[-94.056037636382,33.4735839028632],[-94.0460119428149,33.4771177078406],[-94.043150054557,33.2029435118276],[-94.0575332499628,33.2057014845708],[-94.0657877380759,33.1963382143729],[-94.0718913859389,33.200939626177],[-94.0675725637038,33.2082268887132],[-94.0788949317032,33.2090266607374],[-94.098609840042,33.2006360355494],[-94.1094583527997,33.2117819424998],[-94.1183239110053,33.2115073928038],[-94.1183536918966,33.2157950342373],[-94.1101301974264,33.2190440886467],[-94.1113502708606,33.2283529063188],[-94.0811375414071,33.236577505818],[-94.0843266022794,33.2441609696029],[-94.0955267116589,33.2466784763531],[-94.0754468012809,33.2531251076952],[-94.0739975911211,33.2599391020693],[-94.0916052016292,33.2605942996347],[-94.1096785707152,33.2668042765477],[-94.1049877905201,33.2643934409292],[-94.1186134635952,33.2603350773394],[-94.127891132984,33.2499358005491],[-94.1266554534281,33.2410776630722],[-94.1312931353295,33.2319074527479],[-94.1361308848037,33.2299925678579],[-94.1333538467508,33.241444420286],[-94.1380532866115,33.2505088487883],[-94.1431796245102,33.2519658524294],[-94.1563021781412,33.2456037242501],[-94.1485969982229,33.2639439845725],[-94.1508102068448,33.2681091798692],[-94.144676048473,33.2689417733959],[-94.1490086402581,33.2729763550382],[-94.1463852477485,33.2777922391777],[-94.1497571360769,33.2822383985992],[-94.1560125915257,33.2791718611779],[-94.1559522228671,33.2714516157865],[-94.1615820865808,33.2669566107898],[-94.1589427847991,33.2612592369218],[-94.1642380458179,33.2565955465007],[-94.174339044816,33.258649360543],[-94.1751931011738,33.2532697178911],[-94.1912603335871,33.2508278033753],[-94.200233588804,33.2538120617754],[-94.2014387513348,33.2434519212532],[-94.2079077180833,33.2502190760096],[-94.2185435579135,33.241284209045],[-94.2127606283493,33.2357220810292],[-94.2243720365789,33.2376453319233],[-94.2401345561171,33.2293757339556],[-94.2496250343465,33.230511012392],[-94.2500986309885,33.2237071275928],[-94.2612381977893,33.2332968755014],[-94.264655877965,33.2115978314286],[-94.2690202367494,33.2115145921379],[-94.274650682607,33.2230263929257],[-94.2848126808928,33.2236447448104],[-94.2806014775137,33.2108128577203],[-94.2842020758028,33.2083245703275],[-94.2897567013507,33.2129796268771],[-94.2968816590495,33.208294195045],[-94.2931741812671,33.1992844378093],[-94.2845986256241,33.1931124411309],[-94.2998113231288,33.1943787458784],[-94.3041148292715,33.1870918834334],[-94.3110114454398,33.1954471271543],[-94.3152686796202,33.18472753212],[-94.3186571749833,33.1969351501185],[-94.330710444228,33.1883896398307],[-94.347343428822,33.1890166114248],[-94.3431156254447,33.1956230623373],[-94.3486249669526,33.2000396598464],[-94.3370124871685,33.199040414612],[-94.3384167492962,33.2024046181707],[-94.3308943687412,33.2074333623434],[-94.3323127983851,33.212856385922],[-94.3276735922492,33.2133469310851],[-94.332328611279,33.2219430667626],[-94.3291551385803,33.223682446307],[-94.3209457784835,33.2144817780382],[-94.3214032600019,33.2196249484003],[-94.3150089839237,33.2216069035293],[-94.3211739745448,33.2242558114343],[-94.3189620106814,33.2275295246267],[-94.3304823287536,33.2284210980742],[-94.3319624293989,33.2332126398858],[-94.3381725877974,33.225674769534],[-94.3465647095833,33.2333957949332],[-94.3501655596549,33.2322801678799],[-94.3490819969791,33.2264593158691],[-94.3426736249156,33.225871861013],[-94.3497993629928,33.2224473211535],[-94.3401412523336,33.2184582168542],[-94.3410260578005,33.211415369519],[-94.3510207193941,33.2155194995494],[-94.3514934396342,33.2208371942307],[-94.3555672992079,33.2193190288655],[-94.3575054602827,33.2157018430568],[-94.352088474728,33.213283426948],[-94.3496933611088,33.2054632706417],[-94.3606033521512,33.2051585781223],[-94.3564978405905,33.2098221058585],[-94.3617322311848,33.2088666867727],[-94.3622657321506,33.2148097006447],[-94.3680493382438,33.2071041385915],[-94.3680954871343,33.1979579934598],[-94.3825149402408,33.2003595250572],[-94.3772202265748,33.1899927069101],[-94.3909371265156,33.1914331419638],[-94.386374915472,33.2044496557679],[-94.3967056759851,33.2086607027771],[-94.3926155059523,33.2012009436286],[-94.3948896696924,33.1970641088553],[-94.3986428377377,33.1985837190042],[-94.400184408935,33.188617509001],[-94.4095224659003,33.1829422382063],[-94.4126354748343,33.1996210283571],[-94.4177467363111,33.2050133610389],[-94.4120866003454,33.2047695531657],[-94.4129867746008,33.2129407572544],[-94.4087591716312,33.2137737241913],[-94.4199748869981,33.2166031944748],[-94.43114494428,33.2085618366752],[-94.4330520150915,33.2027169520211],[-94.4392467282117,33.2068986056753],[-94.4411237479386,33.2166037938803],[-94.4496532968269,33.2169934411555],[-94.4507361106634,33.2225916984311],[-94.458075876955,33.2197853111232],[-94.4541540124471,33.2289698834719],[-94.4602422015742,33.2313737703979],[-94.4720536239753,33.2255610525766],[-94.466361999051,33.229549621872],[-94.4663000829593,33.2361878281159],[-94.4779426000161,33.2332877821354],[-94.4801857575615,33.2271536887278],[-94.4856034139405,33.2301916257466],[-94.4862433855108,33.2258436414415],[-94.4947584185167,33.2248588541041],[-94.4979934782579,33.2215698895311],[-94.4963140736221,33.2132393172357],[-94.5002973581991,33.2153136598121],[-94.5009525821716,33.2121709672196],[-94.5047833640109,33.2192804287484],[-94.5132817892651,33.2168087662209],[-94.5120917489914,33.2200206974539],[-94.5195226770622,33.220417602743],[-94.5239778761623,33.2283231338487],[-94.5381382755167,33.2311224557191],[-94.5347965948455,33.225317184199],[-94.5380323394922,33.2229980972896],[-94.5308599222544,33.221860341493],[-94.5237199437944,33.2116891828504],[-94.5377881947211,33.2133366256053],[-94.5360172339712,33.2086091291906],[-94.5398784933044,33.2064561210706],[-94.5474469134706,33.2166803122353],[-94.5582951616382,33.2180676626942],[-94.5602490642824,33.2102771715617],[-94.5551525202105,33.2118122914722],[-94.555869066946,33.2082560609638],[-94.5500098531142,33.2093401265459],[-94.5481184521263,33.2056938770041],[-94.5510021105216,33.2013832599384],[-94.5573039728744,33.2033824154163],[-94.5568314343553,33.1988728103492],[-94.5435711362253,33.1897249946278],[-94.5631023537519,33.1930363003859],[-94.5692825896197,33.1848043599622],[-94.5746069099682,33.1863600159713],[-94.5762093658488,33.1945767031507],[-94.5678782452572,33.2044875963507],[-94.5755688909631,33.2025335254117],[-94.5759660551113,33.2069912969248],[-94.5781170702191,33.2046864170173],[-94.5822062210963,33.2101326213556],[-94.5677860581103,33.2131247386393],[-94.5672983716791,33.2175335238739],[-94.5732032109575,33.2155351807136],[-94.5774756538349,33.2192723867065],[-94.5801768724835,33.2163900698592],[-94.5839915180077,33.2222429933671],[-94.5757672549218,33.2244919964699],[-94.5836717226712,33.2283052603586],[-94.5872423016164,33.2250189988924],[-94.5932072524341,33.2278793861029],[-94.5869978091658,33.2162686949454],[-94.5942150195417,33.2161982619439],[-94.5910557266649,33.208965606329],[-94.5970068568499,33.2045101249147],[-94.5937572801032,33.2016281183081],[-94.6010662392769,33.1976678778956],[-94.6114873564038,33.2016868790403],[-94.6162186340763,33.2084477247104],[-94.6226725614115,33.2065013179979],[-94.6254953356393,33.2137352048049],[-94.6337050500067,33.2107434745852],[-94.6344983011136,33.2194266557181],[-94.6378242137544,33.2129332312146],[-94.6550521504241,33.2059070734002],[-94.6667247145865,33.2116200402809],[-94.6694562877588,33.2066782328414],[-94.6798168877848,33.2116067819555],[-94.6814803634457,33.2086149808109],[-94.6938093059344,33.2082101130081],[-94.6906196973996,33.2141317279608],[-94.6986310485687,33.2158256870817],[-94.7011643293997,33.2066477343767],[-94.7113715674266,33.2057466438518],[-94.7112956758676,33.2007735786334],[-94.688407049294,33.201968735539],[-94.6773298818849,33.1842395451202],[-94.6970133071308,33.1883890759459],[-94.6913214220968,33.1814703906851],[-94.6934888242632,33.1796164103218],[-94.7075423207426,33.1806225326963],[-94.7104261729812,33.1867653158984],[-94.7177806222974,33.1858868582928],[-94.7206799717669,33.1797980877692],[-94.7263869848569,33.187291241454],[-94.741187995425,33.1880547424501],[-94.7387159212903,33.1916251543386],[-94.7461778236434,33.193601664008],[-94.7437813749269,33.1971186488208],[-94.7527995400721,33.2030849918124],[-94.7506017770266,33.2068213271015],[-94.759437004922,33.2053046329853],[-94.7600477124488,33.209873966272],[-94.7677535651119,33.2098429019895],[-94.7637245130976,33.2178390587855],[-94.7684246355883,33.2176701546204],[-94.7734140432072,33.2140784393997],[-94.7722542670101,33.2049910237055],[-94.7813949871477,33.2047257888709],[-94.7716445404228,33.200656839456],[-94.7686378481848,33.1906245461802],[-94.7681799867487,33.1965141856826],[-94.7587205744132,33.1983918895379],[-94.765495000149,33.1760766284575],[-94.7531802893094,33.1734600108393],[-94.7583531699651,33.1729465432209],[-94.7566756421485,33.1700488262635],[-94.7650214080795,33.1588095764192],[-94.7849808609445,33.1712935048231],[-94.7976148832828,33.1685237689352],[-94.7963479068319,33.174427828962],[-94.8047703579598,33.1767396699781],[-94.7978276339237,33.1777849998614],[-94.8061437870779,33.1824384570443],[-94.8119737419547,33.1624714826519],[-94.8086614228474,33.1601687386621],[-94.8106004342901,33.1441307072463],[-94.8275677701537,33.1441781325615],[-94.8271552834504,33.1477780598311],[-94.8318864449606,33.1457255875123],[-94.8396528077625,33.1492966120767],[-94.8466253269094,33.1558577590493],[-94.8351207325649,33.1601003368691],[-94.8456336112188,33.1655326185147],[-94.8435890931785,33.1613820546041],[-94.8472516726318,33.1601922589053],[-94.8510362670457,33.1673026814346],[-94.8569871013866,33.1682023519728],[-94.8524553339919,33.1572761487574],[-94.8637464878522,33.1473656751262],[-94.8652262324583,33.1331680306855],[-94.8776469438584,33.1429801483648],[-94.8941413276994,33.1355796589954],[-94.8910901908436,33.1398501071186],[-94.8948282289384,33.1438645852463],[-94.8989480567333,33.1374715612757],[-94.9075536446352,33.1346265870391],[-94.9052803642332,33.1245862934904],[-94.9126052983322,33.1271335750852],[-94.9073247329334,33.1209002817438],[-94.9111855711409,33.1067853668131],[-94.9061657879494,33.0999799848675],[-94.9167856016795,33.0829286368058],[-94.9083321493773,33.0778842225334],[-94.9096299640564,33.0655183844075],[-94.9019538922686,33.0629784510014],[-94.9028243749399,33.057301916129],[-94.8898996545881,33.0456125597549],[-94.8903420817064,33.0227335860802],[-94.9020608577593,33.0193390467653],[-94.9054332174463,33.0254709392702],[-94.9157022805325,33.0253561126235],[-94.9188310060128,33.0287444444451],[-94.9204627000733,33.0245572741301],[-94.9245833093516,33.0272503896229],[-94.9272384883212,33.0226405060899],[-94.9309000489447,33.0265475065367],[-94.93627132388,33.0219632237663],[-94.9357521789719,33.027859289447],[-94.9489060496569,33.0202679213913],[-94.9440531974021,33.0276470622247],[-94.9464644334234,33.0288745608417],[-94.9384834625123,33.032230776939],[-94.9378727558468,33.03670274906],[-94.9332351689841,33.0362966369717],[-94.933188382006,33.0409293587022],[-94.9279241395292,33.0437964942077],[-94.9354783912628,33.0483361762672],[-94.9403916052477,33.0446200801395],[-94.9533758227797,33.0473744208829],[-94.9528730648854,33.0417227762019],[-94.963370420485,33.0471390063718],[-94.9625160396779,33.0402873465513],[-94.9708939420918,33.0373279971737],[-94.9721447246756,33.0269599465074],[-94.993080002887,33.019359319916],[-94.9825048017178,33.0315761645645],[-94.9964369619834,33.0345512545742],[-94.9973975615918,33.0383724677202],[-94.9831151099898,33.0356869729644],[-94.9780034749868,33.0426764788281],[-94.9830848000918,33.0411802166923],[-94.9845496811898,33.0432782175783],[-94.9751501909041,33.0475135946729],[-94.9795297760206,33.0527167330677],[-94.9897691878944,33.0503584848352],[-94.970832730353,33.0611169649618],[-94.9924538710878,33.0599951824052],[-94.9928205319567,33.0531282836831],[-95.008689658832,33.0497254408308],[-94.9997020556021,33.0460022868108],[-95.0061872737326,33.0387150823915],[-95.0172338976394,33.0367482236632],[-95.0176005903968,33.0456669546277],[-95.0245437984033,33.034200380586],[-95.0235508235051,33.0282039333967],[-95.0296396841965,33.0256705414943],[-95.028922944378,33.0202993376839],[-95.0410077238789,33.0224889395514],[-95.0337448810251,33.0275018247133],[-95.0369786250144,33.0287214525319],[-95.0318372484339,33.0310729398671],[-95.0325848022044,33.0344371559359],[-95.0413894426188,33.0323766321456],[-95.0403508300328,33.0392577884223],[-95.0458299253269,33.0402715493101],[-95.0498575780345,33.0376481315535],[-95.0458136082351,33.0362660708415],[-95.0476753692294,33.0260065627084],[-95.0545574611059,33.0263790875215],[-95.0524214208921,33.0212608079465],[-95.0611942548787,33.0212590333668],[-95.0598519363563,33.0256767147759],[-95.0671922833017,33.0290728602967],[-95.067542478775,33.0222583110132],[-95.0728069271586,33.0231058388393],[-95.0736768623874,33.0152564370403],[-95.0817490658978,33.0244729835652],[-95.0883863560024,33.0196420473822],[-95.0892409555138,33.0137367939213],[-95.0679701840831,33.0039731744877],[-95.0950241881293,32.9994794780997],[-95.0997690524204,33.0021021992216],[-95.0954349649802,33.0066807978843],[-95.09747972731,33.0102580859666],[-95.1166299349465,33.0014764844652],[-95.1276169713879,33.0065361757082],[-95.1308741492484,33.0034918586819],[-95.1228256744014,32.994382023256],[-95.1279668564051,32.9856400480466],[-95.1225655041057,32.9840595400086],[-95.1237708726557,32.9817030016141],[-95.1363446752321,32.9827845501457],[-95.1434094202966,32.977818704072],[-95.1475446474934,32.9728673215409],[-95.1416391493952,32.9676708225431],[-95.1426920725883,32.9621556041888],[-95.1453771358705,32.9665040332281],[-95.1508250959508,32.9639550158609],[-95.1591712949562,32.9666115887525],[-95.148367838837,32.9524968745237],[-95.1494974269006,32.9473776456783],[-95.1662521232844,32.9536104813328],[-95.1677166746603,32.9498188683462],[-95.1619489313239,32.9439897777115],[-95.1682198842545,32.9429293502206],[-95.1718511345602,32.944004448359],[-95.1724462165006,32.9522599751883],[-95.1761235766937,32.9517263061938],[-95.1746599998127,32.9580425496192],[-95.1801677148401,32.9540006318523],[-95.1800767468235,32.9615143595614],[-95.1743535528981,32.9616056119152],[-95.1756976275357,32.9706004660984],[-95.1791908964772,32.9718510363311],[-95.1835400551426,32.9698241964638],[-95.1818765139509,32.9648949046483],[-95.1877357343931,32.9638342010696],[-95.183540409332,32.9594933979329],[-95.1859818897338,32.9562132458822],[-95.1933207213781,32.9618501287163],[-95.1962507349914,32.9609189871465],[-95.1934881867178,32.9574852798428],[-95.2061379046252,32.9500775780417],[-95.2080144021652,32.9569591595861],[-95.210425631139,32.9502839923232],[-95.2179330822321,32.950588497503],[-95.213736943684,32.9456225673152],[-95.2193830462821,32.9439289422829],[-95.2224953456394,32.9493614435108],[-95.222525860769,32.9426467467572],[-95.2267991099615,32.9406168805566],[-95.2297430073072,32.941174904159],[-95.2284774177167,32.9468660521112],[-95.2369302629246,32.9443482926381],[-95.2321083716663,32.9479880402074],[-95.2536693448143,32.9479272193068],[-95.2382878016857,32.9533496830342],[-95.2421330409058,32.9564250390334],[-95.2300178619825,32.9610259738803],[-95.2328259977266,32.9633078855051],[-95.2231821772273,32.9699597116182],[-95.2247079420663,32.9732787666083],[-95.2397995680465,32.9639555480551],[-95.245322270049,32.9652440852947],[-95.2487413183615,32.9558148404531],[-95.256797360192,32.9568059442829],[-95.2541118073134,32.9632447874321],[-95.2603529590798,32.9587379893029],[-95.2656937252056,32.9606519052163],[-95.263541309896,32.9646286480638],[-95.2685469768916,32.9671834586684],[-95.2515937007483,32.9734152238594],[-95.2385625075636,32.9736072650623],[-95.2326120166875,32.981328297583],[-95.2617257822622,32.9763986891129],[-95.2486039065905,32.9842792392853],[-95.2645640662634,32.9817782411124],[-95.2626722219705,32.9846015770805],[-95.2702715125871,32.9878273013692],[-95.2644274858105,32.9919318782738],[-95.2665789777686,32.9971430225926],[-95.2607645321974,32.9948257231822],[-95.2581254235935,32.9982807532901],[-95.2451250247614,32.9921535450384],[-95.2509076127202,32.9989530616262],[-95.2065038076984,33.0080687700785],[-95.2239148168303,33.0139964930645],[-95.2248457593402,33.0235956226768],[-95.2350386151113,33.015729724017],[-95.2375558843387,33.0194065101958],[-95.2345040513321,33.0262574597509],[-95.241996334805,33.0272411624013],[-95.2439645215933,33.0233203427235],[-95.2513807019468,33.0262409102077],[-95.2531657980564,33.0239303077714],[-95.2466815085624,33.022595021749],[-95.2431099671705,33.0148134653397],[-95.24907656919,33.0136386252021],[-95.2514573986975,33.019895550959],[-95.2522040679122,33.0102206534258],[-95.259529078571,33.0085656488948],[-95.2577737771134,33.005847933246],[-95.2623663433876,33.0010340365606],[-95.2663347705875,33.0023456514733],[-95.2642279815483,33.005696842],[-95.270057389425,33.0044064977808],[-95.2703931411843,33.0140120141124],[-95.273566943322,33.0133398993902],[-95.2722694496583,33.0063224137925],[-95.2794264086671,33.0105631971646],[-95.2732316822567,33.0005467941061],[-95.2774577682584,32.9989734989557],[-95.2752912370139,32.9929089031562],[-95.2796550672813,32.9927642699959],[-95.2729102071307,32.9758812851789],[-95.2843699636224,32.9839606875137],[-95.2869940707982,32.9795814001549],[-95.2918924987781,32.9871258700726],[-95.2888568266829,32.9917955536964],[-95.2910682357115,32.9954501647816],[-95.2940285392463,32.9897505912197],[-95.2978591264236,32.9900190376175],[-95.2976761765313,32.9754448298064],[-95.3006665388188,32.9819691384516],[-95.3161236447658,32.9862338690093],[-95.3143382971423,32.9934753314158],[-95.3191597304998,32.9916666154317],[-95.3215862891157,32.995785985783],[-95.3181217554472,32.997753947492],[-95.3249732547566,33.0016140831453],[-95.3363418018961,32.9808309349221],[-95.3517535530679,32.9880186540979],[-95.3602818174709,32.98767532235],[-95.3625403482051,32.9801450068562],[-95.3580855249133,32.9787422359673],[-95.3611832738218,32.9730415975221],[-95.3545451123617,32.9710202168174],[-95.3635481735544,32.9621250720116],[-95.359656501017,32.9474085536748],[-95.3644018496422,32.9436395668116],[-95.3770363030849,32.9455082363232],[-95.379951560943,32.9352231472131],[-95.3868173439064,32.9328196276727],[-95.3879463055606,32.9209945417234],[-95.3941263861999,32.9183156713052],[-95.3926315303805,32.9112052487696],[-95.3881151058629,32.9103209594799],[-95.3937906470384,32.9042547183435],[-95.3929664286487,32.8963440136143],[-95.4023505178096,32.8932993792929],[-95.4070504593365,32.8780644889118],[-95.4146036205815,32.8762870959495],[-95.4215772604283,32.86298102519],[-95.4151068293551,32.8645209521983],[-95.4180525776898,32.8577851383385],[-95.4109563946584,32.8579525984425],[-95.4115522047512,32.8553653741605],[-95.4255600998986,32.8522844236546],[-95.4267190430173,32.8452724017284],[-95.4381792560983,32.8384839685678],[-95.4509661676345,32.8087206957149],[-95.4628515061743,32.8051960390531],[-95.4664067567113,32.8073465049407],[-95.4624852274701,32.8098424966252],[-95.4651868777783,32.8138392459529],[-95.4852366084522,32.8173108230373],[-95.4882425383978,32.8107427848198],[-95.4835890295263,32.8077979458271],[-95.4834210857385,32.7990151839441],[-95.4891578537852,32.8068372940902],[-95.493873544133,32.8011755206353],[-95.4889448190097,32.7924401198361],[-95.4848247594122,32.7952768419628],[-95.4796678970958,32.7840086179718],[-95.4823065216442,32.7750366988011],[-95.5056075776339,32.7763564812358],[-95.5135567281245,32.7692375934692],[-95.5138926662956,32.7747479018044],[-95.5299302652451,32.7657297372022],[-95.5193089934236,32.7782557705113],[-95.5254591838271,32.7801634799706],[-95.5349344554931,32.7758460117425],[-95.5342631860141,32.7822767133793],[-95.5480115123272,32.7752202196534],[-95.5490031181491,32.7672386560677],[-95.569877350941,32.7637997414644],[-95.5732185936426,32.765034904408],[-95.557425427262,32.7718776871808],[-95.5697856478003,32.7745329820293],[-95.5783922936711,32.7711300038445],[-95.5792459707712,32.774966984429],[-95.5746839908585,32.7804606347305],[-95.5647352907642,32.7800176840398],[-95.5633764558298,32.786517798987],[-95.5788030584249,32.7839853363457],[-95.5832589077245,32.7747092280416],[-95.5799635421215,32.7589539726893],[-95.5846939677881,32.7492722626388],[-95.5892406696191,32.7492414104943],[-95.5873179975297,32.7416189269172],[-95.5907357432517,32.7367145379189],[-95.5752332107633,32.7187713980931],[-95.5731726814828,32.735943992371],[-95.5704874236807,32.7205239650535],[-95.5646887128364,32.725162977396],[-95.5787584279462,32.7054869602253],[-95.5773083070728,32.6974607833418],[-95.5703349248495,32.7002160533459],[-95.5703043434744,32.6916094922582],[-95.5801610488639,32.6784487642529],[-95.5957405356193,32.6787767593656],[-95.6207962989458,32.6637002306335],[-95.618995757407,32.6540805523141],[-95.6310645942744,32.6451398655768],[-95.620979240889,32.6373640713861],[-95.6185068164476,32.6296971103025],[-95.607841014944,32.6304747804004],[-95.6149666238912,32.6116536982352],[-95.6070482598317,32.6015059004784],[-95.5885546561567,32.600620450739],[-95.5804515364222,32.6060853650649],[-95.575049853923,32.6027426520862],[-95.5905676677855,32.5744985574686],[-95.5780254210644,32.5767257792729],[-95.5764389268702,32.5803586104753],[-95.5736913789382,32.5782515770886],[-95.571494091461,32.5449875267249],[-95.5809405035548,32.5452533856716],[-95.581458997658,32.5362430994844],[-95.5899421582732,32.5295760155505],[-95.5876390895404,32.5178878134909],[-95.5931006168081,32.4967241732035],[-95.5971296506876,32.4991047704443],[-95.6001358828437,32.4879957462036],[-95.605917993359,32.489102688848],[-95.6090317240028,32.4824715541345],[-95.6163102453155,32.484136997254],[-95.6189337140228,32.4765363907503],[-95.6650465963115,32.4792387878854],[-95.6758494441971,32.4696698320793],[-95.6856607818743,32.4675185074798],[-95.693840243931,32.4696253340272],[-95.6907722628281,32.4743012693563],[-95.6984786706065,32.4778410217193],[-95.73352842348,32.4426312917829],[-95.7460549993157,32.4407858601132],[-95.760338083066,32.4282586136069],[-95.770743980074,32.4355595268094],[-95.7633888211164,32.4391915775219],[-95.7569805445003,32.4355214949612],[-95.7533333586548,32.4427240016763],[-95.7724075081566,32.4489719782052],[-95.776787093454,32.4569062707072],[-95.7814254995311,32.453358543803],[-95.7894509023592,32.4552893820218],[-95.7948064806051,32.4452490364909],[-95.8005296427334,32.4469116991292],[-95.8111339142068,32.4384896225198],[-95.8006967913287,32.4392219046709],[-95.8115614457046,32.430052093738],[-95.8051680787197,32.4232227063816],[-95.8116216007293,32.4188587085097],[-95.8068773676051,32.4142578717251],[-95.8080367886052,32.4094818007629],[-95.8175425623156,32.4105884142043],[-95.818427303631,32.4054158048029],[-95.8231430196268,32.4034784562818],[-95.8170393651352,32.3987778761612],[-95.8180613716574,32.3884323025482],[-95.8140793189048,32.3899127002543],[-95.8142613770762,32.3837715166295],[-95.807181290883,32.3811999062606],[-95.8118508445247,32.3755307572836],[-95.8053046639304,32.3730665929435],[-95.8016275425494,32.3764924292112],[-95.8025127487909,32.3823979202329],[-95.7966377084124,32.3832607398428],[-95.7946089585168,32.3735784996936],[-95.8020245960667,32.3708621784804],[-95.7997353811742,32.3666959758206],[-95.791831617242,32.3629893127393],[-95.7871171200293,32.3658489188848],[-95.7882147730976,32.3614788834597],[-95.7828285100184,32.3594025140834],[-95.7821271762017,32.3526968887108],[-95.7711413329598,32.356710122301],[-95.7686378894059,32.3472028387348],[-95.8097297108682,32.3241932618219],[-95.8131174569347,32.3240400161286],[-95.8059923702318,32.333066077628],[-95.7950811284152,32.3382240416514],[-95.7990491680471,32.3401389574552],[-95.7971720463471,32.3470969921645],[-95.8099593452649,32.3403140618674],[-95.8116374599612,32.3349577418161],[-95.8137584875457,32.3362024661976],[-95.8084489224716,32.3442358885816],[-95.8141547810406,32.3453178824422],[-95.8183209248961,32.3373616990343],[-95.8246225484173,32.3376429719891],[-95.8242105588694,32.3325393307216],[-95.8296889700407,32.3363315051785],[-95.8428420920339,32.3278708922192],[-95.8198614180282,32.3014194688158],[-95.8204576986433,32.2950483295107],[-95.8144604445317,32.2877024025008],[-95.8186722279515,32.2834750508807],[-95.8195421428241,32.2730765547207],[-95.8128732138675,32.2757307345266],[-95.8160779448241,32.2666833566005],[-95.8105086421897,32.2609456283031],[-95.8174820110927,32.2552542087351],[-95.8097603909905,32.244795047532],[-95.8154223579842,32.2437407695626],[-95.8114388400344,32.2384382560402],[-95.8225625031723,32.2306421969444],[-95.819632843538,32.2246978340815],[-95.8279338938031,32.2173282674528],[-95.828864531275,32.2062430384043],[-95.8397133804901,32.2081423728766],[-95.851950733647,32.2025654512042],[-95.8474196517146,32.1977358825891],[-95.8499365332927,32.1944401119669],[-95.8461837909649,32.1864445423397],[-95.8624029978422,32.1808220199685],[-95.8750837485511,32.1693243023704],[-95.8793859569753,32.1480453579963],[-95.8838574778554,32.1481146943256],[-95.8961402186279,32.1326656021874],[-95.8986892876661,32.1218467163645],[-95.9148176801881,32.1108823833747],[-95.9226909788345,32.0897412074184],[-95.9242781743221,32.0642439314942],[-95.920234275879,32.0555616214228],[-95.9261395290213,32.0533733743687],[-95.9284280797819,32.0436001274414],[-95.9324716614806,32.0424620615361],[-95.9360112653862,32.0209544189866],[-95.9449074423893,32.0159811977956],[-95.9459302098372,32.0075357087315],[-95.9378432512742,32.0036058628062],[-95.9471971277221,31.9919902869219],[-95.9485082263739,31.9814535580711],[-95.9456399478112,31.9824038808213],[-95.9411847366671,31.9737632674549],[-95.9472422941353,31.9735762596283],[-95.9474715405469,31.9668250850891],[-95.9435646810953,31.9538350872002],[-95.9384838660794,31.9565833577667],[-95.9416115386066,31.9456795159538],[-95.9379951716955,31.9426929350934],[-95.9628065329755,31.9189537278142],[-95.9565501289436,31.9158254560301],[-95.9749223752145,31.8857541548832],[-95.9850530614001,31.8554963821838],[-95.9805064875634,31.8278180852604],[-95.9633408901726,31.7850206477292],[-95.9651402960829,31.7805381339235],[-95.9731063368732,31.7780969236109],[-95.9646376270628,31.7528090883307],[-95.9682531798656,31.7477885123224],[-95.9712438264325,31.7498146809655],[-95.9806291094355,31.745011718226],[-95.9787064700155,31.7341134712365],[-95.9826737165908,31.7301185730021],[-95.9839093757733,31.714547957324],[-95.9778367785261,31.7011241249572],[-95.9851453319172,31.6998951999896],[-95.9785232793843,31.6932844009903],[-95.9689404860659,31.7159860194058],[-95.9687570003081,31.7043808827803],[-95.9766003498314,31.6912474586013],[-95.9654766926342,31.6715939512915],[-95.9754102888726,31.6715903838666],[-95.9786753501953,31.6657729375704],[-95.9852972922468,31.668324406263],[-95.9883796422393,31.6637129039605],[-96.0005864998657,31.6669397895179],[-96.0000073145399,31.6528828882307],[-95.9921336865177,31.6591492726337],[-95.9834367812591,31.6529060696197],[-95.9796677932061,31.6317917789933],[-95.9766612320051,31.6449822610516],[-95.9720231675485,31.6402910945945],[-95.9747384955496,31.6376851991101],[-95.9716405452616,31.633202472578],[-95.975867896385,31.6288089131667],[-95.9720068894485,31.6227356013735],[-95.9681316374116,31.6235813044234],[-95.9685435489932,31.6157430446341],[-95.9845953167363,31.6161817822183],[-96.0000069259821,31.6227653619075],[-96.0009835447622,31.6140989805067],[-96.004843790946,31.61728418263],[-96.0184860566217,31.6036921156063],[-96.021354766843,31.6049211173505],[-96.0237341570798,31.5958229851377],[-96.0313790614213,31.6008195153991],[-96.0446087504967,31.5937585767632],[-96.0458904829025,31.5989277922941],[-96.0355761281027,31.6036049146362],[-96.0554420763614,31.602101271355],[-96.0594854333538,31.6049478714267],[-96.0568152403306,31.5934579674443],[-96.0616987245575,31.5827716049888],[-96.0560067437424,31.5824973393124],[-96.0615911887275,31.5746279697267],[-96.0584937403063,31.5646307212241],[-96.0620650485958,31.5619022319656],[-96.0575478828011,31.5596335128725],[-96.0728381468016,31.535038327239],[-96.0719368111942,31.5205229383448],[-96.0818399936567,31.5086759675184],[-96.0848456726243,31.5150649722402],[-96.0905837896542,31.5120136926525],[-96.0932844078391,31.5154167283716],[-96.1045914074799,31.504036754886],[-96.0963812153455,31.5027096812822],[-96.0971294076628,31.4951486304454],[-96.0907976278288,31.4870686206348],[-96.1148608491049,31.4721723904259],[-96.1176067584103,31.460038153117],[-96.1363134784972,31.4382743276885],[-96.1424170351109,31.4247869133479],[-96.150122648509,31.4238098424383],[-96.1553413549131,31.4177711818607],[-96.14672043168,31.4098521547665],[-96.1591407159748,31.4052978651905],[-96.1578436935649,31.4013302896521],[-96.1718519510628,31.3994798511279],[-96.1694561992263,31.3977435233876],[-96.1742785796218,31.3783958821443],[-96.1789313137709,31.380551755221],[-96.176886565368,31.3848937132365],[-96.1891405966831,31.3833743481325],[-96.1999884001533,31.3882650258036],[-96.2005540751239,31.3856901243371],[-96.2027809423487,31.3904663371254],[-96.2052996299053,31.3855484392938],[-96.20941929075,31.3893633811719],[-96.2095253556846,31.3855218327368],[-96.2143175562442,31.3876776921222],[-96.2179028193758,31.3825964315335],[-96.2202678671465,31.3874300709609],[-96.2238533107816,31.3826341095431],[-96.2259904039122,31.3903899294486],[-96.2313455877776,31.3834321594153],[-96.2280502367518,31.3775609008986],[-96.230689834437,31.3756264934491],[-96.2228929496593,31.3721363419531],[-96.2309487969963,31.3554425834341],[-96.2278665682642,31.3428089103801],[-96.231422670305,31.3410545245154],[-96.2307813690739,31.331532608113],[-96.2434002797931,31.3124048338484],[-96.2510908478001,31.3117120860881],[-96.2576666667723,31.3017168187088],[-96.2550576098257,31.2941302580776],[-96.2640458576859,31.2916652407339],[-96.2655108031191,31.2849086275947],[-96.270774252216,31.285859252734],[-96.2631754319892,31.2775545387251],[-96.2675543390971,31.2657676781314],[-96.2777937564068,31.2633679966447],[-96.2772588691203,31.257573648337],[-96.2874975962862,31.2395712744596],[-96.2888404317345,31.246118009061],[-96.2929306338265,31.2456254312928],[-96.2951277961164,31.2310188226475],[-96.3009254355341,31.2252060800679],[-96.2976753100918,31.2220892076436],[-96.2904274153045,31.2258263295533],[-96.2923814212739,31.2166078160088],[-96.3052133023441,31.2083707851969],[-96.3106768999187,31.1942374898251],[-96.3164139068007,31.1943866319381],[-96.3185197085045,31.198586067237],[-96.3270486888573,31.1915254512926],[-96.3270337077678,31.1863650872245],[-96.3308790122032,31.1898288584309],[-96.3290633156291,31.1823630087678],[-96.3510504841984,31.1715366633946],[-96.3579934536829,31.1560903649515],[-96.3547436564236,31.1534932119609],[-96.3620674484812,31.1474549195216],[-96.3562700013767,31.1307393095439],[-96.3641122283937,31.1250468389039],[-96.3722604323631,31.1250888066862],[-96.365684362845,31.1299866784547],[-96.3683848647783,31.13246632771],[-96.3788379622396,31.1281094202034],[-96.3837358649893,31.1158649889397],[-96.3974383525967,31.1122677960838],[-96.3952249112002,31.1046266863975],[-96.4018777052154,31.1069575534319],[-96.4049000148189,31.095849665126],[-96.4144970547445,31.0968717755158],[-96.4233930702968,31.0843599033872],[-96.4207681098704,31.0699511992501],[-96.4317554300564,31.0712713818318],[-96.4282297214737,31.0621926753335],[-96.4384528226272,31.0583995975975],[-96.4372170852894,31.0544370808534],[-96.4461285975159,31.0478295584404],[-96.4733803447115,31.0483630514419],[-96.4782180614585,31.0448281240698],[-96.4942391710225,31.0497224985175],[-96.498619206436,31.0337996744128],[-96.5096363001139,31.0192798404856],[-96.5177837238253,31.0182270712695],[-96.5178291684442,31.0099112984964],[-96.5271524894203,31.0006615778503],[-96.537605341621,30.9979036689318],[-96.5402594306153,30.9910899129034],[-96.5567548199171,30.9814575625774],[-96.5629351773978,30.9714332042975],[-96.5830910118799,30.9672898271283],[-96.5908424695945,30.949761211797],[-96.5954361726679,30.9488991667294],[-96.5966407038137,30.9563414177858],[-96.6095500496309,30.9561540991953],[-96.6049418042379,30.945966133767],[-96.6198351380935,30.9411974235727],[-96.6188889054635,30.9311227753265],[-96.6306526756852,30.9309326441958],[-96.6388779762075,30.9151738275499],[-96.6913981648987,30.8811920476352],[-96.7148513292619,30.8249750271999],[-96.7203439534301,30.8206112106556],[-96.7332384600566,30.8194976537616],[-96.7288127649625,30.8085717160409],[-96.7398910409202,30.8032237502174],[-96.7364422681684,30.8024831583727],[-96.7398146789481,30.8001296970893],[-96.7373421966417,30.7951553413124],[-96.749702036361,30.7934077414116],[-96.7560187500661,30.7990619468153],[-96.7509388317651,30.7884220367293],[-96.7621682365843,30.7905171726843],[-96.7632220050468,30.7847303918717],[-96.7575760441139,30.7842835504321],[-96.7628096534573,30.7816397581332],[-96.7569659813598,30.7807363008392],[-96.7569953749703,30.768768852379],[-96.7683482328587,30.7690851955742],[-96.7646104842823,30.7607923779818],[-96.7715838157492,30.7626661458805],[-96.7773212947897,30.7744458893497],[-96.7823709551765,30.7744304246129],[-96.7849806040411,30.759479852936],[-96.7936624049898,30.7575690717599],[-96.7981340169027,30.7619638169615],[-96.8095163006208,30.7542049512627],[-96.8165359731311,30.7473156082432],[-96.8141859769173,30.7409063513731],[-96.8230668044,30.7348683300388],[-96.8228984547797,30.7282833240482],[-96.8377609878046,30.7248053381481],[-96.8396223548532,30.7118050054834],[-96.8487167523997,30.7093136012411],[-96.8516308864682,30.6771251641832],[-96.9007491493402,30.6531996452167],[-96.9264145358462,30.6119924304441],[-96.9483107147776,30.5642101056121],[-96.9772714471862,30.5411921747127],[-97.0427172896454,30.474255241858],[-97.0540841337232,30.4493492798143],[-97.0854107645503,30.4017263307931],[-97.0795366858879,30.3929947615709],[-97.0868759344394,30.3711436463548],[-97.09717536557,30.3700034900511],[-97.1039499404446,30.3630381002998],[-97.1173175156276,30.3644609929248],[-97.123939418612,30.3480502816531],[-97.1434249829069,30.344566903362],[-97.1444470676949,30.3406114118648],[-97.154213495504,30.337578068294],[-97.1549457510802,30.3298461641359],[-97.1617960240479,30.3260272281588],[-97.1609426626285,30.3082818630865],[-97.1724777143891,30.2944721503797],[-97.1678692952033,30.2875139545158],[-97.175116790267,30.2851222153522],[-97.1727366381597,30.2766623457769],[-97.1859208179821,30.2629023036434],[-97.181327681878,30.2486121558149],[-97.1859822230333,30.2432601254215],[-97.2067482422371,30.2394195700233],[-97.2116006044543,30.2344060966571],[-97.2087328680937,30.2226836116305],[-97.2116776685189,30.2104115021464],[-97.207710905154,30.2013858999622],[-97.2167739927996,30.2033400607917],[-97.220909124389,30.1996510353453],[-97.2101671338163,30.1845942636549],[-97.2154925190463,30.1825035908691],[-97.2248922151048,30.1861694602694],[-97.229255392907,30.1780090763364],[-97.2302471086353,30.1534396385806],[-97.2247392958802,30.1413318602328],[-97.2400592581045,30.1428421277086],[-97.2426829082267,30.1318866082225],[-97.2485736128376,30.1270413688127],[-97.2605051710551,30.125935270801],[-97.268638516762,30.1117977750742],[-97.2608870631022,30.1086966506427],[-97.2690652218762,30.0996560472929],[-97.2666246432887,30.0913664754459],[-97.2722848754645,30.0907601549007],[-97.2661208144184,30.0874187454477],[-97.273674607009,30.0838214433288],[-97.2654946095893,30.0830694517684],[-97.2664410417606,30.0775684141652],[-97.2626719254255,30.0753558835582],[-97.2674783189707,30.067310861251],[-97.2641372447676,30.0623488596503],[-97.2703775444066,30.043068735546],[-97.264274397677,30.0133865668561],[-97.2875599561478,30.001381878871],[-97.3001934686676,30.0065703582407],[-97.3026348462586,30.0003059030032],[-97.2974773137414,29.9860697488581],[-97.3003772170424,29.981403517186],[-97.3065875882701,29.9829338499743],[-97.3109362307515,29.9794547814952],[-97.3076858598527,29.977546690922],[-97.3118974179779,29.9729238212178],[-97.3093489673945,29.9656919399905],[-97.3151628206833,29.9633948011128],[-97.3104776400906,29.9579022225251],[-97.3245771357997,29.9509898587146],[-97.3183512354097,29.9608967911333],[-97.3256461050166,29.9644171951006],[-97.3170247691172,29.9686326819326],[-97.3289722566785,29.9711231881828],[-97.3285445629775,29.9647833009956],[-97.334373828731,29.962426297545],[-97.332359279428,29.9597638471328],[-97.3368299226875,29.9561655899404],[-97.337226389803,29.9474110666587],[-97.3398358201136,29.9499559293051],[-97.3435895418404,29.9460226186827],[-97.3361436009286,29.9417050539611],[-97.3363421570291,29.9325536948246],[-97.3410572670349,29.9357003739944],[-97.347602943295,29.9334493589503],[-97.3567270755092,29.9202474110368],[-97.3598399627167,29.934048471834],[-97.3674085884995,29.9335597590874],[-97.376990736791,29.9280702826092],[-97.3730237611262,29.9229135959501],[-97.3778765492965,29.9138765797245],[-97.380988744614,29.9272809355116],[-97.3827589947442,29.9104469307977],[-97.3889692955555,29.9077382930987],[-97.3905104411079,29.9016008643555],[-97.3923415504973,29.9088986942575],[-97.396934130094,29.9090166692186],[-97.3931960975397,29.9012842365517],[-97.3965831008488,29.8951230591212],[-97.4000013703164,29.8993727006704],[-97.403297940237,29.8869212031081],[-97.4083169874011,29.8930363287638],[-97.4127421846286,29.8817761615509],[-97.4162515058563,29.8832178483799],[-97.4146200428385,29.8878145316929],[-97.4231030045318,29.8845069929023],[-97.4176868440878,29.8742229040525],[-97.4169543804495,29.8662805986929],[-97.4213790364343,29.8597071668019],[-97.4159935098202,29.85588479245],[-97.4195022034972,29.8493244321402],[-97.4319075473442,29.8555755966393],[-97.4295278137376,29.8474847805814],[-97.4336619643141,29.8464050827778],[-97.4287800862641,29.8415453277606],[-97.4438397567872,29.8382153886254],[-97.4472125342024,29.8357129902586],[-97.4444349347532,29.8307724410494],[-97.4524158789359,29.8318138156703],[-97.4482036626965,29.8160870837744],[-97.4669421970988,29.8171666964113],[-97.4608380515749,29.8055199536037],[-97.4554373372688,29.8051303249308],[-97.4567182361633,29.7991069360167],[-97.448738058658,29.7855952647922],[-97.4492411321086,29.7762684979893],[-97.4528126077469,29.7740519926243],[-97.4601973878426,29.7830505371883],[-97.4674454435674,29.7803319959265],[-97.4661178605682,29.7719387646213],[-97.472007815985,29.7704929549857],[-97.4768747786901,29.77477720967],[-97.4767071774705,29.7686045031814],[-97.4647592949253,29.7581761751414],[-97.472999564243,29.7516634210037],[-97.4791789293709,29.7522740638629],[-97.4847334576902,29.7583780015486],[-97.4835592822311,29.7622837825283],[-97.4915852785797,29.76686910369],[-97.4794547816574,29.7455791278043],[-97.4861530470203,29.7374890538808],[-97.5053629712966,29.7396399058972],[-97.5008312300009,29.7319807128992],[-97.5091320416741,29.7298129427248],[-97.5066001209634,29.7196665838241],[-97.5190960000579,29.7176744599552],[-97.5132519853111,29.7098013490458],[-97.5058671158,29.7083516172545],[-97.5083694410351,29.6933951219795],[-97.5195396213598,29.6941075650286],[-97.5266651460098,29.6810882056246],[-97.5334393536308,29.6742522884414],[-97.5397267443764,29.6735389606716],[-97.5409771274807,29.6703190811735],[-97.5355757608299,29.6690762015469],[-97.5305555657004,29.6601646190983],[-97.5427321457163,29.6652648597803],[-97.5442277554266,29.6534082829309],[-97.5522997905059,29.6539888668106],[-97.5515825863484,29.6574293030113],[-97.5566334007905,29.6540996804043],[-97.5549090917064,29.6379401194247],[-97.571677573765,29.6296508822761],[-97.5711904531057,29.6201635020211],[-97.5911327435611,29.5989078411144],[-97.6032182068343,29.5968559432364],[-97.6071553561988,29.6075523957477],[-97.615150977911,29.6033824256292],[-97.6239850004498,29.6059457195209],[-97.6262742023248,29.5913899758124],[-97.6335069485705,29.5922062134246],[-97.6360395515691,29.5807887623449],[-97.6397634036054,29.5837683820812],[-97.6404339946582,29.5804979151931],[-97.6448440505755,29.5815817280746],[-97.6465527328187,29.5746351525698],[-97.6571273864071,29.5790640530847],[-97.6656119790218,29.5777400949037],[-97.671562806826,29.5696533633017],[-97.6722952890321,29.5595745074968],[-97.6807171071572,29.5544824855913],[-97.6819838190936,29.5490268037321],[-97.6899638220314,29.5616694697581],[-97.6919326935163,29.5546616023769],[-97.7009810061888,29.5553331102988],[-97.7044912306331,29.5504761548872],[-97.7050863115839,29.5534444586438],[-97.7135085695725,29.5520071902037],[-97.7133712710917,29.5485771806514],[-97.7170183288207,29.5506412652204],[-97.7247086516298,29.5449230263022],[-97.7286455688297,29.5554475097743],[-97.7359236189037,29.5555694847101],[-97.7378928583977,29.5518229887741],[-97.7336966617288,29.5489090400019],[-97.7487871831622,29.5393648714824],[-97.7502675476927,29.5348253697421],[-97.7459643622977,29.4954879549981],[-97.7485281532179,29.4928174535116],[-97.7623822027897,29.4816857323304],[-97.764808425863,29.4885145650924],[-97.7766954481074,29.4833613111855],[-97.7820817364139,29.4769897709153],[-97.7799152380354,29.4707873032699],[-97.7894053083188,29.4634401558756],[-97.7954334009675,29.4667248109828],[-97.7988204570399,29.4631276698803],[-97.8110275337577,29.4706621526829],[-97.8241812684144,29.4702311108894],[-97.8258130344274,29.4636891823507],[-97.8208546392142,29.4582144943114],[-97.8297812476728,29.4591640485255],[-97.8321768375207,29.4448320356002],[-97.8461990745403,29.425968823732],[-97.8517988611666,29.4277695963581],[-97.855049231306,29.423718510709],[-97.8631672745646,29.4269071324262],[-97.865485973552,29.4219519955425],[-97.8764422677427,29.4197775609449],[-97.8794170615625,29.4148151592849],[-97.8863149156701,29.4157905143563],[-97.8884357104553,29.4206739670341],[-97.8912888139891,29.415939734226],[-97.8966899025874,29.4176306943962],[-97.9150162581191,29.39583288129],[-97.9144969517215,29.3903504771675],[-97.9235459293154,29.38780276857],[-97.9302750904846,29.3719680998188],[-97.9379811823553,29.3743593484105],[-97.9332966985459,29.3664862175004],[-97.9462966183724,29.3653036097284],[-97.9501113870879,29.3696445740929],[-97.9522931501111,29.3641169950891],[-97.9558491291591,29.3686914255849],[-97.9659648626936,29.3580598695375],[-97.9724198552846,29.3600130953246],[-97.9787678394682,29.3542485912183],[-97.9829332287051,29.3385093944592],[-97.9851761931935,29.3450480517069],[-97.989357718032,29.3390886367148],[-97.9930039749572,29.3502390990046],[-98.0000986743334,29.3187572413743],[-98.0164869009008,29.3021280630003],[-98.0342029504355,29.3003892770314],[-98.0385207539899,29.2958573747005],[-98.0555501161109,29.3080372050684],[-98.0799333916208,29.2925961969834],[-98.0816880547575,29.2847443051074],[-98.0856254425969,29.2896087371841],[-98.1032026910529,29.2830479573422],[-98.1100998223045,29.2844088109248],[-98.1117168713549,29.2758145336979],[-98.1258779103674,29.2737284415577],[-98.1328510025492,29.2787556048635],[-98.143440332863,29.2659610983639],[-98.144569908058,29.2704241798446],[-98.1492075591162,29.2671512414934],[-98.1529617206771,29.2704094824051],[-98.1547011256744,29.260723610352],[-98.1591717301834,29.2640390200382],[-98.1718215897494,29.2605712867471],[-98.1774980995386,29.250133867691],[-98.1996843148954,29.2361605078927],[-98.202598391821,29.2278487868061],[-98.2137382030814,29.2213488904361],[-98.2195360490088,29.2113651395306],[-98.2273947866783,29.2104303780857],[-98.2348865791353,29.2002111344135],[-98.3034134517207,29.1858607250177],[-98.3156815538613,29.174191393816],[-98.3333964687412,29.178597397523],[-98.3325272043503,29.173676035034],[-98.3376392068741,29.1752024516863],[-98.3358540853468,29.1709146357959],[-98.3457412943682,29.1695604709667],[-98.3505634754091,29.1626139274231],[-98.3498919426215,29.1739576562333],[-98.3548656272678,29.1709032607577],[-98.3609087206818,29.1731723083613],[-98.3783041930879,29.1660622530002],[-98.3760609458454,29.1620611423781],[-98.3808671202793,29.1549957847033],[-98.398872745697,29.1508605431677],[-98.4001996386694,29.1433498403657],[-98.4158713907124,29.1566928140324],[-98.4175496149777,29.1521040478049],[-98.4448631750001,29.137492979754],[-98.4568705271641,29.1188248340236],[-98.4602434473188,29.1238519968712],[-98.4794547969662,29.1159717047508],[-98.5141987758488,29.1191339183162],[-98.5230180554728,29.1163414412823],[-98.5302362844574,29.1073691544913],[-98.5416494785246,29.1093757158114],[-98.550361292238,29.0993617959982],[-98.5631480764424,29.1015894818884],[-98.5779348601151,29.089706297899],[-98.5918347354361,29.0919272542467],[-98.5985797761662,29.1004841377301],[-98.602349214525,29.097541795055],[-98.60240930412,29.0880894402688],[-98.6189954757421,29.0973933356696],[-98.6331406106788,29.0973138309249],[-98.6709058934842,29.0847742607638],[-98.7032553651977,29.0849189315967],[-98.7186662184822,29.0709041849007],[-98.7262044509816,29.0717696162072],[-98.7358941615651,29.0793276289213],[-98.7710200714551,29.0676964391272],[-98.7807696675458,29.0741045334805],[-98.7922139260345,29.0641708011362],[-98.8004692144475,29.0648585151898],[-98.8080823886973,29.0735702901317],[-98.8707505583984,29.0859532951813],[-98.8572465056743,29.1038712942743],[-98.8739553291704,29.1048937452111],[-98.9021989341875,29.080269913396],[-98.9354631861551,29.0727925581537],[-98.947685856733,29.0773364015912],[-98.9683004293274,29.0756224410091],[-98.9821400921455,29.0827259728305],[-98.9753955235325,29.0886236578681],[-98.9785391641456,29.0895160828657],[-98.9922266124768,29.0891163896091],[-99.0126268542031,29.0795480657312],[-99.0266202783763,29.0777097950272],[-99.042458302549,29.0932124223399],[-99.0669490955114,29.0980378348225],[-99.0791104364677,29.096726211938],[-99.1088027927329,29.081844962218],[-99.1344834003535,29.0774197961602],[-99.1425563527898,29.0888030148153],[-99.1670307972018,29.0971643996348],[-99.1747972370897,29.0897000261633],[-99.1861497393623,29.0865481270165],[-99.2147903869519,29.0868954183645],[-99.2233207538315,29.0788461189656],[-99.2267530359897,29.0852283555707],[-99.2374194306086,29.0895881909304],[-99.2403186890518,29.0812533476514],[-99.2693721253688,29.0795175867034],[-99.2926718903931,29.0596243545763],[-99.3088921747702,29.0668412287838],[-99.3673480696431,29.0694666635939],[-99.3848504084262,29.0668077092315],[-99.3913500273474,29.0633515758955],[-99.3908161199906,29.0580869537552],[-99.394219162783,29.0582208256449],[-99.3960962201511,29.0525866197201],[-99.4173518612904,29.0462693505974],[-99.4350056652766,29.0442287553851],[-99.4556818517131,29.0476533650093],[-99.4821100506328,29.0424119281159],[-99.50614249078,29.0223546431736],[-99.5202259613138,29.0268787450512],[-99.5340813718378,29.0212063894208],[-99.5461199309649,29.0324021878847],[-99.5542534638664,29.0294343477723],[-99.5617606771131,29.0320323845297],[-99.5738906250825,29.0566869312797],[-99.6297991349771,29.0635273370884],[-99.6503838552113,29.0535743850315],[-99.6698691625421,29.0514229189793],[-99.7010732584219,29.0387960583118],[-99.7030424330849,29.0431258101373],[-99.7126542853687,29.0421909386658],[-99.7147607897722,29.0354006213627],[-99.7252036545381,29.0347755722477],[-99.7362301931293,29.0181472142651],[-99.7493821795517,29.0142940265483],[-99.773766441339,28.9912763731396],[-99.8626785563685,28.9836273379266],[-99.9065943071112,28.9839070411571],[-99.9189681012785,28.9815710312088],[-99.9306725667126,28.9705395246874],[-99.9507838077039,28.9754109372227],[-99.9634481256438,28.9683770180939],[-99.9870536222576,28.970462541277],[-100.000893425377,28.9478460069095],[-100.025475572181,28.9395522667612],[-100.032189307793,28.9271855181692],[-100.043038253218,28.9337844202901],[-100.058785315172,28.9338689495613],[-100.067849305481,28.9234241689331],[-100.05857139087,28.911202047871],[-100.060112529463,28.9044349243071],[-100.078987761411,28.8951572094718],[-100.090829169433,28.8758130078106],[-100.108009983005,28.8675204350269],[-100.113442367857,28.848122703081],[-100.128380514777,28.842480503226],[-100.145836303087,28.8255966728004],[-100.146752341466,28.8207780917654],[-100.133858344072,28.8078543788034],[-100.138726067224,28.7953260745273],[-100.134987266377,28.7838026872371],[-100.116448250107,28.7729917051651],[-100.113213040512,28.7644920083863],[-100.103798498662,28.762523982556],[-100.102944086291,28.7507399609982],[-100.096978155146,28.7483332222808],[-100.095803527428,28.7376414597973],[-100.072518083289,28.6996235199573],[-100.063607002434,28.6909493318582],[-100.039345959238,28.6826411158292],[-100.037774310089,28.671437278726],[-100.023873169868,28.6590276532415],[-100.006691568649,28.6538547609368],[-100.004936640072,28.6433378115706],[-99.9955680924389,28.6387828010364],[-99.9916766649618,28.6221580947236],[-99.9793326842205,28.619346792833],[-99.9792565608665,28.6132245829379],[-99.9723894686406,28.609562590998],[-99.9687895916459,28.5973445214678],[-99.9564293790611,28.5978478157787],[-99.9462825739223,28.5863685829177],[-99.9237455040564,28.584324473075],[-99.9194418487457,28.5786332868946],[-99.9111569151323,28.5765840018599],[-99.9063954566049,28.5759352361827],[-99.9012536091686,28.5815277589367],[-99.8984457245351,28.573654459806],[-99.9015421708038,28.5541646184926],[-99.8953633669766,28.5412749700698],[-99.8915799667515,28.5400472525695],[-99.8865596237638,28.5454110697412],[-99.8922661515355,28.5323153098518],[-99.8817525515699,28.5336573387338],[-99.8818286164109,28.5283891156959],[-99.8765640064365,28.5237350711582],[-99.8600697645555,28.5194594039968],[-99.8596119543895,28.5133370859595],[-99.8471297599534,28.5193867139167],[-99.8429638543204,28.5260013265299],[-99.8441560952836,28.5219274019736],[-99.8641134231443,28.4953843252114],[-99.9112325545733,28.4385074934651],[-99.9280642439678,28.4495318514596],[-99.9370048075032,28.4468840469601],[-99.9599852669628,28.4280858799425],[-99.9564913787072,28.422848405515],[-99.9404837463964,28.4207503402097],[-99.9502347551626,28.4156882351447],[-99.9601675958667,28.403756109222],[-99.9653101539209,28.4034849906191],[-99.9795779415463,28.4135519490245],[-99.9836511113315,28.411739375123],[-100.009972405202,28.3836905453686],[-100.020089531722,28.3663146024096],[-100.02489546779,28.3656967588485],[-100.030174799404,28.3297580314697],[-100.03594268303,28.3288460252669],[-100.042671870879,28.314872969711],[-100.051201863813,28.3127948200236],[-100.057961451519,28.3018572489038],[-100.056450357019,28.2947695815182],[-100.049202682102,28.2919780535033],[-100.052407445846,28.2879375611659],[-100.045022304773,28.2787902411848],[-100.04570858012,28.271053762975],[-100.035561949094,28.251854395135],[-100.01337537809,28.2408862438578],[-100.003929803701,28.2263721723558],[-100.030617500955,28.2133716123143],[-100.032173761663,28.1909178345838],[-100.036385093612,28.185554830133],[-100.059364785811,28.181339537005],[-100.058327467978,28.1711576807145],[-100.072274033841,28.166336654412],[-100.065483936012,28.1619341667942],[-100.065789363822,28.1662832212621],[-100.057000040127,28.168766386907],[-100.058510231222,28.1646884952789],[-100.055321770349,28.1630024001105],[-100.051644139483,28.1705900256385],[-100.053886877067,28.1733168054418],[-100.050499950497,28.1724321220049],[-100.05152194481,28.1768306350583],[-100.047783706961,28.1780664635402],[-100.047753151137,28.1754911167124],[-100.036629385649,28.1778794687294],[-100.041970466971,28.1695907094513],[-100.034661023495,28.1701121971483],[-100.032861081808,28.1661229638732],[-100.034310201455,28.1576961842983],[-100.040428656162,28.159015599299],[-100.03560714553,28.1517302080387],[-100.042397255703,28.1505812388127],[-100.035927372808,28.141079568536],[-100.038765559788,28.129147119325],[-100.032600749267,28.1282278107812],[-100.044671180081,28.1128916740699],[-100.0452199191,28.1102524756456],[-100.039116715701,28.1093334819648],[-100.052407115707,28.0883183849951],[-100.054702291935,28.0868432845951],[-100.056511762847,28.0917710530219],[-100.05726090397,28.1050474269834],[-100.068095171234,28.1135984131035],[-100.087104360376,28.1464041642122],[-100.119439780258,28.1550176471829],[-100.141953082675,28.1677025255162],[-100.159570041315,28.1670180879165],[-100.186706136842,28.1857501492644],[-100.21123617544,28.1924670200874],[-100.219841209756,28.2401121684433],[-100.208214615317,28.2728049311109],[-100.217003727956,28.2985304279269],[-100.215218258116,28.3058781810658],[-100.207589122382,28.3121954951401],[-100.213219541459,28.3205529897556],[-100.210229032673,28.3496066122327],[-100.197822935627,28.3542561019907],[-100.198189376319,28.3622095366228],[-100.188804932597,28.3695758253807],[-100.190163277033,28.3743103218711],[-100.178871497182,28.3794061958662],[-100.16877019743,28.4022334531067],[-100.170296271935,28.4086304835461],[-100.175469579032,28.4114384703822],[-100.166924134223,28.4199413475261],[-100.170128458734,28.4255752502112],[-100.16788528255,28.4326938334703],[-100.172142769927,28.4351696240219],[-100.175499760768,28.44818871879],[-100.18436485411,28.4555439750989],[-100.17920774766,28.4587979839989],[-100.185891006458,28.4623384719188],[-100.177269567351,28.46471460502],[-100.183632668835,28.4687157675031],[-100.178398717519,28.4715730055343],[-100.183846154875,28.4745525683019],[-100.17946704695,28.4782604830157],[-100.176064463874,28.5060575293659],[-100.164040304637,28.5115582833101],[-100.156411078754,28.5051651240577],[-100.154930842597,28.510730987933],[-100.142433590845,28.5204163119821],[-100.130074286587,28.5208215602261],[-100.120628584105,28.5137026084583],[-100.119041818685,28.5269972667995],[-100.106666973517,28.5315823238211],[-100.105827676939,28.5268939691884],[-100.097511794977,28.527946809177],[-100.096261256574,28.5154235307662],[-100.088188660112,28.5201913186373],[-100.080514046871,28.5365218484225],[-100.082741378652,28.54262649571],[-100.078347000593,28.5502252898578],[-100.081597074465,28.5557445006748],[-100.071159991265,28.5742190653929],[-100.094322923433,28.5897985829158],[-100.087059804322,28.607670070921],[-100.098412320716,28.6242798094608],[-100.097999982715,28.6329271834237],[-100.092888625678,28.6359493013654],[-100.095253230305,28.6635178036537],[-100.119499756793,28.6850407097513],[-100.127876866475,28.7089432327682],[-100.136284530549,28.7141840610872],[-100.149605442046,28.7410126876613],[-100.169457237897,28.7966813211954],[-100.193520429556,28.8449176406513],[-100.200005687257,28.8703806314035],[-100.207573733053,28.8805508167229],[-100.225380895484,28.9356006392083],[-100.223183435452,28.9562266303766],[-100.19873855416,28.9784049751651],[-100.162193861485,29.0010416458924],[-100.094907559445,29.0334213053658],[-100.048781549104,29.0623702184142],[-100.019423072443,29.0697459729056],[-99.9580315962009,29.0730864043462],[-99.9460692893109,29.0768247720117],[-99.8761220609989,29.1330607672443],[-99.8490076376135,29.1436622654964],[-99.7641834214942,29.1503303711712],[-99.6629419508193,29.1408922405513],[-99.57018323574,29.1392947099204],[-99.4812401267968,29.1507646867564],[-99.4148339130697,29.1538967430923],[-99.3599173012875,29.1641397173469],[-99.3540270546291,29.1690190404826],[-99.2931294841702,29.160739993474],[-99.2725463523112,29.1839878089303],[-99.2717056560947,29.1937944819327],[-99.2793961932163,29.2044838187755],[-99.2725908699237,29.2105142274992],[-99.240852588191,29.2008747180364],[-99.2306445954222,29.19249788759],[-99.2059407366,29.1846702092353],[-99.1902402362828,29.1726240190877],[-99.1847152695911,29.1910102527148],[-99.1716387106369,29.198352754623],[-99.1709676874692,29.2271808212403],[-99.1793752426645,29.2433092073744],[-99.1745385388479,29.2489745292676],[-99.1610651372072,29.2526560836212],[-99.1605606118458,29.2645198609389],[-99.0916829928765,29.2339406305018],[-98.99468280391,29.2642333677116],[-98.9774401635709,29.2539523760805],[-98.9638149089171,29.2380227204431],[-98.9579087266387,29.2377826092962],[-98.7750321033266,29.3104097265647],[-98.7482373469033,29.3150527909011],[-98.7226185660834,29.3288543625029],[-98.6959926173633,29.3247797935668],[-98.6796961629221,29.3061454364486],[-98.6560740855057,29.2927094171666],[-98.6438979959123,29.2791451385444],[-98.6134727693414,29.282982772281],[-98.5747457569832,29.2985423820396],[-98.5521772041536,29.3203135752659],[-98.5111919321416,29.3248106909301],[-98.4960251187315,29.3358230362466],[-98.4706650689154,29.3433876631812],[-98.4517288248188,29.3612865263765],[-98.3985220113668,29.3821843211952],[-98.3690572566151,29.4009711013253],[-98.3595207863998,29.42145593682],[-98.2778558747376,29.4243018747234],[-98.2416760872942,29.4326517588674],[-98.2249533728143,29.4425512707008],[-98.2051164575716,29.4450610239632],[-98.1708601409916,29.4600905977108],[-98.1529931936158,29.4617926233922],[-98.1151357043969,29.4914747542287],[-98.1040116359927,29.5103991988306],[-98.0654988710651,29.5229996920736],[-98.0289687320294,29.5446977435294],[-98.000099528696,29.5474290979615],[-97.9980856180714,29.542596013662],[-97.987969020078,29.5384754250684],[-97.996452458166,29.5339862525961],[-97.9951559200437,29.5310897236295],[-97.9785383428732,29.5358852009608],[-97.9785839825484,29.5406877238338],[-97.9728926721208,29.5413553546348],[-97.952109983206,29.5587930735897],[-97.9515761027533,29.5706986893543],[-97.9379053060457,29.572350513702],[-97.933693587455,29.5771644825591],[-97.9323814110831,29.5869073095021],[-97.9375835369785,29.5968897961361],[-97.9233788154318,29.615990210015],[-97.9247667805139,29.626206156597],[-97.9177324614963,29.6280905501233],[-97.9191978009889,29.6324703412511],[-97.9122692830725,29.6333816507397],[-97.917945928421,29.6353501668023],[-97.9153977048764,29.6421400840025],[-97.8954548205856,29.6575546860076],[-97.8891832679898,29.6521646683998],[-97.8853222489443,29.6685227535027],[-97.8698805110764,29.6708836861825],[-97.8750380439824,29.6789254181949],[-97.8714376968522,29.682125324143],[-97.8683091720467,29.6800580965472],[-97.8699118418014,29.6848945103502],[-97.861412461283,29.6985825840194],[-97.8469464472634,29.707554903292],[-97.8444899402708,29.702446578415],[-97.8336112592348,29.7065050323098],[-97.8317035302692,29.7034458953539],[-97.8061758594169,29.7136735849929],[-97.7999801608833,29.7381869375011],[-97.7791065727997,29.7354703586504],[-97.764213955447,29.7423249416356],[-97.7503288555045,29.7676400358168],[-97.7431109867117,29.7678614695319],[-97.7357405054906,29.7772336298505],[-97.7293166097971,29.7784696388764],[-97.7277451344466,29.7854122793455],[-97.7169882749301,29.7856258484736],[-97.718497678087,29.7897231858404],[-97.7149426671985,29.7926343934996],[-97.7070535037038,29.792290307361],[-97.7054373965339,29.8003782842058],[-97.6924515468167,29.8052535950577],[-97.6894755532486,29.8173642967185],[-97.6830521861283,29.8186008598662],[-97.6835400149651,29.8135044710487],[-97.6774819932335,29.8123297988658],[-97.6807179190868,29.8202899041285],[-97.6760331584915,29.8193284262532],[-97.6825027765893,29.830788530121],[-97.7588572939826,29.7639090875027],[-97.7618640570602,29.7760482536512],[-97.7542189664565,29.7851946056677],[-97.7471086218596,29.7873007298845],[-97.75064918854,29.7907382433362],[-97.7418436255006,29.7975587416753],[-97.7393565444097,29.8076604812955],[-97.7291947008622,29.8152441589212],[-97.7166062471256,29.8173148634283],[-97.7200393292259,29.8312759961948],[-97.7083206828233,29.8573501987516],[-97.700035484969,29.8606151568189],[-97.687828233831,29.8517578584642],[-97.6686943743517,29.8651814086068],[-97.6649704272372,29.873872215913],[-97.6721415795102,29.8774838142641],[-97.6735309055522,29.8844424609682],[-97.6686027042847,29.8880590535883],[-97.6578598368672,29.8868951102067],[-97.6628499360128,29.9002077163026],[-97.6366202608775,29.901318285728],[-97.6290966678324,29.9141744637087],[-97.622490300287,29.9124909237317],[-97.6249309302824,29.9197241597911],[-97.6182632269862,29.9295362129902],[-97.6146168016477,29.9206094370962],[-97.6091691845267,29.9249163818012],[-97.6019979162737,29.9214678877361],[-97.5952831926871,29.9285940594188],[-97.5988235081987,29.9308906359268],[-97.5969780635407,29.9349187728004],[-97.6011278015434,29.9346887393042],[-97.6005779079554,29.9444741144514],[-97.5922473988807,29.949566652597],[-97.5816423659228,29.9490787144259],[-97.5595628504323,30.0201808798383],[-97.5519334828145,30.0211037640019],[-97.5592116355246,30.0305487564374],[-97.5891644269059,30.0165453251544],[-97.633919348648,29.9573407361219],[-97.6479411140716,29.9510243442164],[-97.644630911225,29.9422651239425],[-97.6527634498792,29.9339721068757],[-97.652564815844,29.9200792509021],[-97.6616442711808,29.9234391059712],[-97.6618579754794,29.9138310666104],[-97.6732259619257,29.9031459419638],[-97.6907115008642,29.9059263732054],[-97.6736370041989,29.9245882618256],[-97.6719901812035,29.935189907257],[-97.6529010389576,29.951756246543],[-97.6536942900106,29.9656986050579],[-97.641258883231,29.9805690483247],[-97.6396867244209,29.9875687345091],[-97.6422509679785,29.9877638130595],[-97.6323620039035,29.997677486472],[-97.6368487181781,29.9977886803769],[-97.6358563059679,30.0014050344204],[-97.6181414755188,30.0148586417109],[-97.6179883004999,30.0185821442897],[-97.614020841705,30.0183873822372],[-97.6149976224907,30.0220456264211],[-97.605979980067,30.0283671858004],[-97.60660513295,30.03236863164],[-97.6042712206566,30.0292407403265],[-97.5936046388646,30.0413027379784],[-97.5872582661931,30.0451394026563],[-97.5842967103556,30.0431219181923],[-97.5860525876616,30.0495006325353],[-97.5812146709815,30.0477107369359],[-97.5386118724521,30.0804871473213],[-97.5110698396432,30.0889060304137],[-97.511406720089,30.1015019228364],[-97.5233540208857,30.11571946379],[-97.5257186831074,30.1269800101979],[-97.5288164011024,30.1268390549984],[-97.5249255809871,30.1384972818411],[-97.5151297284053,30.1487129642191],[-97.503593752953,30.1490370182461],[-97.5003743498217,30.1562777317801],[-97.4970779343951,30.1564186494035],[-97.4944838707547,30.1484229047561],[-97.4935378269312,30.1648073127056],[-97.4832070988626,30.174454726893],[-97.4448165538467,30.1891868532874],[-97.4422233168866,30.2008864682558],[-97.4482950234385,30.214127434876],[-97.447029002842,30.2251898197457],[-97.4415515597764,30.2332462941772],[-97.434883559518,30.2333574364646],[-97.4277574075762,30.2392515158551],[-97.4252098628707,30.275917937574],[-97.4222344239471,30.2824708536143],[-97.4113391495443,30.2878278898234],[-97.4207685175414,30.2895820437306],[-97.405342586374,30.3023646340619],[-97.4098744241632,30.3027772039549],[-97.407722280291,30.3099800141391],[-97.4134745907029,30.3069273350994],[-97.4132003247665,30.3120283760004],[-97.4080129801672,30.3159034349803],[-97.4046252916044,30.3141522686078],[-97.4005816063679,30.3200806501821],[-97.4078286625143,30.3246081323526],[-97.3993766242606,30.3251271103533],[-97.3983233211603,30.33221489385],[-97.4016497568976,30.3342751978349],[-97.382499903461,30.3436329331449],[-97.387504847793,30.3478900523275],[-97.3922963904878,30.3456808884819],[-97.3921592092953,30.3519256345059],[-97.3743361774844,30.3549742097546],[-97.3750532924576,30.3602951239917],[-97.3852457689047,30.3618815793279],[-97.3753132041235,30.3669899559648],[-97.3715134497235,30.3776138796811],[-97.3589396165631,30.3838278572507],[-97.3548357880658,30.3913008954165],[-97.3376236769613,30.3883293404747],[-97.3398822097726,30.4045194307254],[-97.3346475542783,30.4045537274705],[-97.3373949742219,30.4152986841142],[-97.3254466287483,30.4252894938023],[-97.3210522303373,30.421768902704],[-97.3128588329891,30.431900617039],[-97.3122021518113,30.4391793825861],[-97.3022540328815,30.4442260616361],[-97.3025584737291,30.4485182197519],[-97.2942888302016,30.4496016855159],[-97.2949898546473,30.4538350173603],[-97.2820052500661,30.4605653726972],[-97.2813335814877,30.4663518445909],[-97.2763596766785,30.4651235523473],[-97.2744821413742,30.4717760107981],[-97.2722243711242,30.4699595789166],[-97.2677689342101,30.4745676875242],[-97.2621844312727,30.4716847133743],[-97.2556069678327,30.4768758588121],[-97.2599262876793,30.480655922804],[-97.2590102820528,30.4853062895339],[-97.2542036679458,30.4840434429168],[-97.2510607951373,30.488472375516],[-97.2458573333228,30.4833539928663],[-97.245093870734,30.4879391987498],[-97.2415081885726,30.4864705114771],[-97.2470933362811,30.4980592986428],[-97.2382280375563,30.4973118551739],[-97.2427599137142,30.5019232862767],[-97.2389904553577,30.5029189512287],[-97.2402114318367,30.5056618156116],[-97.2330397314928,30.5038735191689],[-97.2285692683155,30.5065348989417],[-97.2303843585874,30.5103006021772],[-97.2232898907417,30.5090841809213],[-97.2276845535515,30.5122074919332],[-97.2200996695705,30.5159198855571],[-97.2313615264141,30.5174529013953],[-97.228690921941,30.5228550996509],[-97.2235634479068,30.5201346488633],[-97.2123636555099,30.5273598536971],[-97.2073282724867,30.5183996505508],[-97.2042313093521,30.5206505827742],[-97.1870805620656,30.5460021607867],[-97.1903759135015,30.5543417266545],[-97.187126756153,30.5622067613085],[-97.1749804407888,30.559639975917],[-97.1716992899896,30.5638973338919],[-97.1737595242994,30.5739636020782],[-97.1606821572483,30.5700276403885],[-97.1640853483187,30.5818644751929],[-97.1689380847551,30.5841262713387],[-97.1583634265464,30.5888223227777],[-97.1563333929854,30.600686564835],[-97.1491628473347,30.5998086170467],[-97.1476210182103,30.6059470711133],[-97.143318285619,30.6065992371134],[-97.1386790088659,30.5984927826973],[-97.1332166938267,30.6040166005038],[-97.1379474043165,30.6174470653498],[-97.1344827749377,30.6245657785582],[-97.1257091346085,30.6298805763666],[-97.1255422624037,30.6243866295073],[-97.1181565991338,30.6214450805884],[-97.1164628003282,30.6251762929987],[-97.1046059643085,30.6271293714432],[-97.1148148213134,30.6360059535032],[-97.1114584437923,30.6414085642958],[-97.100638847802,30.6386568681443],[-97.1077654260226,30.6445740307054],[-97.1084214888146,30.6521881471797],[-97.1024393574805,30.6506738723882],[-97.0851664339215,30.6758395654177],[-97.0515208644474,30.7064060833528],[-97.0482096748483,30.7197619349067],[-97.0437243545135,30.7244768000067],[-97.0368266744445,30.7245688195099],[-97.0257942977962,30.7444274449902],[-97.0075610122665,30.7606556712084],[-97.0042183517241,30.768456182213],[-96.9914317940575,30.7737203092572],[-96.9814077389656,30.7985582646774],[-96.9659646532331,30.8043445491232],[-96.9592976095465,30.8238954556386],[-96.9352037619047,30.8427135387438],[-96.9345019844397,30.8766718596323],[-96.9264752271461,30.8953105213686],[-96.9501876677702,30.9159477246343],[-96.9501882232547,30.930317699001],[-96.9427566054754,30.9325229073489],[-96.9455188172366,30.9284450675361],[-96.9333260691074,30.922138753716],[-96.9274366688713,30.9422001869077],[-96.9127423819207,30.9447721461517],[-96.908592334168,30.9530878803408],[-96.9037242239438,30.9511043893864],[-96.9017558297953,30.9565478913935],[-96.8976978921589,30.9543316699059],[-96.8977884742522,30.9619458765954],[-96.8936841300357,30.9657371080462],[-96.8906786648635,30.9638603735067],[-96.8884504045319,30.9717676652204],[-96.8833698337584,30.9657142503265],[-96.8822250848058,30.9763695358173],[-96.8682627700646,30.9801377490725],[-96.8563462187209,30.9934017231322],[-96.8524857149149,30.9934134006342],[-96.8539345823849,30.9896284587107],[-96.8464890481833,30.9920014101887],[-96.8509746407099,31.000863535087],[-96.8427661975495,31.0040946985692],[-96.8399122101073,31.0005318292743],[-96.8359761123657,31.0019014712684],[-96.8348161185429,31.0125662276763],[-96.8313515205004,31.0098047576296],[-96.8151010169079,31.030418755706],[-96.8061449877795,31.0359044639916],[-96.8205639453242,31.0474065601261],[-96.8202745828786,31.0557185007269],[-96.8079448074276,31.0531707482934],[-96.7852406082014,31.0649923838292],[-96.7761911406924,31.079021853125],[-96.7559888359506,31.0939384517129],[-96.7134938408674,31.1698080309682],[-96.7317278285966,31.1529430648755],[-96.7380745811388,31.1518715992654],[-96.7553783585969,31.1617791499466],[-96.7631147453201,31.1457992607941],[-96.7835614265316,31.1386759213429],[-96.7849503979866,31.1422926293714],[-96.7485277701555,31.173230343065],[-96.7331622085363,31.1918846441291],[-96.7075723397077,31.2532858091277],[-96.7014847760985,31.2564248372409],[-96.6979290039437,31.271093355541],[-96.6762919733456,31.2831284250178],[-96.6725081225326,31.2925197341731],[-96.6722025258086,31.273480637824],[-96.6664813185912,31.2693335708399],[-96.661963914359,31.2752812953133],[-96.6679001089108,31.2789695648983],[-96.6667865027086,31.2882014661179],[-96.6527478904999,31.2893570746863],[-96.6438212558552,31.2954647545799],[-96.6448745851497,31.2986237697264],[-96.6385721748985,31.3039330506816],[-96.6409989087103,31.3121426031408],[-96.6443249374609,31.3149612734942],[-96.6479715493669,31.3063182665834],[-96.6519244347539,31.3184284583789],[-96.6373666259015,31.3273823516396],[-96.6396869199996,31.3324372113363],[-96.6349108685451,31.3368926353364],[-96.6332475286332,31.3474402683726],[-96.6245501463213,31.349245054544],[-96.6197436951749,31.3580599084977],[-96.6052320731964,31.3600137350077],[-96.6091233712419,31.3688558206751],[-96.6081613008761,31.3733263536719],[-96.6039499945933,31.3739394359084],[-96.6052470356561,31.3802536718061],[-96.5956799510421,31.3801624331905],[-96.5875619282687,31.3854609526111],[-96.5823749135302,31.412738931304],[-96.5721969096689,31.425484991617],[-96.572441357028,31.4389626056967],[-96.5674965946888,31.4487507493206],[-96.5613019783185,31.4450546668084],[-96.561470244113,31.4508486282762],[-96.5559614513538,31.4527746867072],[-96.5607375360428,31.4592708464932],[-96.5528643730152,31.4564333114601],[-96.5341417812284,31.4730961932696],[-96.5232159781521,31.4759191160624],[-96.5184702939693,31.4847269113235],[-96.5014266753549,31.4987578646878],[-96.4958114432802,31.4975294825808],[-96.4905625633917,31.5022636497467],[-96.4723128062793,31.5062490456515],[-96.4759895806486,31.5159007299681],[-96.465491735467,31.5237628290444],[-96.4654610129311,31.5368935237563],[-96.4607465490079,31.540081881654],[-96.4696269134088,31.5533716804671],[-96.4673684851524,31.5592096042483],[-96.4713367700006,31.5569359365948],[-96.4731976217045,31.5603839209129],[-96.4711380078289,31.5669106040643],[-96.4746631876124,31.5704814346321],[-96.4670936777487,31.5792775462706],[-96.4726336577526,31.5828594152308],[-96.4642716725276,31.5880936057373],[-96.4574358196142,31.6076742677006],[-96.4488910909762,31.6111844337757],[-96.4587013193402,31.6167389352385],[-96.4484168816862,31.6212164110919],[-96.4539564422564,31.6243988449469],[-96.442176632998,31.6289874118773],[-96.4525988209158,31.6342562214756],[-96.4411387427012,31.6432005985513],[-96.4318465953297,31.6386798267502],[-96.4314806251106,31.6430937272504],[-96.4264448428679,31.6441583803052],[-96.4306103307409,31.6605237292148],[-96.4251477185101,31.6635907630148],[-96.429053978243,31.6704906420591],[-96.4179309491846,31.7040340304408],[-96.4127876623809,31.7002802314533],[-96.415259872487,31.6935851339288],[-96.4119795470188,31.6919637623683],[-96.4102554454135,31.6982048555433],[-96.4044109598977,31.6978888020128],[-96.4060891333364,31.707299865997],[-96.4110644509556,31.7050327661809],[-96.4098122494587,31.7116180950816],[-96.399147434648,31.7094996617184],[-96.3992079773659,31.7199903905908],[-96.4032054364526,31.7145665861741],[-96.4058612100221,31.717851530846],[-96.4017407236067,31.7217834160085],[-96.4000316416011,31.7339869819417],[-96.4065779385831,31.7380955131784],[-96.4055704931717,31.7459455405305],[-96.3982314556943,31.7494024538904],[-96.3969341821515,31.742455845681],[-96.3911203494954,31.7398456611522],[-96.3811259142081,31.7551011193353],[-96.382835307087,31.7669806120929],[-96.374320887749,31.7650424705173],[-96.3716047473255,31.777929474123],[-96.3672565619133,31.7753231987742],[-96.3574291272769,31.7776760793316],[-96.3482734709103,31.7717757756627],[-96.3467176932862,31.7811132124125],[-96.3507917984874,31.7838876576002],[-96.351539655655,31.7916929355521],[-96.3552923786845,31.7919398982338],[-96.3378367504283,31.8068055481966],[-96.3296129775616,31.8013700600259],[-96.3252944646489,31.810689917201],[-96.3273691189581,31.8273863462374],[-96.3244096931852,31.8438280059765],[-96.3399277346242,31.8509686338419],[-96.3465340189196,31.8498055674848],[-96.340598448913,31.844495396537],[-96.3522871740397,31.8441593037721],[-96.3565598611647,31.8481416013209],[-96.3559637677886,31.862931068805],[-96.3309857200123,31.867658218291],[-96.3068001607152,31.8657391929445],[-96.3087996596196,31.8743488128595],[-96.3195115511052,31.8726359879142],[-96.325507896605,31.8855180227988],[-96.3211741323295,31.8964443617053],[-96.3242264952978,31.902021651101],[-96.3162919699725,31.900826668408],[-96.3164745138347,31.9111498027884],[-96.3081892698445,31.9116194132233],[-96.3109359469541,31.9213803432368],[-96.3034740771661,31.9197866810936],[-96.3028025618863,31.9058497486291],[-96.2904437429335,31.9186764871427],[-96.2762366396465,31.9129084680069],[-96.2756423067892,31.9186985974899],[-96.2706367234713,31.9207892310941],[-96.2777177144481,31.9264495277344],[-96.2743305049709,31.9365775505931],[-96.2683989424055,31.9382289496384],[-96.2610237625013,31.9344302656006],[-96.2591013691509,31.9455382376714],[-96.2504800656216,31.9457718915896],[-96.2505725108143,31.9500141134532],[-96.2284769874982,31.9739506569955],[-96.2283549035183,31.9779628458631],[-96.2348555601912,31.9823629136235],[-96.2349262845935,32.0010081042924],[-96.2209242805512,32.012517105634],[-96.2075426725586,32.0006843096454],[-96.2046736918129,32.0210395443605],[-96.1975172630661,32.0269061970684],[-96.2014386967803,32.0359621997946],[-96.2000498948564,32.0445372128701],[-96.2055736225998,32.0426688969317],[-96.209022736596,32.0517243190342],[-96.223243531014,32.0580734390937],[-96.2216109968182,32.0615510499366],[-96.2292559855811,32.0658159685992],[-96.2292246888533,32.0705087619309],[-96.2216256816138,32.0698516609934],[-96.2159495333926,32.0757792879871],[-96.2054510230152,32.0767727274097],[-96.1998675797461,32.0879645911312],[-96.1844096807583,32.0863529997406],[-96.1950751284532,32.1152924662865],[-96.1854325153604,32.118512191446],[-96.1668780594497,32.1147202631036],[-96.1786567533195,32.1276450667761],[-96.1695633034082,32.127377355513],[-96.1580419551017,32.1407746788444],[-96.1709367663722,32.1459776745778],[-96.1713181623456,32.1512950908036],[-96.1488109764595,32.1538964390028],[-96.1366503639088,32.149837618258],[-96.1321637794734,32.1565678187523],[-96.1339648699742,32.1692184070628],[-96.1284860908285,32.1747480835221],[-96.0913622312524,32.1873906351691],[-96.0773843179294,32.2005975254322],[-96.0736315767893,32.2175725951853],[-96.0792925253707,32.2287568573453],[-96.0764850549315,32.2338382141746],[-96.0871963089821,32.2347462133521],[-96.088751939845,32.2443665562154],[-96.0770187057496,32.2549487381436],[-96.0712049951213,32.2665371133617],[-96.0735244890422,32.2736411418222],[-96.0796889948021,32.2678349213746],[-96.084251588341,32.2705433458471],[-96.083823901448,32.2850166052193],[-96.0871814158208,32.2875496029738],[-96.072425657957,32.3036165122143],[-96.0736154272737,32.3070506902969],[-96.0639569997029,32.3103235192257],[-96.0656807279361,32.3147932651239],[-96.0782548140225,32.3188601379283],[-96.0806800700688,32.3304252675145],[-96.0675729104565,32.3423201610262],[-96.067985332649,32.3511937569197],[-96.0728074311007,32.3567625686026],[-96.0675116153339,32.369778617797],[-96.0607828852345,32.3676881074115],[-96.060279261976,32.3725481148031],[-96.0530315939098,32.3764626573836],[-96.0532146037301,32.4059272692177],[-96.0248635848162,32.4244285825309],[-96.0351935071943,32.4231079026601],[-96.0363081983202,32.4279751227035],[-96.0314247272668,32.4395645813126],[-96.0246649075745,32.4415329375612],[-96.0277480896814,32.4444712474066],[-96.0252913184581,32.4475989912043],[-96.0316079355098,32.4519250977092],[-96.0279308479526,32.4728445550277],[-96.0220107487713,32.4783075925025],[-96.0139543841099,32.4719130975962],[-96.0068737360021,32.4789706817854],[-96.0127185122243,32.4846086934911],[-96.0166550156034,32.4807952670903],[-96.0240547637283,32.4848382556929],[-96.0191879118248,32.5047197000651],[-96.0299146176101,32.5065516731695],[-96.0349496595532,32.5203666508382],[-96.0298845480031,32.53709953787],[-96.0253678852906,32.534672715095],[-96.0175549739896,32.5400043967935],[-96.0240546698206,32.5388984795813],[-96.0322030421893,32.5434607292287],[-96.0376502932715,32.5561340662413],[-96.0288920846458,32.5603212754763],[-96.0275499520768,32.5508167789315],[-96.0256270877144,32.5547539151274],[-96.0223925305904,32.5525626688814],[-96.0224065829542,32.5603996054816],[-96.0312270567694,32.5741769306577],[-96.0221169946635,32.5716149462034],[-96.0245126111922,32.5759162714891],[-96.0166701439209,32.5762762098455],[-96.0096055213437,32.5713157313981],[-96.0000841597538,32.5755896315062],[-96.0000835488192,32.5954094947989],[-96.0058663696724,32.6075720280156],[-96.0093150899904,32.6085022988639],[-96.012962211154,32.6011411779071],[-96.0214617008059,32.6035890394619],[-96.0216905042046,32.6190922474076],[-96.0292589684608,32.6206795413599],[-96.0185469666955,32.6310937483623],[-96.0232307287654,32.6388374644019],[-96.0115890935494,32.6386612512295],[-96.013587095377,32.6509752500991],[-96.0045854916043,32.6514947639907],[-96.0065842608139,32.655452984232],[-96.0030891405201,32.6600704088579],[-96.0082474345718,32.6672482701658],[-96.0053635696648,32.6728414242847],[-96.0119089305767,32.6756784690257],[-96.0036086494465,32.6893060456908],[-96.001488010207,32.7097139579392],[-95.9817886560368,32.7066911384181],[-95.9775774405917,32.7114462800045],[-95.9708930848704,32.7111784015673],[-95.9723892563206,32.7153520228078],[-95.9671393896386,32.7227527247228],[-95.9593581814966,32.7214640520874],[-95.964256479333,32.7264614078068],[-95.9627763853189,32.7312969052451],[-95.9591596127489,32.7351794218833],[-95.9521866226919,32.7334803206295],[-95.9524609609546,32.7420861787897],[-95.946540823663,32.7426124795174],[-95.9468461164757,32.7489210899252],[-95.9344098063637,32.7499126328287],[-95.9346995249075,32.7562840495617],[-95.9280005825988,32.7588248086705],[-95.9302589529739,32.7645388347226],[-95.9235912303683,32.7642635299569],[-95.918662074419,32.7720066925092],[-95.9107430778145,32.7751898621645],[-95.8907851940212,32.7743185026886],[-95.8831396771177,32.7823761829237],[-95.8723679335432,32.7861068470567],[-95.8673778350078,32.7945896790723],[-95.871466941147,32.7991376578982],[-95.8718335120219,32.8100932164508],[-95.8751752306637,32.8065004562846],[-95.8799204441876,32.8091468541037],[-95.8754951303828,32.8141913984248],[-95.86453928124,32.8152209095304],[-95.8623734982636,32.8061812740369],[-95.8478928575756,32.8036924767892],[-95.8503181198152,32.8114672711702],[-95.8556588654652,32.8130770108827],[-95.8543462520436,32.8402912596243],[-95.8419722092351,32.8809249155699],[-95.8315048668273,32.8840214338366],[-95.8288946179907,32.9115275356739],[-95.810935909684,32.9250854996097],[-95.794287924553,32.9297835766341],[-95.7798684464571,32.9471328693481],[-95.7788762735521,32.9602868228083],[-95.7903514610056,32.9616057725858],[-95.7851788923758,32.9921233274181],[-95.7700579825818,32.9944577831186],[-95.766868181132,33.0016373933803],[-95.7400283327351,33.0018217888309],[-95.7394028330703,33.0145916233989],[-95.7313005906011,33.0173165911781],[-95.7437201272702,33.0210323829168],[-95.7371595866579,33.0332840859018],[-95.7275612560202,33.0356337534456],[-95.7294377980271,33.0377080190377],[-95.723671010831,33.0437666986272],[-95.7366250352376,33.0414167215369],[-95.7274092309887,33.0510227413899],[-95.7268591756125,33.0592089901084],[-95.712257025004,33.073835283544],[-95.7097089183592,33.0889174690379],[-95.7000798987911,33.0983554492952],[-95.6986463726509,33.1061690504429],[-95.6928632167001,33.098378895382],[-95.6832196232533,33.1081586199522],[-95.6756969648084,33.1040611669368],[-95.6737749587947,33.1113636222178],[-95.6629708137758,33.10429125238],[-95.6639478916632,33.116451025163],[-95.659049522673,33.1139123630156],[-95.6561654714222,33.1212279612435],[-95.6509466742278,33.1196556344459],[-95.643882961983,33.1289338326512],[-95.6413945958736,33.1190838182726],[-95.6351240820871,33.1188474231533],[-95.6330334692638,33.1418805729046],[-95.6247786582326,33.1445432686139],[-95.6269905056401,33.1510821442944],[-95.6167829981705,33.1548045701051],[-95.6143103427288,33.1597628041989],[-95.6141730826778,33.1457555866435],[-95.6071089638633,33.1461624860872],[-95.5953136836758,33.1601523169562],[-95.5932230293857,33.1415448303344],[-95.5804514203884,33.1462291072797],[-95.5692062081586,33.1403543907716],[-95.5588147945865,33.1419660020246],[-95.5584483668731,33.13808087923],[-95.5455702459718,33.1289188883704],[-95.5327527842306,33.1319396965205],[-95.539695490271,33.1462916642145],[-95.5438761321698,33.1470762823099],[-95.5444411817707,33.1535315128168],[-95.5315465957085,33.1415083230665],[-95.5291363600428,33.143263315767],[-95.526588271201,33.13364155357],[-95.5217968188787,33.1353797402867],[-95.5169143541164,33.1454668918156],[-95.5120927726712,33.1397134660993],[-95.5182409044249,33.1321223119913],[-95.5094068446929,33.1329019241193],[-95.5101237194735,33.1285372874962],[-95.5059432523939,33.1305511015312],[-95.5031353302482,33.1272781637372],[-95.5026618371254,33.1362119403293],[-95.4983139878519,33.1364573614991],[-95.4932013655702,33.1305350242365],[-95.4732896551235,33.127141415174],[-95.478690265444,33.1189308114622],[-95.4877702372381,33.1163823355778],[-95.4876164547295,33.1038567283737],[-95.4738536058958,33.1067173156652],[-95.4741434277615,33.1013381504533],[-95.4711376649346,33.1010402329007],[-95.4625627936194,33.1048398904047],[-95.4643782201459,33.1157362157704],[-95.453512984073,33.1141416380169],[-95.4453201526249,33.100826671239],[-95.4535901960451,33.0951962973511],[-95.4454411987612,33.091221741104],[-95.4290695586649,33.0995990114694],[-95.4264145984074,33.1058776609169],[-95.4215769525755,33.102812291462],[-95.4248580917763,33.1153376344552],[-95.4341042265236,33.1236017869182],[-95.4233162876753,33.1192518346639],[-95.4182970276864,33.1207625747102],[-95.4205093010819,33.1251894497989],[-95.4085770518888,33.1274394008053],[-95.4107889323219,33.1319771412817],[-95.4290534562036,33.1291689597203],[-95.4309453930391,33.1441242543828],[-95.4247198085293,33.1460531516673],[-95.4170147683608,33.1425139602196],[-95.3990556274037,33.1498922110385],[-95.3852762877349,33.1493650915336],[-95.3741069272849,33.140676291873],[-95.3623574348618,33.1423455806576],[-95.3630899037388,33.1350072796159],[-95.3680040404047,33.1326497863846],[-95.3631363354901,33.1276368109719],[-95.3581763982098,33.1287350180469],[-95.3553997868728,33.1355875932742],[-95.3465498749075,33.1393238064079],[-95.3518900333598,33.1408437264664],[-95.3507149748773,33.1458942438046],[-95.3431619816035,33.1501269116475],[-95.3469314139772,33.1537910720907],[-95.3444287969819,33.1580635328006],[-95.3498460338812,33.1624954209717],[-95.3414990414932,33.1644493316292],[-95.3397290808493,33.161731564177],[-95.3391336578033,33.1685457786209],[-95.333777853548,33.1672564730324],[-95.3305130707763,33.1736583876584],[-95.3239818837881,33.1680879245307],[-95.3271096724253,33.1640967944236],[-95.3199691335538,33.1620305608122],[-95.3245001315359,33.1568726354224],[-95.3183052568142,33.151135203861],[-95.304542357361,33.167013156462],[-95.3026190855126,33.1570856061534],[-95.298331817577,33.1538908359048],[-95.3033829161605,33.1474664053491],[-95.2973554805561,33.1431563505443],[-95.3050760425812,33.1310865849673],[-95.2936161582815,33.1365801001617],[-95.2601698399286,33.1338707667995],[-95.257529343971,33.138196673361],[-95.2731854316769,33.1404227459598],[-95.2795639721396,33.1364410480229],[-95.2857736921687,33.1430396920504],[-95.2845689811788,33.1543254137171],[-95.2722698134047,33.1526238152623],[-95.277228293344,33.1583213439935],[-95.2743755899718,33.1622523449303],[-95.2786783415742,33.1629910791746],[-95.2780068671125,33.1698657065073],[-95.2615738648275,33.1727949781057],[-95.2567970961952,33.1661724824972],[-95.2562626537425,33.1733830280836],[-95.243384701268,33.1665928790186],[-95.2389452180446,33.1564826882394],[-95.2303998438487,33.1513416022663],[-95.2317734859112,33.1553843711301],[-95.2263715643142,33.1544832563641],[-95.233588614323,33.1606181749007],[-95.2285232966099,33.1632036759988],[-95.230567703803,33.1701473679651],[-95.2372959365483,33.1688580817655],[-95.2529973222177,33.1765800948408],[-95.2537614371113,33.1807982325642],[-95.2337259007836,33.1813174049238],[-95.2406837876386,33.1879710620386],[-95.2315446796067,33.1917016876903],[-95.2178875996808,33.1903504535391],[-95.2179325472166,33.1829199967843],[-95.2122877349927,33.1833405098834],[-95.214301749102,33.1884585768841],[-95.2104718260607,33.1882298657073],[-95.2087468856418,33.1973469598568],[-95.2022931517025,33.1953784883933],[-95.2014083061666,33.1878406568124],[-95.1969980629096,33.1892738540676],[-95.1948158613149,33.1960579193364],[-95.1851116661869,33.1951030225315],[-95.1816780749721,33.2007044353619],[-95.1761544698615,33.1970028036611],[-95.1738357189434,33.2047012300419],[-95.1775432025414,33.208882058437],[-95.1623760084274,33.2145821165385],[-95.1339331320753,33.2361873738729],[-95.1400676071817,33.2435953006013],[-95.1356267639771,33.2465178692282],[-95.1362525041885,33.2510794871285],[-95.1246407801016,33.2569553077644],[-95.1239238396631,33.2627992571364],[-95.1099316012024,33.2555519765614],[-95.1176523064001,33.2553381486697],[-95.1164320582142,33.2490053961982],[-95.1224590670734,33.2425211455995],[-95.1086343080375,33.2441297446852],[-95.1048958312646,33.237836450512],[-95.0944896821331,33.2390024007673],[-95.0868294873907,33.2341801947602],[-95.0862039548458,33.2375678628968],[-95.081489393563,33.2369973753031],[-95.0833201288683,33.2438403826032],[-95.0794145218433,33.2431463973786],[-95.0787733181651,33.2493874262521],[-95.072104472344,33.254163401305],[-95.0687175006579,33.2475184145505],[-95.0632857800938,33.2494783887707],[-95.0578071094353,33.2442290313075],[-95.0540693430677,33.252911645171],[-95.0474007934698,33.253743205665],[-95.0567854522293,33.259739697273],[-95.0572890882311,33.2644779810687],[-95.0406562447259,33.2618388154637],[-95.0326461192895,33.2644539951869],[-95.0248328412176,33.2702148532652],[-95.0224989932916,33.2803076700957],[-95.0182256032323,33.2780727389793],[-95.0082474510285,33.2817508483504],[-95.0098638676135,33.2765786713131],[-95.0206064963963,33.27049679164],[-95.0031504604229,33.258878861799],[-94.9961312580662,33.2675980046246],[-94.991920176427,33.2611365288253],[-94.9894631800538,33.2687125613007],[-94.9876937616207,33.2647889342396],[-94.98189554757,33.2652639701429],[-94.9853124557149,33.2770578631756],[-94.9787980879064,33.2757620994282],[-94.9789956503796,33.2715360322951],[-94.9736244007246,33.2687356720714],[-94.9764319820394,33.2806613202816],[-94.9674902951454,33.2724739037954],[-94.9686653860363,33.269429735045],[-94.9613719367415,33.2702602506698],[-94.963019696548,33.2746484928714],[-94.9580151917914,33.2779063923264],[-94.9695969552223,33.2881127249742],[-94.963538023686,33.2971097345199],[-94.9640265693338,33.3059118843614],[-94.9578926374988,33.3068442521224],[-94.9609898720729,33.3121296105409],[-94.9785528052229,33.3205455633041],[-95.0482703854407,33.3358595347623],[-95.0610112540139,33.3419766084836],[-95.0576085925744,33.3538018946295],[-95.0447619570072,33.3569989294604],[-95.0390999116892,33.3538710510399],[-95.0281297204814,33.3592193071152],[-95.0301735995157,33.36645349152],[-95.009879525935,33.3744319463274],[-95.000266330727,33.3714645460378],[-94.9782943097206,33.3736759872683],[-94.9666976561519,33.3624395052703],[-94.9548252847532,33.3673903393672],[-94.9547037747094,33.3720754616575],[-94.9426793826365,33.3680477059674],[-94.932547565366,33.3750891083577],[-94.9239424420997,33.3713571744129],[-94.9175182431351,33.3753858401291],[-94.8975749782088,33.3712753484282],[-94.8843152874942,33.3759425423429],[-94.874442826576,33.3653000258114],[-94.8690720740189,33.3711367166071],[-94.8618231079823,33.3663066139488],[-94.848029607599,33.3660639612639],[-94.8422318447763,33.3625232658859],[-94.8453140916784,33.3588848799217],[-94.8411170426356,33.3524747276613],[-94.8156959214214,33.3521862488743],[-94.7623514993784,33.3608212514141],[-94.7530126943395,33.367552136666],[-94.7489854918787,33.3677114410362],[-94.7453526608465,33.3616222126475],[-94.7316666321007,33.3745236872938],[-94.7266158681781,33.3703432532825],[-94.7043833941076,33.3685656420741],[-94.6969679941215,33.3606912605296],[-94.686682751025,33.377721659578],[-94.6815568188951,33.3725104567514],[-94.6715928228245,33.3777586087152],[-94.6692733548917,33.373945073607],[-94.6528088354452,33.3739366291099],[-94.6486431997927,33.3631099105221],[-94.6445235721294,33.3619515292943],[-94.6364819952277,33.368145306681],[-94.6400222584419,33.3723413673122],[-94.6386020937672,33.3795061578762],[-94.6333082967827,33.3814985261539],[-94.6295851996215,33.3738767973921],[-94.6177747443627,33.3694128906628],[-94.6077183092043,33.3946051772314],[-94.5898208395008,33.3955134360248],[-94.5862036597079,33.390119651426],[-94.5682288920601,33.3951382344711],[-94.5644458395502,33.3931697821208],[-94.5672836522996,33.3903489179113],[-94.5470804369357,33.3934975790169],[-94.5454322062574,33.3863659047491],[-94.5314101171441,33.3911182148938],[-94.5263597462594,33.3803521936526],[-94.5190501417205,33.3800788313465],[-94.5213999186718,33.3766227366007],[-94.4977482412136,33.3759128108172],[-94.5053167314924,33.3689243047707],[-94.5021432379626,33.3662075642024],[-94.4877540504267,33.3745627824235],[-94.4707710251958,33.3766535904543],[-94.470343466935,33.3810009040367],[-94.4574350958525,33.3870510876462],[-94.4566569359168,33.396778281941],[-94.4440074951967,33.3969936390754],[-94.4403297789954,33.3916449578164],[-94.4248423575172,33.3882785294119],[-94.4180820786948,33.382046035667],[-94.409033487831,33.3854344722912],[-94.4107586090857,33.3926822893372],[-94.4218978081477,33.3991140674102],[-94.421623032665,33.4059198873868],[-94.4309152768633,33.4113967956751],[-94.428062729162,33.4201637320899],[-94.4367131559612,33.4239247570535],[-94.4257426179879,33.4384201592657],[-94.418006577989,33.4374521465645],[-94.413947471702,33.4287916813453],[-94.4007187108423,33.4258698690248],[-94.3928449271941,33.4114053708429],[-94.3882815986982,33.4138916014302],[-94.3851534822189,33.4274723446294],[-94.3698035457165,33.4370782558174],[-94.3596257664234,33.4382365350252],[-94.3499058277982,33.4232146531641],[-94.3550486047292,33.4184311686259],[-94.3552774961492,33.4080784405362],[-94.3526066974801,33.4073526613383],[-94.3502884682068,33.414173740526],[-94.3439860121715,33.4056969671436],[-94.3410717025017,33.4147016023136],[-94.3351358810885,33.4155405044719],[-94.3294143387776,33.4114646964423],[-94.3319777888334,33.408414166388],[-94.3276592816771,33.4070711770149],[-94.3222272626401,33.3960156700434],[-94.3152226405886,33.392636441335],[-94.3134231327314,33.404316190902],[-94.3055646334167,33.4108850168243],[-94.3118820126389,33.4146768677434],[-94.3065412221365,33.4282658368806]],[[-98.3185815167433,29.354859429701],[-98.3895796717303,29.356324294589],[-98.438591921207,29.3383103258566],[-98.5484847260435,29.2884225720556],[-98.5293660659349,29.2757424544067],[-98.4967429150082,29.2744107954618],[-98.4190910325587,29.3035624728339],[-98.373879034622,29.3314637206269],[-98.3460617549006,29.3354036320275],[-98.3327720193296,29.3411794525621],[-98.3257367462894,29.3534587749912],[-98.3199388032653,29.3484958251884],[-98.3145826451792,29.3551602699438],[-98.3185815167433,29.354859429701]]]]}},{"type":"Feature","properties":{"name":"Carrizo\u2013Wilcox Aquifer","state":"Texas","country":"United States","extent_type":"Mapped confined / subcrop extent","component":"Carrizo\u2013Wilcox","precision":"Official mapped boundary","source":"Texas Water Development Board","source_url":"https://www.twdb.texas.gov/groundwater/aquifer/majors/carrizo-wilcox.asp"},"geometry":{"type":"Polygon","coordinates":[[[-94.1049877905201,33.2643934409292],[-94.1096785707152,33.2668042765477],[-94.0916052016292,33.2605942996347],[-94.0757817329394,33.2618144373141],[-94.0747750222621,33.2539335651985],[-94.0955267116589,33.2466784763531],[-94.0843266022794,33.2441609696029],[-94.0811375414071,33.236577505818],[-94.1113502708606,33.2283529063188],[-94.1101301974264,33.2190440886467],[-94.1183536918966,33.2157950342373],[-94.1183239110053,33.2115073928038],[-94.1094583527997,33.2117819424998],[-94.098609840042,33.2006360355494],[-94.0788949317032,33.2090266607374],[-94.0675725637038,33.2082268887132],[-94.0718913859389,33.200939626177],[-94.0657877380759,33.1963382143729],[-94.0575332499628,33.2057014845708],[-94.043150054557,33.2029435118276],[-94.0439118120727,32.8394309108076],[-94.0552132440523,32.8254987132573],[-94.0623848477914,32.8232846521607],[-94.0662457894345,32.8143518696268],[-94.0622471877048,32.8118729299158],[-94.0642312776297,32.7997715388621],[-94.0568762085294,32.798420052261],[-94.0589674222948,32.790342106718],[-94.0533371387722,32.788426442913],[-94.052207440115,32.7838860504387],[-94.046469420367,32.7846122300877],[-94.0485751629237,32.7761268046061],[-94.0554111714686,32.7813766659431],[-94.0624303479708,32.7803690521952],[-94.0608444991288,32.7843835503829],[-94.0660770698776,32.7854362353351],[-94.0794138257709,32.7743497920013],[-94.0851358127227,32.7738612138626],[-94.0895908439614,32.780361825033],[-94.0887366893063,32.788440660676],[-94.0920484935195,32.7917822382652],[-94.0956799691716,32.787724074988],[-94.0963969227008,32.7940409243301],[-94.1027290239537,32.7942314671728],[-94.1028213091854,32.8029001839746],[-94.1167209399948,32.8014566186334],[-94.1124031426045,32.8072324833916],[-94.1147686754937,32.8103374527152],[-94.1283327094304,32.8056223108265],[-94.1467359138696,32.8169901482845],[-94.1469034370957,32.8107959324893],[-94.1511295299676,32.8098270480074],[-94.1557230591159,32.8172503816752],[-94.1593090505864,32.8092244758654],[-94.1647409071704,32.8138932818275],[-94.1768565572598,32.8129562427316],[-94.1784743881674,32.8186384737772],[-94.1877204318757,32.8219890130502],[-94.1973331496912,32.8188065003832],[-94.1892307517738,32.8031731759757],[-94.1919317568101,32.7950935793152],[-94.1975169878285,32.7942480115424],[-94.1952129919668,32.7921196938656],[-94.2002936514081,32.7804312404452],[-94.2130197314677,32.7812705873781],[-94.2150339844386,32.7737548786434],[-94.2265383462964,32.7718932009965],[-94.2224808022595,32.7680394462276],[-94.2316959871746,32.7607169250775],[-94.2418138116128,32.7683762414988],[-94.2413094085061,32.774341939523],[-94.251806957272,32.7724122743854],[-94.2518228164869,32.7838945843396],[-94.2627784782561,32.7861538769853],[-94.2641670361004,32.7794999603007],[-94.2690654373484,32.7778445493194],[-94.2706220673827,32.7833612126112],[-94.2858801325156,32.7794923917175],[-94.295737141666,32.7827806592688],[-94.2961351391112,32.7884035742469],[-94.304511963543,32.7862449271529],[-94.3052137022613,32.7611125962871],[-94.2865821161164,32.753102561533],[-94.288123836024,32.7434045607215],[-94.2937842492254,32.7371640344688],[-94.305915672957,32.7328310492765],[-94.3491896978418,32.7337617317514],[-94.3578413113312,32.72965014228],[-94.3575208310681,32.7218452120866],[-94.3665071574375,32.720364892117],[-94.3659737852174,32.7159460811984],[-94.3775557873346,32.7077004320417],[-94.3836741712442,32.7118346268915],[-94.3815080524268,32.7039764835331],[-94.3870916127961,32.7020297088637],[-94.3916390508555,32.7073171570921],[-94.3964310187867,32.698544427209],[-94.4056624945748,32.7042887169482],[-94.4019394500431,32.697460999744],[-94.4077829735154,32.697925912636],[-94.4095525140472,32.694027505505],[-94.4150611845586,32.6970725326569],[-94.4162972371278,32.689610178674],[-94.4270393178158,32.6920901114752],[-94.4270541690603,32.6875581384565],[-94.4352024639055,32.6908912124271],[-94.4450749567129,32.6868871011248],[-94.4416886878437,32.678676284472],[-94.416388482973,32.6795775755735],[-94.3962772800823,32.6738110467979],[-94.3973003973885,32.6703680360237],[-94.3861465790036,32.6735729935],[-94.3842542690899,32.665707218448],[-94.3908155388757,32.649763071392],[-94.3831240539581,32.6541712308889],[-94.3792643828665,32.6514103859355],[-94.3900223720312,32.643224356426],[-94.377234703512,32.6444678551932],[-94.3743812518231,32.6408512440522],[-94.3817515463922,32.6316798529999],[-94.3723665987809,32.6358008356596],[-94.3647076558893,32.6257445552136],[-94.3785322393166,32.6129665647919],[-94.365424201783,32.6131174113732],[-94.3773414508415,32.6027492762394],[-94.3677595658389,32.6021090852509],[-94.3747024058321,32.5959204110813],[-94.3677135388372,32.5927550612124],[-94.3791422099209,32.5868048262126],[-94.3827583052888,32.5784270276734],[-94.3790357436102,32.5707894210815],[-94.3782107519165,32.5796333586395],[-94.3691632127003,32.585644393164],[-94.3686896348632,32.5787548888672],[-94.3742131439852,32.5759548175009],[-94.3663554693221,32.5631995186086],[-94.3654544772277,32.5733540844994],[-94.3586037724538,32.567264378642],[-94.3554153563623,32.5690973914813],[-94.3621139449026,32.5746741253802],[-94.3587110509355,32.5791981175471],[-94.3629223704811,32.5812728479727],[-94.3612738175324,32.5855153286627],[-94.3565892815438,32.5838441298858],[-94.3563602744522,32.5916497244447],[-94.3531716657787,32.5929625658488],[-94.3517519913274,32.5880255133826],[-94.3459846541597,32.5859509189459],[-94.34473427894,32.5981107494084],[-94.3552622481345,32.600597036763],[-94.3546976505364,32.6082274886912],[-94.3369052834588,32.6047558656361],[-94.3356236681151,32.6005064629434],[-94.3277962602634,32.6062296053334],[-94.3514169252051,32.6141314833085],[-94.3376071411855,32.620418319853],[-94.3518747487057,32.6229673170573],[-94.3529426786891,32.6263026820038],[-94.3489300321262,32.628185868776],[-94.3556436197885,32.6369212118628],[-94.3430092568688,32.6338001263801],[-94.3420790634997,32.6486023561782],[-94.3492199377876,32.644420339705],[-94.3576427960586,32.6475963741518],[-94.3527902530128,32.6567125073713],[-94.360953877267,32.6549428169902],[-94.3675298767322,32.6647692058162],[-94.3628908461051,32.6689493309151],[-94.3703071669657,32.66941489523],[-94.3731447812183,32.6790594060665],[-94.3665997304757,32.6851316855517],[-94.3592599768064,32.6817375080975],[-94.3589093160111,32.6863297590681],[-94.3521802639121,32.686261906693],[-94.3518136877582,32.6939435011529],[-94.3430398792089,32.6958819465614],[-94.3402472405952,32.6930667216109],[-94.3426580250281,32.6829714658845],[-94.3322525083989,32.6831244152866],[-94.3368595841457,32.669620472759],[-94.3322821530552,32.6755570417769],[-94.3245307131954,32.6735359578734],[-94.3219526694548,32.6709489205001],[-94.3259049475037,32.6683165152194],[-94.3244247827439,32.66400654422],[-94.3211592123532,32.6644028632999],[-94.3194036059759,32.6591751639944],[-94.3190378102885,32.6689351394427],[-94.3142774170952,32.6704761307105],[-94.3224870213775,32.6764581577015],[-94.3200145725308,32.6814398889465],[-94.3352735358807,32.6967893273544],[-94.3297647119026,32.7025587725647],[-94.3319928627833,32.7044723600869],[-94.324836620436,32.7092803409315],[-94.3158033395565,32.7049622869302],[-94.312247927794,32.7101183344085],[-94.3046185277539,32.710157045156],[-94.3003152922666,32.7173199255604],[-94.280494607803,32.706096334551],[-94.2940443514716,32.7008406080569],[-94.290931394472,32.6964160623186],[-94.3008648626722,32.6931126391152],[-94.3027873004434,32.6881830641078],[-94.2927163094121,32.6916026871611],[-94.3003758321359,32.6790517180327],[-94.2921514915012,32.6751899249983],[-94.290778360257,32.6825913428538],[-94.2814098318734,32.6771750679072],[-94.2786787288329,32.679181236123],[-94.2748486765142,32.6652269032954],[-94.2812264176485,32.6713224929692],[-94.2840338558484,32.6654175623575],[-94.296333100856,32.6680275471688],[-94.2993236627654,32.6653935030477],[-94.2938462121524,32.6599317378083],[-94.3153451013055,32.6539501348215],[-94.3065869121384,32.6480837857316],[-94.3072887867867,32.6444135738442],[-94.3006821746203,32.64571757038],[-94.2970342524652,32.6391110865855],[-94.3039170349168,32.6328713479752],[-94.2966687329903,32.6268291264157],[-94.2913577874555,32.6292305690542],[-94.288459154158,32.6223432580244],[-94.3113621682144,32.6249054229795],[-94.3022685380965,32.6199002473623],[-94.3109812941245,32.6136585596412],[-94.3011998149272,32.6147879867505],[-94.2993691701129,32.6119208445038],[-94.3076545686245,32.6107840366122],[-94.309973886808,32.6080368242449],[-94.3053657522586,32.6061364701817],[-94.3172837498565,32.5991555580487],[-94.3187933655643,32.5914746281233],[-94.3123541029945,32.5894529500873],[-94.3117590336728,32.5846304399581],[-94.3203965310383,32.5808623372448],[-94.3185796344166,32.5756361536303],[-94.3107672911074,32.5736144951399],[-94.3225315841661,32.5684096461095],[-94.3096994119959,32.5663808978982],[-94.3053044271189,32.5617792799112],[-94.2923197260638,32.5672639429431],[-94.2956612775692,32.5595206967345],[-94.2931739433845,32.5534946627445],[-94.3115765019577,32.5546757347951],[-94.3018868475838,32.5465672222984],[-94.3191451978196,32.5445379619944],[-94.3059914045115,32.5400375129236],[-94.3172674553303,32.5352902227282],[-94.3186405548193,32.5300184318092],[-94.3233717297566,32.5368551873547],[-94.3328008591832,32.5409433957116],[-94.3269268321683,32.5536160880493],[-94.3443367701558,32.54486551814],[-94.3476477672785,32.5530214188897],[-94.3613500416564,32.5541274898986],[-94.3525618452199,32.5416090057478],[-94.3633647773234,32.5380065293491],[-94.3521794487017,32.5312178195247],[-94.3613657757445,32.5266466267157],[-94.350029039416,32.523587103294],[-94.3600844243408,32.5199322331206],[-94.3534310947572,32.5175672233262],[-94.3529126400195,32.5116015061197],[-94.3607092545675,32.5128139910285],[-94.3614720078379,32.5074814972761],[-94.3709634018221,32.5149507147312],[-94.3778150100379,32.5131271665105],[-94.3803931374399,32.5161103480598],[-94.3842689049143,32.5098082408891],[-94.3802100454708,32.507618432664],[-94.3826059581564,32.5014233322399],[-94.379493077881,32.4963726920774],[-94.3767161171484,32.4939552948113],[-94.3684148994314,32.4978533217342],[-94.3628150416349,32.4884928850097],[-94.3675145824821,32.4828690592324],[-94.3700169868579,32.4855168323352],[-94.3759990276251,32.4825420629245],[-94.3696507129142,32.4701891666397],[-94.3718340372812,32.4611331119832],[-94.3778758653949,32.4581574790113],[-94.391913897049,32.462361351694],[-94.3778755941108,32.4632086738307],[-94.3813248051152,32.466367507938],[-94.3796152585085,32.469807150805],[-94.3887705337283,32.4718218671139],[-94.3814315744129,32.4750869998681],[-94.383994888811,32.4826638833983],[-94.3796458468485,32.4881111326179],[-94.3830179920835,32.4929943208219],[-94.3934094501885,32.4904223161857],[-94.3940192554316,32.4958162235514],[-94.4070967251449,32.5008825407321],[-94.4035261649051,32.4916347754029],[-94.4117198080671,32.4988757338599],[-94.4197912762796,32.4996317577817],[-94.4259718349588,32.4977464932005],[-94.4285801872878,32.4842664658519],[-94.4344852729994,32.4858754894651],[-94.4368356438703,32.5007985522123],[-94.4207227030502,32.5128921316096],[-94.4093540392508,32.5312931139909],[-94.41274265578,32.5335357417281],[-94.4210276671588,32.5293017966103],[-94.4340894459359,32.5168575443813],[-94.4218976545413,32.5397472094601],[-94.42331659372,32.5427284809315],[-94.4294962352156,32.5416457385666],[-94.4338595166001,32.532986408297],[-94.4409859973184,32.5320170469208],[-94.4493016974992,32.5085503972647],[-94.4609144218671,32.5099372705022],[-94.4513614791486,32.4987385760913],[-94.4500807211951,32.4887597150601],[-94.4673232069674,32.4918724710147],[-94.4663155606268,32.4854411436197],[-94.4757460512248,32.4802834568028],[-94.4708633139966,32.4764910054084],[-94.4586402955454,32.4817027118509],[-94.4733810210331,32.4724785009185],[-94.473258155611,32.4689759477237],[-94.4589914453225,32.4720657118932],[-94.4600291234277,32.4679385097173],[-94.4527660096568,32.4674725386278],[-94.450675885073,32.4599500875739],[-94.454200044359,32.4584095873803],[-94.4587476435186,32.4633995559666],[-94.4579380890725,32.4587528408765],[-94.4631573763689,32.4585856199346],[-94.4643170168131,32.4511233502884],[-94.4712293350885,32.4585324191053],[-94.4743727168883,32.4445325694529],[-94.4800027039067,32.4382828888996],[-94.4876015291894,32.4361089057851],[-94.4932938912389,32.4437988225058],[-94.4959484378738,32.4357662445818],[-94.5000218721438,32.4355379012062],[-94.5013652753602,32.44391339015],[-94.4964826617866,32.446493452695],[-94.4933542340807,32.4568217361022],[-94.5080786051522,32.4497731198685],[-94.5271826991453,32.4750789163996],[-94.5300519114376,32.4649788995813],[-94.5233983938183,32.4514363759811],[-94.5299146387109,32.4511536448965],[-94.5276099837807,32.4462706117694],[-94.523611892447,32.448056597672],[-94.5152043563157,32.4401906036335],[-94.5125656803478,32.4271598056217],[-94.5373912244292,32.4332479491532],[-94.5401527023007,32.4573494086842],[-94.5463940550526,32.4626897219495],[-94.5489729760412,32.4583867184391],[-94.5459211154078,32.451497478371],[-94.55448112254,32.4519559588063],[-94.5469581995132,32.4353683695216],[-94.5700138990507,32.4373213360555],[-94.5691900422842,32.4517260020003],[-94.5787582429771,32.4405878100821],[-94.5897437692516,32.442021122349],[-94.5904307344699,32.4343914766917],[-94.6050032925479,32.4363386958152],[-94.6189801365975,32.4332258942308],[-94.6342388329179,32.4193924509912],[-94.6634590384561,32.4109318059334],[-94.6567300114138,32.3973977597712],[-94.6383586080858,32.3936207281801],[-94.6397779268473,32.3891427882958],[-94.6323921282114,32.3908750842097],[-94.6270977374433,32.3848473015826],[-94.6067577657945,32.3842895179287],[-94.5955732954757,32.3764322136641],[-94.6005313232921,32.372358043782],[-94.6066969651059,32.373272694971],[-94.6087263017451,32.3800403534157],[-94.6372598444481,32.3777830531982],[-94.6393657238755,32.3808265127878],[-94.6553573293229,32.3755316053169],[-94.6577371912202,32.380581652332],[-94.6645116247088,32.3747219287773],[-94.669455999995,32.3791316228885],[-94.67298063033,32.3740814466863],[-94.6875527559761,32.3758445350498],[-94.684638465028,32.3724647763839],[-94.693442241259,32.3668876479839],[-94.7001572483093,32.372327117432],[-94.7001566282315,32.3654989419944],[-94.7102422132609,32.3653695919248],[-94.7014993732384,32.3615385275622],[-94.7062451477155,32.3601587313152],[-94.7082746448126,32.3543605367917],[-94.7172920672948,32.3570456387704],[-94.7090064945485,32.3492479283846],[-94.7114481044328,32.3461506752548],[-94.7392344364754,32.3475395931876],[-94.7182077569589,32.3414884493023],[-94.7271493730536,32.3401005494881],[-94.7215956637146,32.339245744235],[-94.7274850648098,32.3350498123266],[-94.7365635597749,32.3351491481679],[-94.735877418722,32.3303341093746],[-94.7434609350643,32.3307241690929],[-94.7416453100729,32.3389341794645],[-94.7580026224349,32.348951060182],[-94.7600928041071,32.3473945908713],[-94.751609861717,32.3370793799454],[-94.7518688959696,32.3291604292485],[-94.7677227331807,32.3294197273823],[-94.7717819222755,32.3255666621795],[-94.7824930530792,32.3329521575227],[-94.7782057787332,32.3247503400693],[-94.7906867092463,32.3278248315994],[-94.7979959977802,32.3255199573687],[-94.7924269400864,32.3195004395959],[-94.7752151771102,32.3156325049959],[-94.7865820097585,32.314984667899],[-94.8002538569809,32.3058903414185],[-94.8072424210901,32.3108649485681],[-94.825523462364,32.3101931494179],[-94.8254470877126,32.3061197871648],[-94.8136510516721,32.3009241712763],[-94.8189314288941,32.2981619525316],[-94.8351967861832,32.3041507083948],[-94.8237224168786,32.295796168856],[-94.8294134808284,32.2932036474035],[-94.8371348699908,32.2983448308045],[-94.8420018383441,32.2946596763871],[-94.8477084645432,32.2964301719277],[-94.8494178956879,32.3068126868054],[-94.8562545100446,32.3041580565079],[-94.856833655962,32.2946304236069],[-94.8701092235842,32.2918980954323],[-94.8768839021436,32.2962996795539],[-94.8770672068312,32.2901585085141],[-94.8871534430713,32.2869167642191],[-94.8885568846782,32.2819179625598],[-94.8779825795692,32.2795993146662],[-94.8756942161704,32.28356030946],[-94.8722303403525,32.2776010560052],[-94.8646618829479,32.2849706553798],[-94.8652570095581,32.2788818657699],[-94.8615945258566,32.278027253063],[-94.8579175452692,32.2680554827284],[-94.868674896646,32.267285064109],[-94.888541450353,32.2558650764828],[-94.9040441695041,32.256398627354],[-94.8956211442005,32.248792705986],[-94.9056766889555,32.2376305266091],[-94.8959421003561,32.2405831924099],[-94.8950425455603,32.2352496530023],[-94.8874125195294,32.244336675814],[-94.8862373364921,32.2349829032824],[-94.8782725857009,32.2396512251274],[-94.8669652184995,32.2377898969481],[-94.8629990244493,32.2475560603154],[-94.8506082165574,32.2489668379376],[-94.8575813098578,32.2454424783852],[-94.8756940638212,32.2192891908653],[-94.8673316784747,32.2245302520422],[-94.8657906553536,32.2300459349208],[-94.8421391264475,32.2445653949783],[-94.8415908844594,32.2395754587452],[-94.857200170776,32.2308711276387],[-94.8529279030455,32.2288715532887],[-94.8535836356684,32.2207848531898],[-94.8655472589201,32.2196012899456],[-94.8679113588289,32.2153528030114],[-94.8621287448076,32.2048623455654],[-94.8552166138975,32.2032740315956],[-94.8567569917107,32.1989648344689],[-94.8520269077756,32.199208436535],[-94.8557352035326,32.1964470560865],[-94.8544989240681,32.1908769415056],[-94.8438182449648,32.1897029599701],[-94.8481978295783,32.185559564093],[-94.8470221887219,32.1788451896026],[-94.8546056531957,32.1814691874802],[-94.8593969506404,32.1756637669193],[-94.8562393225086,32.1829573969285],[-94.8626170630389,32.186901346114],[-94.861288847948,32.1974084176074],[-94.8651493718564,32.201299024221],[-94.8637158967273,32.1924637001277],[-94.867697588358,32.191137465131],[-94.8792334356177,32.2031525009432],[-94.8837345947399,32.1917243653669],[-94.8715275432362,32.1833771415224],[-94.8816744967828,32.1817440788282],[-94.8753575758994,32.1758473810495],[-94.8823926885112,32.1746806568542],[-94.8824987596964,32.1677977584716],[-94.8715890783352,32.1608243307384],[-94.8795695777649,32.1611457844388],[-94.8817516641631,32.1655024069996],[-94.8820719885129,32.16159487138],[-94.8947982176889,32.1637473693196],[-94.8960940517132,32.1664938264476],[-94.8888623130049,32.1684077166527],[-94.8915166085038,32.1728188825476],[-94.8851081134796,32.1782350155277],[-94.8944470865798,32.1807911746444],[-94.8952864602499,32.189451258779],[-94.9030685069609,32.1896028209585],[-94.9079662835312,32.1952095625148],[-94.9166628781873,32.1885883293831],[-94.9196848469575,32.2014355194163],[-94.9248417082863,32.2055490053364],[-94.9241253096145,32.1941895221304],[-94.9302133646553,32.1968127851689],[-94.9338597372045,32.1940434627045],[-94.9255139117103,32.1851169962027],[-94.9366065877846,32.1868644911975],[-94.9283219246738,32.1773039562305],[-94.9377208269659,32.1748628877286],[-94.9324872947056,32.169430716002],[-94.9376289032193,32.1695824717484],[-94.9380716872006,32.1636783793281],[-94.9438849008638,32.163373235311],[-94.9427717715871,32.1712932507779],[-94.9486304754326,32.166165093111],[-94.9559400288196,32.1677526390116],[-94.9522322742658,32.1698892467095],[-94.9552221658612,32.1719410220634],[-94.9521865325557,32.1763130392296],[-94.957144572795,32.1790517216421],[-94.9652319181625,32.1717954592471],[-94.959677874122,32.1874207135739],[-94.9659805374387,32.1896944317284],[-94.9556655764687,32.1983918332562],[-94.9679028858708,32.1954865358204],[-94.966423005578,32.2002537099852],[-94.9724039495966,32.207119698178],[-94.9885481244031,32.1992620312312],[-94.9812840162458,32.1951501131307],[-94.9849312535649,32.1914116427534],[-95.0024027793027,32.1954774370499],[-94.9934308788955,32.186902366931],[-94.9828103229979,32.1857353983725],[-94.9820481300366,32.1816073827394],[-94.9778518436714,32.1812180706487],[-94.9823524799983,32.1755803619973],[-94.9921637471105,32.1759462733955],[-95.0115737775285,32.1901075366011],[-95.0121227163414,32.1774802442329],[-94.9964671571853,32.1696220948457],[-95.0012430469519,32.1665010025095],[-95.0327677927535,32.1811346488052],[-95.034461596695,32.1670111471039],[-95.0145945640184,32.157964157257],[-95.0201948533081,32.154210325608],[-95.0323248977249,32.160077874154],[-95.0343398729722,32.1564531848215],[-95.0404737348141,32.1659517778302],[-95.0455387759727,32.1638690021084],[-95.0433422897327,32.1585357536523],[-95.0532445447283,32.1650975397324],[-95.057487269776,32.159458868926],[-95.051856631538,32.1562100019785],[-95.0598983896386,32.1569263610951],[-95.0568457429914,32.153836753757],[-95.0635900011719,32.1507080095189],[-95.0359875413961,32.1469170239678],[-95.0343390979782,32.1430256942203],[-95.0148691719474,32.1431553085415],[-95.0139081777121,32.1404014897574],[-95.0351939352536,32.1383108041066],[-95.0347661325132,32.1341302856325],[-95.0224679969729,32.1338858524959],[-95.0273204684053,32.1316271979803],[-95.0235815652079,32.1284844286699],[-95.0290593260218,32.127034327776],[-95.0255961536386,32.1227997703812],[-95.028494869853,32.121297289223],[-95.0246958571541,32.1205039682836],[-95.0277322710766,32.1186574009226],[-95.0229256763006,32.1160932997228],[-95.0252147248177,32.1141333702716],[-95.0335917623034,32.1143928615259],[-95.0327066728923,32.1267294806793],[-95.0395880936624,32.1254389042708],[-95.0383676932225,32.1360588146652],[-95.0432662681387,32.1418967054495],[-95.0453261791262,32.1368987168866],[-95.0497205056458,32.1368231157725],[-95.0441969896295,32.1259969592868],[-95.052085424764,32.1344043127065],[-95.0631481456763,32.1316039577397],[-95.0541454776255,32.1276220405309],[-95.0384893501804,32.1071979616295],[-95.0443638415314,32.1054503619922],[-95.0530166888762,32.1201066420336],[-95.065345334136,32.1257368989768],[-95.0545272917118,32.1099453923746],[-95.0608748838749,32.1111264712233],[-95.064444869101,32.1070900819114],[-95.0449291675845,32.0965555728989],[-95.0593795369074,32.0936858560063],[-95.0595323178314,32.0845005750063],[-95.0543888312421,32.0843477484216],[-95.0539626539234,32.0789619953374],[-95.048439087712,32.0831113208884],[-95.0409163972978,32.0767717813818],[-95.0417551441412,32.070453964508],[-95.048148039894,32.0656721118853],[-95.0634382025128,32.0684704982285],[-95.050681449841,32.0584238502024],[-95.0545116565041,32.0545095717787],[-95.0531990477533,32.0480327795337],[-95.0421830236091,32.0487646691774],[-95.0429751189958,32.0455453376395],[-95.0369796522353,32.04688788898],[-95.038444281841,32.0437824873211],[-95.0334387124125,32.0415094463497],[-95.0238565181158,32.0433789368914],[-95.0183026725614,32.0385786591854],[-95.0397101998857,32.0378698660471],[-95.0449446737235,32.0337732058926],[-95.0213084217464,32.032544108672],[-95.021293292553,32.028813341339],[-95.0123669736731,32.0258609155453],[-95.0145792914524,32.0229314698682],[-95.0103681592123,32.0174925882112],[-94.9977948669027,32.0138684798243],[-94.9964825740943,32.0089930917475],[-94.9790571529492,32.0216195523975],[-94.9290695339518,32.0166215724748],[-94.9164348281241,32.014531694468],[-94.9173660081824,32.0104578666248],[-94.9025650614509,32.0043002703884],[-94.8977888867658,31.9971017253097],[-94.8793105406792,31.9940204857608],[-94.8795240573783,31.9801801465779],[-94.8958051492651,31.9765780445104],[-94.9014205431827,31.9805044839796],[-94.9026565312476,31.9724939907913],[-94.8732523442738,31.981285947833],[-94.8629684025466,31.9710286468572],[-94.8559793355534,31.9748813120967],[-94.8539807990311,31.9800919407599],[-94.8571089699577,31.9853453183594],[-94.8261327521061,31.9890414925368],[-94.8183052919217,31.9889766925217],[-94.8104617412417,31.9795927970739],[-94.8055801730898,31.9914440586345],[-94.7958593385301,31.9845510186113],[-94.7937995948007,31.9740918508431],[-94.801001778745,31.9727003642883],[-94.8062966662668,31.9658821366652],[-94.7858350499307,31.970795506867],[-94.7809058283666,31.9665239424855],[-94.7791060166179,31.9710438372768],[-94.7735212301214,31.9716851068772],[-94.7634507029038,31.9630213904321],[-94.7610542869569,31.9702887166984],[-94.7490603602105,31.9692890912925],[-94.7454900964835,31.9725551459615],[-94.7427133032987,31.9673017101806],[-94.7263252811017,31.9581886556913],[-94.7253491514386,31.9445818090779],[-94.717947881461,31.951859658252],[-94.7018046946343,31.9562922440934],[-94.7026286298621,31.9650438971719],[-94.6835851324445,31.9714253473143],[-94.6626051240968,31.9554501491752],[-94.6573563325355,31.9578599595069],[-94.6563645009431,31.965409733339],[-94.6489476564046,31.9629065100743],[-94.6433639020139,31.9655473666286],[-94.6413944694315,31.9620608142732],[-94.6321170768611,31.9670806100375],[-94.6271893406163,31.9636240060967],[-94.6280888119742,31.9750032376405],[-94.6184610557762,31.9859358805986],[-94.6080242106542,31.982747478369],[-94.6055833546718,31.9776619989537],[-94.6130446569589,31.9766749725937],[-94.6096107816951,31.9621593387352],[-94.6145249441469,31.957925768667],[-94.613089308422,31.9535222224707],[-94.5992808841162,31.952965851298],[-94.602790011322,31.9481595926349],[-94.5978009578496,31.945993023795],[-94.5830600838328,31.9499560119346],[-94.587622984876,31.9457754609564],[-94.5843267692747,31.9408618087514],[-94.5660780317239,31.9471677683734],[-94.5614994899713,31.9419690238064],[-94.5308605906215,31.941018167043],[-94.5220254983631,31.9366199437884],[-94.51898928989,31.9293041783562],[-94.5144109102905,31.9301091584403],[-94.5098335755649,31.9221046916612],[-94.5035782808705,31.9206746297469],[-94.520758477648,31.9570937142874],[-94.4913246378317,31.9639670077447],[-94.4813605698363,31.9576813399386],[-94.4775924982412,31.9398964835054],[-94.4620277530526,31.9388128513747],[-94.4528730514492,31.9412738550122],[-94.4477608233652,31.9480797470326],[-94.4454721560005,31.9451620888644],[-94.4419623131789,31.9500220831731],[-94.4323949706446,31.9499632896166],[-94.4108189481785,31.9862683554222],[-94.3637918593092,31.9919061240565],[-94.358145691434,31.9848675732731],[-94.35214949509,31.9858948520682],[-94.3525460662644,31.9898391239408],[-94.3481815585899,31.9799445728878],[-94.3428567801279,31.9795393320129],[-94.34569537939,31.9754239426305],[-94.3396985189713,31.9729578682015],[-94.4041818162439,31.9526992826811],[-94.4866091188326,31.8978085666234],[-94.5413279043121,31.8904044499138],[-94.5982892499411,31.914883974503],[-94.6185527752689,31.9088530677867],[-94.6744144335926,31.9049350135915],[-94.7099684690975,31.8850261102251],[-94.808646904048,31.8869028023157],[-94.8395004637329,31.8953908453876],[-94.8785317818618,31.8922317324402],[-94.8935920582581,31.8766258910253],[-94.8900067752911,31.870691276832],[-94.9109411886134,31.8730747563423],[-94.9167861450064,31.8699083672118],[-94.9150919019199,31.8810098489834],[-94.9240793306922,31.8773750107375],[-94.9252547769233,31.8697631786815],[-94.9166795116647,31.8627630415922],[-94.9012065675868,31.8625314857166],[-94.890449293392,31.8488439802372],[-94.8920202333143,31.8557023102955],[-94.8863748199168,31.8567517371836],[-94.8825144133384,31.8492182602749],[-94.8741531686896,31.8480994085138],[-94.8797066332288,31.8540852744079],[-94.8797374139124,31.8612334192769],[-94.8775709735127,31.8571830312317],[-94.8643563855573,31.8529369830843],[-94.8630588220503,31.8477378768697],[-94.858313783081,31.8549012745934],[-94.8525768016105,31.8494850317919],[-94.8486862148837,31.8544746264956],[-94.8381417219104,31.8414083387933],[-94.8345558916802,31.8523422191094],[-94.8313667090402,31.8478939444157],[-94.830451153891,31.8514988003915],[-94.8250649368265,31.8516286213992],[-94.8288639425648,31.842698315011],[-94.8255687207042,31.8433356877385],[-94.8260257943197,31.8405324297371],[-94.8312594427953,31.838169820233],[-94.8233104722992,31.8345354347873],[-94.8187481888082,31.8197950771063],[-94.814307275026,31.8191196859424],[-94.8154978113703,31.8129972379913],[-94.800086428509,31.8077254799191],[-94.798622321842,31.8124741182292],[-94.7932349369704,31.8131193034781],[-94.7946092744647,31.800877123766],[-94.7907017638491,31.7990009568314],[-94.7864294578968,31.8055318460677],[-94.7899551719922,31.7952287120314],[-94.7854376627557,31.7906656361762],[-94.7851779579908,31.7963267004185],[-94.7788615729773,31.7981733258901],[-94.7776254162747,31.7861685093743],[-94.7734746012033,31.7960718020642],[-94.7730478034896,31.7857224743635],[-94.769965124664,31.787617770945],[-94.7633585445951,31.7824299621684],[-94.7669445306545,31.7902539888689],[-94.7579413854181,31.7949652664957],[-94.7597119331331,31.8024535685632],[-94.7555009044342,31.8081253680205],[-94.75722406509,31.802231811819],[-94.7537294797375,31.8018957128642],[-94.7506175224059,31.7937263808625],[-94.7440410779831,31.7974030449375],[-94.7425145196336,31.8062686274096],[-94.7358008667948,31.8116006824816],[-94.735328327947,31.8080574909358],[-94.7304153275522,31.8085259587467],[-94.7306133796893,31.803150774586],[-94.7386080406037,31.8014165366369],[-94.7338177046733,31.7998827068649],[-94.7331304157779,31.7949691060689],[-94.7257459973489,31.7966441561359],[-94.7239142691122,31.7896130699606],[-94.738959339045,31.7868903739279],[-94.746574087726,31.7936222702918],[-94.7459637609316,31.7904795074895],[-94.7521588615779,31.7918911806963],[-94.7569046934138,31.7844474857394],[-94.7460858976571,31.7849293085497],[-94.7488931092825,31.7782338691099],[-94.755072332156,31.7805608588975],[-94.753455282305,31.7747320653368],[-94.7383956312013,31.7775699876283],[-94.7375713541326,31.7723103913783],[-94.7334050297787,31.7715776634562],[-94.7266302995402,31.7775400789349],[-94.7242651345981,31.7720535577233],[-94.7167281022913,31.7696696190074],[-94.7024147211657,31.7711834751719],[-94.7018353044421,31.7767919392374],[-94.7090978253545,31.7820946967079],[-94.7054202841372,31.7895940837637],[-94.7019879707718,31.7855393791069],[-94.6970738663069,31.7867518191684],[-94.6974706162624,31.7810307159332],[-94.6912152962811,31.7774412989754],[-94.6921158263241,31.7909332992704],[-94.6990579258187,31.8001840324546],[-94.6903755823561,31.7941417016078],[-94.6826395288654,31.7956969905192],[-94.6824102942076,31.7808877479418],[-94.67664300403,31.7843862368089],[-94.6784123064323,31.7953038653884],[-94.6751164460077,31.7952553807638],[-94.6696391939047,31.7791951820102],[-94.6622991242539,31.7729165275192],[-94.6615058354401,31.783155376729],[-94.6547312992114,31.7866532142974],[-94.6677169308835,31.7967535142429],[-94.6557376807425,31.7917988871635],[-94.6526095433768,31.8037541618495],[-94.6747965021025,31.8032053573908],[-94.6707067578099,31.8083005403215],[-94.6557073776048,31.806440366941],[-94.6541811676807,31.816506325353],[-94.6637941752083,31.8146602092445],[-94.6722784595727,31.8206497397456],[-94.6615215094009,31.82524281718],[-94.6586529475987,31.8349695278776],[-94.652746836498,31.8372659048294],[-94.6522594981464,31.8285192719781],[-94.6431807074773,31.8353934733883],[-94.6394720876862,31.8305985054574],[-94.6502911419152,31.8212020218865],[-94.643424727449,31.817323873181],[-94.6490549333666,31.8117695195979],[-94.6452853329594,31.8066837308066],[-94.6509769319076,31.795755172278],[-94.6504281861225,31.7882623736751],[-94.6427682501334,31.7907345194941],[-94.641883063041,31.7831858749565],[-94.6496646384315,31.7806599931475],[-94.6534186767717,31.7697314990889],[-94.631431635357,31.7647302985797],[-94.6312780538636,31.7538086052245],[-94.616416397513,31.75257235244],[-94.6167367146223,31.7449083587943],[-94.5994794040752,31.7517329604449],[-94.5940321274858,31.7453357043881],[-94.6039658464719,31.7397198533222],[-94.6001354726364,31.7350935834282],[-94.5891186355985,31.7372797921319],[-94.5878984075358,31.7301880541904],[-94.5805118864226,31.7334573537674],[-94.5789557459479,31.7256818559064],[-94.5639868382083,31.7365585366126],[-94.5555790702394,31.7275320179484],[-94.5404580575997,31.7285742059693],[-94.5441500124645,31.7251400210925],[-94.5383066943147,31.7239432977373],[-94.5395124896174,31.7180538703258],[-94.5153264404764,31.7230996792506],[-94.510154456843,31.7198987101408],[-94.5119701141273,31.7158405661752],[-94.4967114748731,31.7139026501031],[-94.4929569008098,31.7112136836232],[-94.4957037444482,31.7092143670994],[-94.489066583266,31.708814035645],[-94.4845650817202,31.7030390094659],[-94.4812698973543,31.7029854992007],[-94.4829473741523,31.7108740949416],[-94.4784464783204,31.7043003087735],[-94.4779738236051,31.7082457678542],[-94.469306499813,31.7077882225027],[-94.4658886114606,31.7044726132984],[-94.4977183119877,31.6767291534423],[-94.4980532234537,31.6723841372022],[-94.4919358074967,31.6687823257283],[-94.4925458700264,31.6753596604196],[-94.4840156953136,31.6735322746878],[-94.4828110867845,31.666955487787],[-94.4887764437176,31.6654669683767],[-94.4831457592921,31.6618096338788],[-94.4857558938359,31.6573490807995],[-94.4755474686359,31.6563237778861],[-94.4813915018088,31.6499722894347],[-94.4739447604828,31.6511199618545],[-94.4752122921197,31.6469426559176],[-94.4697183053401,31.6447734088267],[-94.4707862295724,31.6416824975288],[-94.46387392429,31.6424271616719],[-94.4667582531781,31.6387105228715],[-94.462669044171,31.633108181961],[-94.4552837806745,31.6382536689569],[-94.4540011589339,31.6329354583934],[-94.4511941402069,31.6414579297966],[-94.4507206397505,31.634881542797],[-94.438300181675,31.6368269242464],[-94.4536045301413,31.6266462745649],[-94.4370952886513,31.6237306681366],[-94.4409245852459,31.6201830951369],[-94.4344097985549,31.6212701227179],[-94.4351570100721,31.6164112187518],[-94.429923768874,31.6226977129097],[-94.4287791987691,31.6169258485222],[-94.4200516491012,31.6200070691251],[-94.4228122612974,31.6144614574839],[-94.4003979666415,31.6110234999268],[-94.3951032264319,31.6012467173116],[-94.3869855645594,31.6005570615724],[-94.3858564395036,31.5886045544977],[-94.3894875932381,31.5862024936278],[-94.3838417811926,31.5837410636584],[-94.3845289401717,31.5803117829922],[-94.3813695639461,31.5824254095416],[-94.3668891355676,31.5758409916378],[-94.3615786031676,31.582585283049],[-94.3602364838809,31.5776116103025],[-94.353598889842,31.5749176890506],[-94.3637452491233,31.5676631945316],[-94.3584510195068,31.5640530347929],[-94.3515387463791,31.5674837678211],[-94.3483192204589,31.5641607651309],[-94.356909834515,31.5616497218074],[-94.3463808911187,31.560846259208],[-94.3502727947648,31.557129820509],[-94.3453746135232,31.5574119391384],[-94.3462588640178,31.5534676536591],[-94.3360515234669,31.556775818963],[-94.3384167005219,31.5497449647908],[-94.3322361364619,31.5540868589593],[-94.3299023271201,31.550881398203],[-94.3360664454597,31.5455106265697],[-94.3349375541565,31.542191836151],[-94.3252791073076,31.5406973810997],[-94.3071050027338,31.5452511480662],[-94.2831180061194,31.5339021307885],[-94.2626110918997,31.531815510347],[-94.2598482862629,31.5368433127656],[-94.264685680254,31.5346770718783],[-94.2734602891191,31.5399526556265],[-94.2454599633224,31.5540370297188],[-94.2385013471892,31.5504199084213],[-94.2422098759341,31.5435081451357],[-94.2323521052173,31.5448667227602],[-94.2265995770648,31.5621228658417],[-94.2108988701181,31.567814847024],[-94.2180398090086,31.5774928019026],[-94.2138135031644,31.5786870166661],[-94.2154151532763,31.5827499347408],[-94.2099830382214,31.5823944615053],[-94.2153234752038,31.5894373283254],[-94.2103031824799,31.5865142187972],[-94.2074811444837,31.5899975775604],[-94.2050857086438,31.5847868776982],[-94.1972874094443,31.5866596266385],[-94.194418764723,31.5812237958719],[-94.1893080977333,31.5857283426354],[-94.1850963459636,31.5814909791179],[-94.1763685503366,31.5829597057176],[-94.1748423077646,31.5786643211157],[-94.1714699369277,31.5828902598993],[-94.1647866203022,31.5777305538752],[-94.1638408586339,31.5812163519179],[-94.1592169305127,31.5800592088677],[-94.1664039736668,31.5942584528309],[-94.1596447914705,31.5897840554529],[-94.1601331434527,31.586240263855],[-94.15349527884,31.5830244937046],[-94.1544258655568,31.5877694739582],[-94.1470103438128,31.5802055718059],[-94.139197142889,31.5891087095799],[-94.127922020227,31.5897073847424],[-94.1241518461122,31.5935294372779],[-94.11579095009,31.5850461407213],[-94.1209780113018,31.5836035245198],[-94.1152257903878,31.5750940670073],[-94.121467569151,31.576085519338],[-94.1145856186923,31.5670301542824],[-94.1112276147816,31.5685660876455],[-94.1117465859191,31.5748573752908],[-94.1041477738502,31.5796988799231],[-94.09192580653,31.5821812060974],[-94.0873784004731,31.5793664068928],[-94.0861577221498,31.5821083224784],[-94.0733711955061,31.5775543439494],[-94.0690532948733,31.5809141731822],[-94.0694956077766,31.5735410651601],[-94.0594859913411,31.5771107605784],[-94.0659403056476,31.5723277791457],[-94.0603094732562,31.5719081708256],[-94.063209145234,31.5676892001136],[-94.0583411244212,31.5624702416725],[-94.0640475566911,31.5602007817169],[-94.0557467385719,31.5564009103967],[-94.0583105877132,31.5525184395892],[-94.0432202331866,31.5537314801365],[-94.0490786537954,31.5500306032997],[-94.0479042969448,31.5420239685198],[-94.0515973219944,31.5412348532055],[-94.0557172801066,31.5475929351501],[-94.0573038969847,31.5401661236676],[-94.0511391898217,31.5369427659329],[-94.0505591789836,31.5320261971929],[-94.0379100275994,31.5275820649189],[-94.0255963813455,31.5103877031897],[-94.0037608060488,31.4932722984729],[-93.9784466121636,31.4630483912113],[-93.9753794236653,31.4739587363729],[-93.9828098096707,31.4736992119479],[-93.9937510019288,31.4845471432019],[-93.9811313673837,31.4897053648407],[-93.9834664477362,31.4913157308542],[-93.9787510220955,31.4959314143703],[-93.9627905193294,31.4843766719859],[-93.9653848846358,31.4771244808835],[-93.9581062607036,31.4709216257207],[-93.9519879279084,31.4511697897352],[-93.9450906996275,31.4513721586141],[-93.9478829579753,31.4666495527785],[-93.9428478665327,31.4698346519515],[-93.9329137968723,31.4484648877882],[-93.9203860281469,31.4551297141184],[-93.9232094471961,31.4588320682009],[-93.9313112897739,31.4589777592885],[-93.9225839270045,31.4630065742371],[-93.9229656461953,31.466439345272],[-93.9309910752683,31.4674996105242],[-93.9246747806566,31.4713025973151],[-93.9280915915226,31.4718335370019],[-93.9253305139824,31.4738815767631],[-93.9285957689294,31.477952475121],[-93.9215770313135,31.4847885596786],[-93.9331729039835,31.4852915826659],[-93.9336919146576,31.488897064907],[-93.9247656930572,31.5019537600014],[-93.9291751358594,31.503517976678],[-93.9249945462099,31.5103045195833],[-93.9320296974393,31.5109037812947],[-93.9335245403508,31.5177707179663],[-93.9242768385534,31.5179080553006],[-93.9271921293627,31.5232364205263],[-93.9206302848641,31.5241176844367],[-93.9136265207545,31.5152901990729],[-93.9055096071793,31.5168010802809],[-93.906409154712,31.5122849013422],[-93.8933168974187,31.5150885143068],[-93.8922195349036,31.5098238532872],[-93.9021066861331,31.5037471793053],[-93.9003062738238,31.5016830950641],[-93.8895947362661,31.5011761112446],[-93.8852610937809,31.4954423109384],[-93.8808047857281,31.5019961359521],[-93.8749610485293,31.492993855926],[-93.8684455079879,31.4962824078447],[-93.8663711117769,31.4850057183313],[-93.8751437529278,31.4865349221862],[-93.8676213977164,31.4786654242137],[-93.8703375711327,31.4717034608419],[-93.8785933240337,31.4709369973804],[-93.8731300929816,31.4647382780728],[-93.8668431013123,31.4641383965683],[-93.8587100840956,31.4465455034536],[-93.8553234674018,31.4523641750531],[-93.8582377069365,31.4570087231097],[-93.8553381139444,31.4704339878995],[-93.8606325554876,31.4611373889063],[-93.8617930737468,31.4680608811382],[-93.8574588185443,31.47512893615],[-93.8514936294367,31.4758460309373],[-93.8467021704466,31.4690219010212],[-93.8473419732338,31.4444362766344],[-93.8429333950602,31.4523631178139],[-93.8420937840149,31.4687125059907],[-93.8371338540014,31.4686328147497],[-93.827994777889,31.4618998535495],[-93.8333955233104,31.4468278026971],[-93.8232338603279,31.4443786646276],[-93.809165532017,31.4336760308919],[-93.8019471399945,31.4227151633767],[-93.7957521174219,31.4278309982178],[-93.7600159111102,31.4156952075556],[-93.746344598705,31.4177375062395],[-93.7222971691398,31.4113702573394],[-93.7050602061034,31.4137300874804],[-93.6741108009323,31.3968174515676],[-93.6672743207562,31.3735551329679],[-93.6725993505174,31.3655241748301],[-93.6387251905125,31.3712972732718],[-93.6447382627974,31.3598837314741],[-93.6713625219229,31.3531505619808],[-93.791983802962,31.3375784648996],[-93.9564128915284,31.3005646019],[-94.0342321716675,31.2925998218603],[-94.1468878439032,31.2965100892511],[-94.2124395688055,31.2930995991011],[-94.2762524749317,31.2804426467931],[-94.3476328331837,31.2586688712368],[-94.4404824021442,31.2482397906347],[-94.6140810970923,31.2472620808176],[-94.7034523329442,31.2516874231779],[-94.7562781004521,31.2571729873332],[-94.9019690195994,31.2880149523226],[-94.9335403314882,31.2896136523094],[-94.9779735767996,31.2832574653647],[-95.0332408305157,31.2656292858187],[-95.0766974098514,31.2454046119079],[-95.2644264918876,31.1309251264288],[-95.3407056625867,31.0900358336554],[-95.4155960950755,31.0656401430099],[-95.4617690034011,31.0648813880507],[-95.474800156844,31.0613449318755],[-95.5010600513138,31.039910152874],[-95.539954733606,30.9885261003338],[-95.5603709940292,30.9703377317867],[-95.5863256424178,30.9703833246351],[-95.6079484614046,30.9863100311285],[-95.6279825473875,30.9947633457806],[-95.6569130993655,30.9852043250501],[-95.7114175287946,30.9761213330301],[-95.739478782956,30.9474046402934],[-95.7627784768881,30.9326332691171],[-95.7666698194064,30.9192630300079],[-95.7597114923486,30.8858467655373],[-95.7654638209258,30.8650709987111],[-95.7903967447988,30.8350686460019],[-95.8144148882853,30.8216518449306],[-95.8302227255011,30.8170939491831],[-95.8769144949963,30.8156523567423],[-95.9424351825304,30.8372502815085],[-95.9823676338551,30.8162579505989],[-96.0177526053801,30.8187001460096],[-96.0665967690483,30.7975548662724],[-96.0892716266639,30.7742051460455],[-96.1088025786173,30.7677283401712],[-96.142523956782,30.7707298303712],[-96.1957319284634,30.8043981785473],[-96.2139207949959,30.8075796188362],[-96.2229987655646,30.7886438517406],[-96.2260050226999,30.7540676559932],[-96.2356645453861,30.7386829253559],[-96.2494425686736,30.7246748758707],[-96.2831191519539,30.7080624655559],[-96.3407058517847,30.6557319731288],[-96.3536758809575,30.6208696594795],[-96.3594436846507,30.5580073953413],[-96.3724596107259,30.533051516304],[-96.3933937598091,30.5171399497965],[-96.4212107485582,30.5070733259627],[-96.4302743904117,30.4999168512029],[-96.4519268149667,30.466934678762],[-96.4896469229289,30.4469428968015],[-96.4893108360423,30.4379546493581],[-96.4721755959712,30.431946989894],[-96.4672930915103,30.4255334886831],[-96.4678107201815,30.4117361562253],[-96.4764168616955,30.3989080106223],[-96.4893105491565,30.3876811281239],[-96.5537491937947,30.3520252779535],[-96.611441655602,30.3019152850904],[-96.7014998236137,30.2721024092052],[-96.7284008454873,30.2584163926366],[-96.7396622372919,30.2467665398604],[-96.7498096474077,30.2144476692415],[-96.7694016184386,30.1874852465149],[-96.8227304001776,30.1522375228185],[-96.8303605019564,30.1283922770774],[-96.8261636324217,30.0820208212382],[-96.8329545228568,30.0466092590481],[-96.8658374733372,29.9990325486501],[-96.9371106222881,29.9492992547906],[-96.9394453082521,29.9349255957225],[-96.9212109880249,29.8884780439702],[-96.922020379461,29.8500987324304],[-96.9337989938532,29.8350151330216],[-96.9783863555579,29.8202716894169],[-96.9915841936834,29.8093459573854],[-96.9926069089649,29.7798285763666],[-97.0042952176811,29.714985750402],[-97.0170514200262,29.7011997727724],[-97.0581590742022,29.6769111423494],[-97.0699227337518,29.6579259489153],[-97.0650859304968,29.5987826134906],[-97.0710522349759,29.5787667485446],[-97.0894398176036,29.5608599298539],[-97.1162032319453,29.547954757329],[-97.1759413683534,29.553860466174],[-97.2251661678314,29.5316632115863],[-97.2876820124194,29.5228506142186],[-97.3193441119918,29.5107090082709],[-97.362144680184,29.4747478798997],[-97.3640365241089,29.4620868129964],[-97.3575668270202,29.4217301726444],[-97.3653494277153,29.4001898846824],[-97.3857503781968,29.3829048186751],[-97.4114756379088,29.3714375399457],[-97.4233940474346,29.3596271694788],[-97.4349139890334,29.3401533921998],[-97.439750196014,29.3207066663195],[-97.4735030828411,29.3054661877351],[-97.4737773103087,29.298256513318],[-97.4637528671252,29.2818575512195],[-97.4585642121523,29.260818537563],[-97.4631276856939,29.2132917188873],[-97.4729692496451,29.1958352328021],[-97.4887921500024,29.1857952801304],[-97.5257033179257,29.1747372432251],[-97.5792155320673,29.1402256461353],[-97.6867444899314,29.1091618262479],[-97.7238385620867,29.0934679507028],[-97.7835308961062,29.0583994601586],[-97.8595356443512,29.0031140834086],[-97.8820731073933,28.991631895397],[-97.9055097816095,28.9707723398932],[-97.9305656418679,28.9370693180899],[-97.9361344147939,28.9232759335336],[-97.9399794915644,28.8994454690619],[-97.9390646506603,28.8437164468715],[-97.9426186930584,28.8071903804268],[-97.9663015351888,28.7349820842485],[-98.0000988339661,28.6828498850046],[-98.03160876327,28.642818619595],[-98.1198813745832,28.5530246797908],[-98.1476362785509,28.5118911098138],[-98.1652600747504,28.4769977050353],[-98.1788715789186,28.4617773893022],[-98.2695389243273,28.409729459645],[-98.3304367502087,28.361870140677],[-98.4513164489118,28.2902798456879],[-98.5720450218074,28.1844570543008],[-98.6517256533928,28.1290971414775],[-98.7106553308208,28.0963446346077],[-98.8014762326534,28.0582503411765],[-98.8975911564897,28.0075495505499],[-98.8993457937822,28.0019113766073],[-98.9422844720778,27.9764706609822],[-98.9876787284512,27.9417036950965],[-99.130944086799,27.7934003326007],[-99.1924978906436,27.7395213144909],[-99.2471248550837,27.7009624067939],[-99.3421713843986,27.6452755946778],[-99.4361658483164,27.5932701042628],[-99.4876641271682,27.5702480180587],[-99.5135730781053,27.561455596029],[-99.5149313135432,27.570487302681],[-99.5316546537496,27.5819580249691],[-99.5408370839894,27.6042714139917],[-99.5546832690901,27.6136052709348],[-99.5604496960444,27.6066130360964],[-99.5834853036222,27.6020941792144],[-99.5849269846903,27.6054420529877],[-99.5770012472204,27.6110363495904],[-99.5776455165797,27.61837347623],[-99.5919593755453,27.6271378905359],[-99.5956700784561,27.6391060032899],[-99.6035749061938,27.6410541133901],[-99.6157774156594,27.6368968715661],[-99.6271173828091,27.6409492990116],[-99.6249901815589,27.6302929046279],[-99.6384419501868,27.6258032672332],[-99.6657782013347,27.6351177232052],[-99.6582574471575,27.6482346247594],[-99.666984849117,27.658371970267],[-99.686554775491,27.6607094305659],[-99.6903923377707,27.6680255123062],[-99.6988896721249,27.6547485641475],[-99.7137730443338,27.6577280806824],[-99.7688072679062,27.7296995274785],[-99.7736774813866,27.7327049283466],[-99.7882113156006,27.7298875605859],[-99.7988256395816,27.7371804868508],[-99.8131006546506,27.7734688353582],[-99.8182824128398,27.775578217862],[-99.8230499281254,27.7651228821736],[-99.8368134604549,27.7626202328031],[-99.8426659011427,27.7669045066916],[-99.8509489711548,27.7933630145553],[-99.8705944014188,27.792852364942],[-99.8770738330548,27.797623274418],[-99.8740862003731,27.81435987802],[-99.8781688606622,27.8243362816054],[-99.877308455959,27.8414844942653],[-99.881431871088,27.8494207344557],[-99.9011083603347,27.8630917683828],[-99.9045885909184,27.8739153252432],[-99.8937398474585,27.8992896265099],[-99.9000586069265,27.9114212115469],[-99.9182536663475,27.9177956480794],[-99.9373541904503,27.9385697363334],[-99.9392124944256,27.9502199956975],[-99.9313628293473,27.9797962861798],[-99.969612863786,27.9850652434384],[-99.987513360292,27.990858778617],[-99.9962403814982,27.9996204251356],[-100.012692772152,28.0341455226794],[-100.017874665794,28.0636787224558],[-100.02919229217,28.0727609708458],[-100.045733294901,28.0782184130817],[-100.054702291935,28.0868432845951],[-100.039116715701,28.1093334819648],[-100.0452199191,28.1102524756456],[-100.044671180081,28.1128916740699],[-100.032600749267,28.1282278107812],[-100.038765559788,28.129147119325],[-100.035927372808,28.141079568536],[-100.042397255703,28.1505812388127],[-100.03560714553,28.1517302080387],[-100.040428656162,28.159015599299],[-100.034767984507,28.1574635309869],[-100.032921598386,28.160454176343],[-100.034661023495,28.1701121971483],[-100.041970466971,28.1695907094513],[-100.036629385649,28.1778794687294],[-100.05152194481,28.1768306350583],[-100.055321770349,28.1630024001105],[-100.058510231222,28.1646884952789],[-100.057000040127,28.168766386907],[-100.065789363822,28.1662832212621],[-100.065483936012,28.1619341667942],[-100.072274033841,28.166336654412],[-100.058327467978,28.1711576807145],[-100.059364785811,28.181339537005],[-100.036385093612,28.185554830133],[-100.032173761663,28.1909178345838],[-100.030617500955,28.2133716123143],[-100.003929803701,28.2263721723558],[-100.01337537809,28.2408862438578],[-100.035561949094,28.251854395135],[-100.04570858012,28.271053762975],[-100.045022304773,28.2787902411848],[-100.052407445846,28.2879375611659],[-100.049202682102,28.2919780535033],[-100.058632779037,28.2983014634117],[-100.051979624753,28.3120426468664],[-100.043373778589,28.3140683701043],[-100.03594268303,28.3288460252669],[-100.030174799404,28.3297580314697],[-100.02489546779,28.3656967588485],[-100.020089531722,28.3663146024096],[-100.009972405202,28.3836905453686],[-99.9825515301998,28.4125526644551],[-99.9622427261898,28.403050007106],[-99.9502347551626,28.4156882351447],[-99.9411095963693,28.4195448741346],[-99.9564913787072,28.422848405515],[-99.9601829392542,28.4272273390141],[-99.9370048075032,28.4468840469601],[-99.9280642439678,28.4495318514596],[-99.9112325545733,28.4385074934651],[-99.8641134231443,28.4953843252114],[-99.8441560952836,28.5219274019736],[-99.8429638543204,28.5260013265299],[-99.8471297599534,28.5193867139167],[-99.8596119543895,28.5133370859595],[-99.8600697645555,28.5194594039968],[-99.8765640064365,28.5237350711582],[-99.8818286164109,28.5283891156959],[-99.8817525515699,28.5336573387338],[-99.8922661515355,28.5323153098518],[-99.8865596237638,28.5454110697412],[-99.8915799667515,28.5400472525695],[-99.8953633669766,28.5412749700698],[-99.9015421708038,28.5541646184926],[-99.8984457245351,28.573654459806],[-99.9012536091686,28.5815277589367],[-99.9063954566049,28.5759352361827],[-99.9111569151323,28.5765840018599],[-99.9194418487457,28.5786332868946],[-99.9237455040564,28.584324473075],[-99.9462825739223,28.5863685829177],[-99.9564293790611,28.5978478157787],[-99.9687895916459,28.5973445214678],[-99.9723894686406,28.609562590998],[-99.9792565608665,28.6132245829379],[-99.9793326842205,28.619346792833],[-99.9916766649618,28.6221580947236],[-99.9955680924389,28.6387828010364],[-100.004936640072,28.6433378115706],[-100.006691568649,28.6538547609368],[-100.023873169868,28.6590276532415],[-100.037774310089,28.671437278726],[-100.039345959238,28.6826411158292],[-100.063607002434,28.6909493318582],[-100.072518083289,28.6996235199573],[-100.095803527428,28.7376414597973],[-100.096978155146,28.7483332222808],[-100.102944086291,28.7507399609982],[-100.103798498662,28.762523982556],[-100.113213040512,28.7644920083863],[-100.116448250107,28.7729917051651],[-100.134987266377,28.7838026872371],[-100.138726067224,28.7953260745273],[-100.133858344072,28.8078543788034],[-100.146752341466,28.8207780917654],[-100.145836303087,28.8255966728004],[-100.128380514777,28.842480503226],[-100.113442367857,28.848122703081],[-100.108009983005,28.8675204350269],[-100.090829169433,28.8758130078106],[-100.078987761411,28.8951572094718],[-100.060112529463,28.9044349243071],[-100.05857139087,28.911202047871],[-100.067833628286,28.9221079148202],[-100.063378604124,28.9307367346707],[-100.044213060918,28.9340590096187],[-100.032189307793,28.9271855181692],[-100.025475572181,28.9395522667612],[-100.000893425377,28.9478460069095],[-99.9870536222576,28.970462541277],[-99.9634481256438,28.9683770180939],[-99.9507838077039,28.9754109372227],[-99.9306725667126,28.9705395246874],[-99.9189681012785,28.9815710312088],[-99.9065943071112,28.9839070411571],[-99.8626785563685,28.9836273379266],[-99.773766441339,28.9912763731396],[-99.7493821795517,29.0142940265483],[-99.7362301931293,29.0181472142651],[-99.7252036545381,29.0347755722477],[-99.7147607897722,29.0354006213627],[-99.7126542853687,29.0421909386658],[-99.7030424330849,29.0431258101373],[-99.7010732584219,29.0387960583118],[-99.6698691625421,29.0514229189793],[-99.6503838552113,29.0535743850315],[-99.6297991349771,29.0635273370884],[-99.5738906250825,29.0566869312797],[-99.5617606771131,29.0320323845297],[-99.5542534638664,29.0294343477723],[-99.5461199309649,29.0324021878847],[-99.5340813718378,29.0212063894208],[-99.5202259613138,29.0268787450512],[-99.50614249078,29.0223546431736],[-99.4821100506328,29.0424119281159],[-99.4556818517131,29.0476533650093],[-99.4350056652766,29.0442287553851],[-99.4173518612904,29.0462693505974],[-99.3960962201511,29.0525866197201],[-99.394219162783,29.0582208256449],[-99.3908161199906,29.0580869537552],[-99.3913500273474,29.0633515758955],[-99.3848504084262,29.0668077092315],[-99.3673480696431,29.0694666635939],[-99.3088921747702,29.0668412287838],[-99.2926718903931,29.0596243545763],[-99.2693721253688,29.0795175867034],[-99.2403186890518,29.0812533476514],[-99.2374194306086,29.0895881909304],[-99.2267530359897,29.0852283555707],[-99.2233207538315,29.0788461189656],[-99.2147903869519,29.0868954183645],[-99.1861497393623,29.0865481270165],[-99.1747972370897,29.0897000261633],[-99.1670307972018,29.0971643996348],[-99.1425563527898,29.0888030148153],[-99.1344834003535,29.0774197961602],[-99.1088027927329,29.081844962218],[-99.0791104364677,29.096726211938],[-99.0669490955114,29.0980378348225],[-99.042458302549,29.0932124223399],[-99.0266202783763,29.0777097950272],[-99.0126268542031,29.0795480657312],[-98.9922266124768,29.0891163896091],[-98.9785391641456,29.0895160828657],[-98.9753955235325,29.0886236578681],[-98.9821400921455,29.0827259728305],[-98.9683004293274,29.0756224410091],[-98.947685856733,29.0773364015912],[-98.9354631861551,29.0727925581537],[-98.9021989341875,29.080269913396],[-98.8739553291704,29.1048937452111],[-98.8572465056743,29.1038712942743],[-98.8707505583984,29.0859532951813],[-98.8080823886973,29.0735702901317],[-98.8004692144475,29.0648585151898],[-98.7922139260345,29.0641708011362],[-98.7807696675458,29.0741045334805],[-98.7710200714551,29.0676964391272],[-98.7358941615651,29.0793276289213],[-98.7262044509816,29.0717696162072],[-98.7186662184822,29.0709041849007],[-98.7032553651977,29.0849189315967],[-98.6709058934842,29.0847742607638],[-98.6331406106788,29.0973138309249],[-98.6189954757421,29.0973933356696],[-98.60240930412,29.0880894402688],[-98.602349214525,29.097541795055],[-98.5985797761662,29.1004841377301],[-98.5918347354361,29.0919272542467],[-98.5779348601151,29.089706297899],[-98.5631480764424,29.1015894818884],[-98.550361292238,29.0993617959982],[-98.5416494785246,29.1093757158114],[-98.5302362844574,29.1073691544913],[-98.5230180554728,29.1163414412823],[-98.5141987758488,29.1191339183162],[-98.4794547969662,29.1159717047508],[-98.4602434473188,29.1238519968712],[-98.4568705271641,29.1188248340236],[-98.4448631750001,29.137492979754],[-98.4175496149777,29.1521040478049],[-98.4158713907124,29.1566928140324],[-98.4001996386694,29.1433498403657],[-98.398872745697,29.1508605431677],[-98.3808671202793,29.1549957847033],[-98.3760609458454,29.1620611423781],[-98.3783041930879,29.1660622530002],[-98.3609087206818,29.1731723083613],[-98.3548656272678,29.1709032607577],[-98.3498919426215,29.1739576562333],[-98.3505634754091,29.1626139274231],[-98.3457412943682,29.1695604709667],[-98.3358540853468,29.1709146357959],[-98.3376392068741,29.1752024516863],[-98.3325272043503,29.173676035034],[-98.3333964687412,29.178597397523],[-98.3156815538613,29.174191393816],[-98.3034134517207,29.1858607250177],[-98.2348865791353,29.2002111344135],[-98.2273947866783,29.2104303780857],[-98.2195360490088,29.2113651395306],[-98.2137382030814,29.2213488904361],[-98.202598391821,29.2278487868061],[-98.1996843148954,29.2361605078927],[-98.1774980995386,29.250133867691],[-98.1718215897494,29.2605712867471],[-98.1591717301834,29.2640390200382],[-98.1547011256744,29.260723610352],[-98.1529617206771,29.2704094824051],[-98.1492075591162,29.2671512414934],[-98.144569908058,29.2704241798446],[-98.143440332863,29.2659610983639],[-98.1328510025492,29.2787556048635],[-98.1258779103674,29.2737284415577],[-98.1117168713549,29.2758145336979],[-98.1100998223045,29.2844088109248],[-98.1032026910529,29.2830479573422],[-98.0856254425969,29.2896087371841],[-98.0816880547575,29.2847443051074],[-98.0799333916208,29.2925961969834],[-98.0555501161109,29.3080372050684],[-98.0385207539899,29.2958573747005],[-98.0342029504355,29.3003892770314],[-98.0164869009008,29.3021280630003],[-98.0000986743334,29.3187572413743],[-97.9930039749572,29.3502390990046],[-97.989357718032,29.3390886367148],[-97.9851761931935,29.3450480517069],[-97.9829332287051,29.3385093944592],[-97.9787678394682,29.3542485912183],[-97.9724198552846,29.3600130953246],[-97.9659648626936,29.3580598695375],[-97.9558491291591,29.3686914255849],[-97.9522931501111,29.3641169950891],[-97.9501113870879,29.3696445740929],[-97.9462966183724,29.3653036097284],[-97.9332966985459,29.3664862175004],[-97.9379811823553,29.3743593484105],[-97.9302750904846,29.3719680998188],[-97.9235459293154,29.38780276857],[-97.9144969517215,29.3903504771675],[-97.9150162581191,29.39583288129],[-97.8966899025874,29.4176306943962],[-97.8912888139891,29.415939734226],[-97.8884357104553,29.4206739670341],[-97.8863149156701,29.4157905143563],[-97.8794170615625,29.4148151592849],[-97.8764422677427,29.4197775609449],[-97.865485973552,29.4219519955425],[-97.8631672745646,29.4269071324262],[-97.855049231306,29.423718510709],[-97.8517988611666,29.4277695963581],[-97.8461990745403,29.425968823732],[-97.8321768375207,29.4448320356002],[-97.8297812476728,29.4591640485255],[-97.8208546392142,29.4582144943114],[-97.8258130344274,29.4636891823507],[-97.8241812684144,29.4702311108894],[-97.8110275337577,29.4706621526829],[-97.7988204570399,29.4631276698803],[-97.7954334009675,29.4667248109828],[-97.7894053083188,29.4634401558756],[-97.7799152380354,29.4707873032699],[-97.7820817364139,29.4769897709153],[-97.7766954481074,29.4833613111855],[-97.764808425863,29.4885145650924],[-97.7623822027897,29.4816857323304],[-97.7485281532179,29.4928174535116],[-97.7459643622977,29.4954879549981],[-97.7502675476927,29.5348253697421],[-97.7487871831622,29.5393648714824],[-97.7336966617288,29.5489090400019],[-97.7378928583977,29.5518229887741],[-97.7359236189037,29.5555694847101],[-97.7286455688297,29.5554475097743],[-97.7247086516298,29.5449230263022],[-97.7170183288207,29.5506412652204],[-97.7133712710917,29.5485771806514],[-97.7135085695725,29.5520071902037],[-97.7050863115839,29.5534444586438],[-97.7044912306331,29.5504761548872],[-97.7009810061888,29.5553331102988],[-97.6919326935163,29.5546616023769],[-97.6899638220314,29.5616694697581],[-97.6819838190936,29.5490268037321],[-97.6807171071572,29.5544824855913],[-97.6722952890321,29.5595745074968],[-97.671562806826,29.5696533633017],[-97.6656119790218,29.5777400949037],[-97.6571273864071,29.5790640530847],[-97.6465527328187,29.5746351525698],[-97.6448440505755,29.5815817280746],[-97.6404339946582,29.5804979151931],[-97.6397634036054,29.5837683820812],[-97.6360395515691,29.5807887623449],[-97.6335069485705,29.5922062134246],[-97.6262742023248,29.5913899758124],[-97.6239850004498,29.6059457195209],[-97.615150977911,29.6033824256292],[-97.6071553561988,29.6075523957477],[-97.6032182068343,29.5968559432364],[-97.593330261047,29.5971603973504],[-97.5711904531057,29.6201635020211],[-97.571677573765,29.6296508822761],[-97.5549090917064,29.6379401194247],[-97.5566334007905,29.6540996804043],[-97.5515825863484,29.6574293030113],[-97.5522997905059,29.6539888668106],[-97.5442277554266,29.6534082829309],[-97.5427321457163,29.6652648597803],[-97.5305555657004,29.6601646190983],[-97.5355757608299,29.6690762015469],[-97.5409771274807,29.6703190811735],[-97.5397267443764,29.6735389606716],[-97.5334393536308,29.6742522884414],[-97.5266651460098,29.6810882056246],[-97.5195396213598,29.6941075650286],[-97.5083694410351,29.6933951219795],[-97.5058671158,29.7083516172545],[-97.5132519853111,29.7098013490458],[-97.5190960000579,29.7176744599552],[-97.5066001209634,29.7196665838241],[-97.5091320416741,29.7298129427248],[-97.5008312300009,29.7319807128992],[-97.5053629712966,29.7396399058972],[-97.4861530470203,29.7374890538808],[-97.4794547816574,29.7455791278043],[-97.4915852785797,29.76686910369],[-97.4835592822311,29.7622837825283],[-97.4847334576902,29.7583780015486],[-97.4791789293709,29.7522740638629],[-97.472999564243,29.7516634210037],[-97.4647592949253,29.7581761751414],[-97.4767071774705,29.7686045031814],[-97.4768747786901,29.77477720967],[-97.472007815985,29.7704929549857],[-97.4661178605682,29.7719387646213],[-97.4674454435674,29.7803319959265],[-97.4601973878426,29.7830505371883],[-97.4528126077469,29.7740519926243],[-97.4492411321086,29.7762684979893],[-97.448738058658,29.7855952647922],[-97.4567182361633,29.7991069360167],[-97.4554373372688,29.8051303249308],[-97.4608380515749,29.8055199536037],[-97.4669421970988,29.8171666964113],[-97.4482036626965,29.8160870837744],[-97.4524158789359,29.8318138156703],[-97.4444349347532,29.8307724410494],[-97.4472125342024,29.8357129902586],[-97.4438397567872,29.8382153886254],[-97.4287800862641,29.8415453277606],[-97.4336619643141,29.8464050827778],[-97.4295278137376,29.8474847805814],[-97.4319075473442,29.8555755966393],[-97.4195022034972,29.8493244321402],[-97.4159935098202,29.85588479245],[-97.4213790364343,29.8597071668019],[-97.4169543804495,29.8662805986929],[-97.4176868440878,29.8742229040525],[-97.4231030045318,29.8845069929023],[-97.4146200428385,29.8878145316929],[-97.4162515058563,29.8832178483799],[-97.4127421846286,29.8817761615509],[-97.4083169874011,29.8930363287638],[-97.403297940237,29.8869212031081],[-97.4000013703164,29.8993727006704],[-97.3965831008488,29.8951230591212],[-97.3931960975397,29.9012842365517],[-97.396934130094,29.9090166692186],[-97.3923415504973,29.9088986942575],[-97.3905104411079,29.9016008643555],[-97.3889692955555,29.9077382930987],[-97.3827589947442,29.9104469307977],[-97.380988744614,29.9272809355116],[-97.3778765492965,29.9138765797245],[-97.3730237611262,29.9229135959501],[-97.376990736791,29.9280702826092],[-97.3674085884995,29.9335597590874],[-97.3598399627167,29.934048471834],[-97.3567270755092,29.9202474110368],[-97.347602943295,29.9334493589503],[-97.3410572670349,29.9357003739944],[-97.3363421570291,29.9325536948246],[-97.3361436009286,29.9417050539611],[-97.3435895418404,29.9460226186827],[-97.3398358201136,29.9499559293051],[-97.337226389803,29.9474110666587],[-97.3368299226875,29.9561655899404],[-97.332359279428,29.9597638471328],[-97.334373828731,29.962426297545],[-97.3285445629775,29.9647833009956],[-97.3289722566785,29.9711231881828],[-97.3170247691172,29.9686326819326],[-97.3256461050166,29.9644171951006],[-97.3183512354097,29.9608967911333],[-97.3245771357997,29.9509898587146],[-97.3104776400906,29.9579022225251],[-97.3151628206833,29.9633948011128],[-97.3093489673945,29.9656919399905],[-97.3118974179779,29.9729238212178],[-97.3076858598527,29.977546690922],[-97.3109362307515,29.9794547814952],[-97.3065875882701,29.9829338499743],[-97.3003772170424,29.981403517186],[-97.2974773137414,29.9860697488581],[-97.3026348462586,30.0003059030032],[-97.3001934686676,30.0065703582407],[-97.2875599561478,30.001381878871],[-97.264274397677,30.0133865668561],[-97.2703775444066,30.043068735546],[-97.2641372447676,30.0623488596503],[-97.2674783189707,30.067310861251],[-97.2626719254255,30.0753558835582],[-97.2664410417606,30.0775684141652],[-97.2654946095893,30.0830694517684],[-97.273674607009,30.0838214433288],[-97.2661208144184,30.0874187454477],[-97.2722848754645,30.0907601549007],[-97.2666246432887,30.0913664754459],[-97.2690652218762,30.0996560472929],[-97.2608870631022,30.1086966506427],[-97.268638516762,30.1117977750742],[-97.2605051710551,30.125935270801],[-97.2485736128376,30.1270413688127],[-97.2426829082267,30.1318866082225],[-97.2400592581045,30.1428421277086],[-97.2247392958802,30.1413318602328],[-97.2302471086353,30.1534396385806],[-97.229255392907,30.1780090763364],[-97.2248922151048,30.1861694602694],[-97.2154925190463,30.1825035908691],[-97.2101671338163,30.1845942636549],[-97.220909124389,30.1996510353453],[-97.2167739927996,30.2033400607917],[-97.207710905154,30.2013858999622],[-97.2116776685189,30.2104115021464],[-97.2087328680937,30.2226836116305],[-97.2116006044543,30.2344060966571],[-97.2067482422371,30.2394195700233],[-97.1859822230333,30.2432601254215],[-97.181327681878,30.2486121558149],[-97.1859208179821,30.2629023036434],[-97.1727366381597,30.2766623457769],[-97.175116790267,30.2851222153522],[-97.1678692952033,30.2875139545158],[-97.1724777143891,30.2944721503797],[-97.1609426626285,30.3082818630865],[-97.1617960240479,30.3260272281588],[-97.1549457510802,30.3298461641359],[-97.154213495504,30.337578068294],[-97.1444470676949,30.3406114118648],[-97.1434249829069,30.344566903362],[-97.123939418612,30.3480502816531],[-97.1173175156276,30.3644609929248],[-97.1039499404446,30.3630381002998],[-97.09717536557,30.3700034900511],[-97.0868759344394,30.3711436463548],[-97.0795366858879,30.3929947615709],[-97.0854107645503,30.4017263307931],[-97.0540841337232,30.4493492798143],[-97.0427172896454,30.474255241858],[-96.9772714471862,30.5411921747127],[-96.9483107147776,30.5642101056121],[-96.9264145358462,30.6119924304441],[-96.9007491493402,30.6531996452167],[-96.8516308864682,30.6771251641832],[-96.8487167523997,30.7093136012411],[-96.8396223548532,30.7118050054834],[-96.8377609878046,30.7248053381481],[-96.8228984547797,30.7282833240482],[-96.8230668044,30.7348683300388],[-96.8141859769173,30.7409063513731],[-96.8165359731311,30.7473156082432],[-96.8095163006208,30.7542049512627],[-96.7981340169027,30.7619638169615],[-96.7936624049898,30.7575690717599],[-96.7849806040411,30.759479852936],[-96.7823709551765,30.7744304246129],[-96.7773212947897,30.7744458893497],[-96.7715838157492,30.7626661458805],[-96.7646104842823,30.7607923779818],[-96.7683482328587,30.7690851955742],[-96.7569953749703,30.768768852379],[-96.7569659813598,30.7807363008392],[-96.7628096534573,30.7816397581332],[-96.7575760441139,30.7842835504321],[-96.7632220050468,30.7847303918717],[-96.7621682365843,30.7905171726843],[-96.7509388317651,30.7884220367293],[-96.7560187500661,30.7990619468153],[-96.749702036361,30.7934077414116],[-96.7373421966417,30.7951553413124],[-96.7398146789481,30.8001296970893],[-96.7364422681684,30.8024831583727],[-96.7398910409202,30.8032237502174],[-96.7288127649625,30.8085717160409],[-96.7332384600566,30.8194976537616],[-96.7203439534301,30.8206112106556],[-96.7148513292619,30.8249750271999],[-96.6913981648987,30.8811920476352],[-96.6388779762075,30.9151738275499],[-96.6306526756852,30.9309326441958],[-96.6188889054635,30.9311227753265],[-96.6198351380935,30.9411974235727],[-96.6049418042379,30.945966133767],[-96.6095500496309,30.9561540991953],[-96.5966407038137,30.9563414177858],[-96.5954361726679,30.9488991667294],[-96.5908424695945,30.949761211797],[-96.5830910118799,30.9672898271283],[-96.5629351773978,30.9714332042975],[-96.5567548199171,30.9814575625774],[-96.5402594306153,30.9910899129034],[-96.537605341621,30.9979036689318],[-96.5271524894203,31.0006615778503],[-96.5178291684442,31.0099112984964],[-96.5177837238253,31.0182270712695],[-96.5096363001139,31.0192798404856],[-96.498619206436,31.0337996744128],[-96.4942391710225,31.0497224985175],[-96.4782180614585,31.0448281240698],[-96.4733803447115,31.0483630514419],[-96.4461285975159,31.0478295584404],[-96.4372170852894,31.0544370808534],[-96.4384528226272,31.0583995975975],[-96.4282297214737,31.0621926753335],[-96.4317554300564,31.0712713818318],[-96.4207681098704,31.0699511992501],[-96.4233930702968,31.0843599033872],[-96.4144970547445,31.0968717755158],[-96.4049000148189,31.095849665126],[-96.4018777052154,31.1069575534319],[-96.3952249112002,31.1046266863975],[-96.3974383525967,31.1122677960838],[-96.3837358649893,31.1158649889397],[-96.3788379622396,31.1281094202034],[-96.3683848647783,31.13246632771],[-96.365684362845,31.1299866784547],[-96.3722604323631,31.1250888066862],[-96.3641122283937,31.1250468389039],[-96.3562700013767,31.1307393095439],[-96.3620674484812,31.1474549195216],[-96.3547436564236,31.1534932119609],[-96.3579934536829,31.1560903649515],[-96.3510504841984,31.1715366633946],[-96.3290633156291,31.1823630087678],[-96.3308790122032,31.1898288584309],[-96.3270337077678,31.1863650872245],[-96.3270486888573,31.1915254512926],[-96.3185197085045,31.198586067237],[-96.3164139068007,31.1943866319381],[-96.3106768999187,31.1942374898251],[-96.3052133023441,31.2083707851969],[-96.2923814212739,31.2166078160088],[-96.2904274153045,31.2258263295533],[-96.2976753100918,31.2220892076436],[-96.3009254355341,31.2252060800679],[-96.2951277961164,31.2310188226475],[-96.2929306338265,31.2456254312928],[-96.2888404317345,31.246118009061],[-96.2874975962862,31.2395712744596],[-96.2772588691203,31.257573648337],[-96.2777937564068,31.2633679966447],[-96.2675543390971,31.2657676781314],[-96.2631754319892,31.2775545387251],[-96.270774252216,31.285859252734],[-96.2655108031191,31.2849086275947],[-96.2640458576859,31.2916652407339],[-96.2550576098257,31.2941302580776],[-96.2576666667723,31.3017168187088],[-96.2510908478001,31.3117120860881],[-96.2434002797931,31.3124048338484],[-96.2307813690739,31.331532608113],[-96.231422670305,31.3410545245154],[-96.2278665682642,31.3428089103801],[-96.2309487969963,31.3554425834341],[-96.2228929496593,31.3721363419531],[-96.230689834437,31.3756264934491],[-96.2280502367518,31.3775609008986],[-96.2313455877776,31.3834321594153],[-96.2259904039122,31.3903899294486],[-96.2238533107816,31.3826341095431],[-96.2202678671465,31.3874300709609],[-96.2179028193758,31.3825964315335],[-96.2143175562442,31.3876776921222],[-96.2095253556846,31.3855218327368],[-96.20941929075,31.3893633811719],[-96.2052996299053,31.3855484392938],[-96.2027809423487,31.3904663371254],[-96.2005540751239,31.3856901243371],[-96.1999884001533,31.3882650258036],[-96.1891405966831,31.3833743481325],[-96.176886565368,31.3848937132365],[-96.1789313137709,31.380551755221],[-96.1742785796218,31.3783958821443],[-96.1694561992263,31.3977435233876],[-96.1718519510628,31.3994798511279],[-96.1578436935649,31.4013302896521],[-96.1591407159748,31.4052978651905],[-96.14672043168,31.4098521547665],[-96.1553413549131,31.4177711818607],[-96.150122648509,31.4238098424383],[-96.1424170351109,31.4247869133479],[-96.1363134784972,31.4382743276885],[-96.1176067584103,31.460038153117],[-96.1148608491049,31.4721723904259],[-96.0907976278288,31.4870686206348],[-96.0971294076628,31.4951486304454],[-96.0963812153455,31.5027096812822],[-96.1045914074799,31.504036754886],[-96.0932844078391,31.5154167283716],[-96.0905837896542,31.5120136926525],[-96.0848456726243,31.5150649722402],[-96.0818399936567,31.5086759675184],[-96.0719368111942,31.5205229383448],[-96.0728381468016,31.535038327239],[-96.0575478828011,31.5596335128725],[-96.0620650485958,31.5619022319656],[-96.0584937403063,31.5646307212241],[-96.0615911887275,31.5746279697267],[-96.0560067437424,31.5824973393124],[-96.0616987245575,31.5827716049888],[-96.0568152403306,31.5934579674443],[-96.0594854333538,31.6049478714267],[-96.0554420763614,31.602101271355],[-96.0355761281027,31.6036049146362],[-96.0458904829025,31.5989277922941],[-96.0446087504967,31.5937585767632],[-96.0313790614213,31.6008195153991],[-96.0237341570798,31.5958229851377],[-96.021354766843,31.6049211173505],[-96.0184860566217,31.6036921156063],[-96.004843790946,31.61728418263],[-96.0009835447622,31.6140989805067],[-96.0000069259821,31.6227653619075],[-95.9845953167363,31.6161817822183],[-95.9685435489932,31.6157430446341],[-95.9681316374116,31.6235813044234],[-95.9720068894485,31.6227356013735],[-95.975867896385,31.6288089131667],[-95.9716405452616,31.633202472578],[-95.9747384955496,31.6376851991101],[-95.9720231675485,31.6402910945945],[-95.9766612320051,31.6449822610516],[-95.9796677932061,31.6317917789933],[-95.9834367812591,31.6529060696197],[-95.9921336865177,31.6591492726337],[-96.0000073145399,31.6528828882307],[-96.0005864998657,31.6669397895179],[-95.9883796422393,31.6637129039605],[-95.9852972922468,31.668324406263],[-95.9786753501953,31.6657729375704],[-95.9754102888726,31.6715903838666],[-95.9654766926342,31.6715939512915],[-95.9766003498314,31.6912474586013],[-95.9687570003081,31.7043808827803],[-95.9689404860659,31.7159860194058],[-95.9785232793843,31.6932844009903],[-95.9851453319172,31.6998951999896],[-95.9778367785261,31.7011241249572],[-95.9839093757733,31.714547957324],[-95.9826737165908,31.7301185730021],[-95.9787064700155,31.7341134712365],[-95.9806291094355,31.745011718226],[-95.9712438264325,31.7498146809655],[-95.9682531798656,31.7477885123224],[-95.9646376270628,31.7528090883307],[-95.9731063368732,31.7780969236109],[-95.9651402960829,31.7805381339235],[-95.9633408901726,31.7850206477292],[-95.9805064875634,31.8278180852604],[-95.9850530614001,31.8554963821838],[-95.9749223752145,31.8857541548832],[-95.9565501289436,31.9158254560301],[-95.9628065329755,31.9189537278142],[-95.9379951716955,31.9426929350934],[-95.9416115386066,31.9456795159538],[-95.9384838660794,31.9565833577667],[-95.9435646810953,31.9538350872002],[-95.9474715405469,31.9668250850891],[-95.9472422941353,31.9735762596283],[-95.9411847366671,31.9737632674549],[-95.9456399478112,31.9824038808213],[-95.9485082263739,31.9814535580711],[-95.9471971277221,31.9919902869219],[-95.9378432512742,32.0036058628062],[-95.9459302098372,32.0075357087315],[-95.9449074423893,32.0159811977956],[-95.9360112653862,32.0209544189866],[-95.9324716614806,32.0424620615361],[-95.9284280797819,32.0436001274414],[-95.9261395290213,32.0533733743687],[-95.920234275879,32.0555616214228],[-95.9242781743221,32.0642439314942],[-95.9226909788345,32.0897412074184],[-95.9148176801881,32.1108823833747],[-95.8986892876661,32.1218467163645],[-95.8961402186279,32.1326656021874],[-95.8838574778554,32.1481146943256],[-95.8793859569753,32.1480453579963],[-95.8750837485511,32.1693243023704],[-95.8624029978422,32.1808220199685],[-95.8461837909649,32.1864445423397],[-95.8499365332927,32.1944401119669],[-95.8474196517146,32.1977358825891],[-95.851950733647,32.2025654512042],[-95.8397133804901,32.2081423728766],[-95.828864531275,32.2062430384043],[-95.8279338938031,32.2173282674528],[-95.819632843538,32.2246978340815],[-95.8225625031723,32.2306421969444],[-95.8114388400344,32.2384382560402],[-95.8154223579842,32.2437407695626],[-95.8097603909905,32.244795047532],[-95.8174820110927,32.2552542087351],[-95.8105086421897,32.2609456283031],[-95.8160779448241,32.2666833566005],[-95.8128732138675,32.2757307345266],[-95.8195421428241,32.2730765547207],[-95.8186722279515,32.2834750508807],[-95.8144604445317,32.2877024025008],[-95.8204576986433,32.2950483295107],[-95.8198614180282,32.3014194688158],[-95.8428420920339,32.3278708922192],[-95.8296889700407,32.3363315051785],[-95.8242105588694,32.3325393307216],[-95.8246225484173,32.3376429719891],[-95.8183209248961,32.3373616990343],[-95.8141547810406,32.3453178824422],[-95.8084489224716,32.3442358885816],[-95.8137584875457,32.3362024661976],[-95.8116374599612,32.3349577418161],[-95.8099593452649,32.3403140618674],[-95.7971720463471,32.3470969921645],[-95.7990491680471,32.3401389574552],[-95.7950811284152,32.3382240416514],[-95.8059923702318,32.333066077628],[-95.8131174569347,32.3240400161286],[-95.8097297108682,32.3241932618219],[-95.7686378894059,32.3472028387348],[-95.7711413329598,32.356710122301],[-95.7821271762017,32.3526968887108],[-95.7828285100184,32.3594025140834],[-95.7882147730976,32.3614788834597],[-95.7871171200293,32.3658489188848],[-95.791831617242,32.3629893127393],[-95.7997353811742,32.3666959758206],[-95.8020245960667,32.3708621784804],[-95.7946089585168,32.3735784996936],[-95.7966377084124,32.3832607398428],[-95.8025127487909,32.3823979202329],[-95.8016275425494,32.3764924292112],[-95.8053046639304,32.3730665929435],[-95.8118508445247,32.3755307572836],[-95.807181290883,32.3811999062606],[-95.8142613770762,32.3837715166295],[-95.8140793189048,32.3899127002543],[-95.8180613716574,32.3884323025482],[-95.8170393651352,32.3987778761612],[-95.8231430196268,32.4034784562818],[-95.818427303631,32.4054158048029],[-95.8175425623156,32.4105884142043],[-95.8080367886052,32.4094818007629],[-95.8068773676051,32.4142578717251],[-95.8116216007293,32.4188587085097],[-95.8051680787197,32.4232227063816],[-95.8115614457046,32.430052093738],[-95.8006967913287,32.4392219046709],[-95.8111339142068,32.4384896225198],[-95.8005296427334,32.4469116991292],[-95.7948064806051,32.4452490364909],[-95.7894509023592,32.4552893820218],[-95.7814254995311,32.453358543803],[-95.776787093454,32.4569062707072],[-95.7724075081566,32.4489719782052],[-95.7533333586548,32.4427240016763],[-95.7569805445003,32.4355214949612],[-95.7633888211164,32.4391915775219],[-95.770743980074,32.4355595268094],[-95.760338083066,32.4282586136069],[-95.7460549993157,32.4407858601132],[-95.73352842348,32.4426312917829],[-95.6984786706065,32.4778410217193],[-95.6907722628281,32.4743012693563],[-95.693840243931,32.4696253340272],[-95.6856607818743,32.4675185074798],[-95.6758494441971,32.4696698320793],[-95.6650465963115,32.4792387878854],[-95.6189337140228,32.4765363907503],[-95.6163102453155,32.484136997254],[-95.6090317240028,32.4824715541345],[-95.605917993359,32.489102688848],[-95.6001358828437,32.4879957462036],[-95.5971296506876,32.4991047704443],[-95.5931006168081,32.4967241732035],[-95.5876390895404,32.5178878134909],[-95.5899421582732,32.5295760155505],[-95.581458997658,32.5362430994844],[-95.5809405035548,32.5452533856716],[-95.571494091461,32.5449875267249],[-95.5736913789382,32.5782515770886],[-95.5764389268702,32.5803586104753],[-95.5780254210644,32.5767257792729],[-95.5905676677855,32.5744985574686],[-95.575049853923,32.6027426520862],[-95.5804515364222,32.6060853650649],[-95.5885546561567,32.600620450739],[-95.6070482598317,32.6015059004784],[-95.6149666238912,32.6116536982352],[-95.607841014944,32.6304747804004],[-95.6185068164476,32.6296971103025],[-95.620979240889,32.6373640713861],[-95.6310645942744,32.6451398655768],[-95.618995757407,32.6540805523141],[-95.6207962989458,32.6637002306335],[-95.5957405356193,32.6787767593656],[-95.5801610488639,32.6784487642529],[-95.5703043434744,32.6916094922582],[-95.5703349248495,32.7002160533459],[-95.5773083070728,32.6974607833418],[-95.5787584279462,32.7054869602253],[-95.5646887128364,32.725162977396],[-95.5704874236807,32.7205239650535],[-95.5731726814828,32.735943992371],[-95.5752332107633,32.7187713980931],[-95.5907357432517,32.7367145379189],[-95.5873179975297,32.7416189269172],[-95.5892406696191,32.7492414104943],[-95.5846939677881,32.7492722626388],[-95.5799635421215,32.7589539726893],[-95.5832589077245,32.7747092280416],[-95.5788030584249,32.7839853363457],[-95.5633764558298,32.786517798987],[-95.5647352907642,32.7800176840398],[-95.5746839908585,32.7804606347305],[-95.5792459707712,32.774966984429],[-95.5783922936711,32.7711300038445],[-95.5697856478003,32.7745329820293],[-95.557425427262,32.7718776871808],[-95.5732185936426,32.765034904408],[-95.569877350941,32.7637997414644],[-95.5490031181491,32.7672386560677],[-95.5480115123272,32.7752202196534],[-95.5342631860141,32.7822767133793],[-95.5349344554931,32.7758460117425],[-95.5254591838271,32.7801634799706],[-95.5193089934236,32.7782557705113],[-95.5299302652451,32.7657297372022],[-95.5138926662956,32.7747479018044],[-95.5135567281245,32.7692375934692],[-95.5056075776339,32.7763564812358],[-95.4823065216442,32.7750366988011],[-95.4796678970958,32.7840086179718],[-95.4848247594122,32.7952768419628],[-95.4889448190097,32.7924401198361],[-95.493873544133,32.8011755206353],[-95.4891578537852,32.8068372940902],[-95.4834210857385,32.7990151839441],[-95.4835890295263,32.8077979458271],[-95.4882425383978,32.8107427848198],[-95.4852366084522,32.8173108230373],[-95.4651868777783,32.8138392459529],[-95.4624852274701,32.8098424966252],[-95.4664067567113,32.8073465049407],[-95.4628515061743,32.8051960390531],[-95.4509661676345,32.8087206957149],[-95.4381792560983,32.8384839685678],[-95.4267190430173,32.8452724017284],[-95.4255600998986,32.8522844236546],[-95.4115522047512,32.8553653741605],[-95.4109563946584,32.8579525984425],[-95.4180525776898,32.8577851383385],[-95.4151068293551,32.8645209521983],[-95.4215772604283,32.86298102519],[-95.4146036205815,32.8762870959495],[-95.4070504593365,32.8780644889118],[-95.4023505178096,32.8932993792929],[-95.3929664286487,32.8963440136143],[-95.3937906470384,32.9042547183435],[-95.3881151058629,32.9103209594799],[-95.3926315303805,32.9112052487696],[-95.3941263861999,32.9183156713052],[-95.3879463055606,32.9209945417234],[-95.3868173439064,32.9328196276727],[-95.379951560943,32.9352231472131],[-95.3770363030849,32.9455082363232],[-95.3644018496422,32.9436395668116],[-95.359656501017,32.9474085536748],[-95.3635481735544,32.9621250720116],[-95.3545451123617,32.9710202168174],[-95.3611832738218,32.9730415975221],[-95.3580855249133,32.9787422359673],[-95.3625403482051,32.9801450068562],[-95.3602818174709,32.98767532235],[-95.3517535530679,32.9880186540979],[-95.3363418018961,32.9808309349221],[-95.3249732547566,33.0016140831453],[-95.3181217554472,32.997753947492],[-95.3215862891157,32.995785985783],[-95.3191597304998,32.9916666154317],[-95.3143382971423,32.9934753314158],[-95.3161236447658,32.9862338690093],[-95.3006665388188,32.9819691384516],[-95.2976761765313,32.9754448298064],[-95.2978591264236,32.9900190376175],[-95.2940285392463,32.9897505912197],[-95.2910682357115,32.9954501647816],[-95.2888568266829,32.9917955536964],[-95.2918924987781,32.9871258700726],[-95.2869940707982,32.9795814001549],[-95.2843699636224,32.9839606875137],[-95.2729102071307,32.9758812851789],[-95.2796550672813,32.9927642699959],[-95.2752912370139,32.9929089031562],[-95.2774577682584,32.9989734989557],[-95.2732316822567,33.0005467941061],[-95.2794264086671,33.0105631971646],[-95.2722694496583,33.0063224137925],[-95.273566943322,33.0133398993902],[-95.2703931411843,33.0140120141124],[-95.270057389425,33.0044064977808],[-95.2642279815483,33.005696842],[-95.2663347705875,33.0023456514733],[-95.2623663433876,33.0010340365606],[-95.2577737771134,33.005847933246],[-95.259529078571,33.0085656488948],[-95.2522040679122,33.0102206534258],[-95.2514573986975,33.019895550959],[-95.24907656919,33.0136386252021],[-95.2431099671705,33.0148134653397],[-95.2466815085624,33.022595021749],[-95.2531657980564,33.0239303077714],[-95.2513807019468,33.0262409102077],[-95.2439645215933,33.0233203427235],[-95.241996334805,33.0272411624013],[-95.2345040513321,33.0262574597509],[-95.2375558843387,33.0194065101958],[-95.2350386151113,33.015729724017],[-95.2248457593402,33.0235956226768],[-95.2239148168303,33.0139964930645],[-95.2065038076984,33.0080687700785],[-95.2509076127202,32.9989530616262],[-95.2451250247614,32.9921535450384],[-95.2581254235935,32.9982807532901],[-95.2607645321974,32.9948257231822],[-95.2665789777686,32.9971430225926],[-95.2644274858105,32.9919318782738],[-95.2702715125871,32.9878273013692],[-95.2626722219705,32.9846015770805],[-95.2645640662634,32.9817782411124],[-95.2486039065905,32.9842792392853],[-95.2617257822622,32.9763986891129],[-95.2326120166875,32.981328297583],[-95.2385625075636,32.9736072650623],[-95.2515937007483,32.9734152238594],[-95.2685469768916,32.9671834586684],[-95.263541309896,32.9646286480638],[-95.2656937252056,32.9606519052163],[-95.2603529590798,32.9587379893029],[-95.2541118073134,32.9632447874321],[-95.256797360192,32.9568059442829],[-95.2487413183615,32.9558148404531],[-95.245322270049,32.9652440852947],[-95.2397995680465,32.9639555480551],[-95.2247079420663,32.9732787666083],[-95.2231821772273,32.9699597116182],[-95.2328259977266,32.9633078855051],[-95.2300178619825,32.9610259738803],[-95.2421330409058,32.9564250390334],[-95.2382878016857,32.9533496830342],[-95.2536693448143,32.9479272193068],[-95.2321083716663,32.9479880402074],[-95.2369302629246,32.9443482926381],[-95.2284774177167,32.9468660521112],[-95.2297430073072,32.941174904159],[-95.2267991099615,32.9406168805566],[-95.222525860769,32.9426467467572],[-95.2224953456394,32.9493614435108],[-95.2193830462821,32.9439289422829],[-95.213736943684,32.9456225673152],[-95.2179330822321,32.950588497503],[-95.210425631139,32.9502839923232],[-95.2080144021652,32.9569591595861],[-95.2061379046252,32.9500775780417],[-95.1934881867178,32.9574852798428],[-95.1962507349914,32.9609189871465],[-95.1933207213781,32.9618501287163],[-95.1859818897338,32.9562132458822],[-95.183540409332,32.9594933979329],[-95.1877357343931,32.9638342010696],[-95.1818765139509,32.9648949046483],[-95.1835400551426,32.9698241964638],[-95.1791908964772,32.9718510363311],[-95.1756976275357,32.9706004660984],[-95.1743535528981,32.9616056119152],[-95.1800767468235,32.9615143595614],[-95.1801677148401,32.9540006318523],[-95.1746599998127,32.9580425496192],[-95.1761235766937,32.9517263061938],[-95.1724462165006,32.9522599751883],[-95.1718511345602,32.944004448359],[-95.1682198842545,32.9429293502206],[-95.1619489313239,32.9439897777115],[-95.1677166746603,32.9498188683462],[-95.1662521232844,32.9536104813328],[-95.1494974269006,32.9473776456783],[-95.148367838837,32.9524968745237],[-95.1591712949562,32.9666115887525],[-95.1508250959508,32.9639550158609],[-95.1453771358705,32.9665040332281],[-95.1426920725883,32.9621556041888],[-95.1416391493952,32.9676708225431],[-95.1475446474934,32.9728673215409],[-95.1434094202966,32.977818704072],[-95.1363446752321,32.9827845501457],[-95.1237708726557,32.9817030016141],[-95.1225655041057,32.9840595400086],[-95.1279668564051,32.9856400480466],[-95.1228256744014,32.994382023256],[-95.1308741492484,33.0034918586819],[-95.1276169713879,33.0065361757082],[-95.1166299349465,33.0014764844652],[-95.09747972731,33.0102580859666],[-95.0954349649802,33.0066807978843],[-95.0997690524204,33.0021021992216],[-95.0950241881293,32.9994794780997],[-95.0679701840831,33.0039731744877],[-95.0892409555138,33.0137367939213],[-95.0883863560024,33.0196420473822],[-95.0817490658978,33.0244729835652],[-95.0736768623874,33.0152564370403],[-95.0728069271586,33.0231058388393],[-95.067542478775,33.0222583110132],[-95.0671922833017,33.0290728602967],[-95.0598519363563,33.0256767147759],[-95.0611942548787,33.0212590333668],[-95.0524214208921,33.0212608079465],[-95.0545574611059,33.0263790875215],[-95.0476753692294,33.0260065627084],[-95.0458136082351,33.0362660708415],[-95.0498575780345,33.0376481315535],[-95.0458299253269,33.0402715493101],[-95.0403508300328,33.0392577884223],[-95.0413894426188,33.0323766321456],[-95.0325848022044,33.0344371559359],[-95.0318372484339,33.0310729398671],[-95.0369786250144,33.0287214525319],[-95.0337448810251,33.0275018247133],[-95.0410077238789,33.0224889395514],[-95.028922944378,33.0202993376839],[-95.0296396841965,33.0256705414943],[-95.0235508235051,33.0282039333967],[-95.0245437984033,33.034200380586],[-95.0176005903968,33.0456669546277],[-95.0172338976394,33.0367482236632],[-95.0061872737326,33.0387150823915],[-94.9997020556021,33.0460022868108],[-95.008689658832,33.0497254408308],[-94.9928205319567,33.0531282836831],[-94.9924538710878,33.0599951824052],[-94.970832730353,33.0611169649618],[-94.9897691878944,33.0503584848352],[-94.9795297760206,33.0527167330677],[-94.9751501909041,33.0475135946729],[-94.9845496811898,33.0432782175783],[-94.9780034749868,33.0426764788281],[-94.9831151099898,33.0356869729644],[-94.9973975615918,33.0383724677202],[-94.9964369619834,33.0345512545742],[-94.9825048017178,33.0315761645645],[-94.993080002887,33.019359319916],[-94.9721447246756,33.0269599465074],[-94.9708939420918,33.0373279971737],[-94.9625160396779,33.0402873465513],[-94.963370420485,33.0471390063718],[-94.9528730648854,33.0417227762019],[-94.9533758227797,33.0473744208829],[-94.9403916052477,33.0446200801395],[-94.9354783912628,33.0483361762672],[-94.9279241395292,33.0437964942077],[-94.933188382006,33.0409293587022],[-94.9332351689841,33.0362966369717],[-94.9378727558468,33.03670274906],[-94.9384834625123,33.032230776939],[-94.9464644334234,33.0288745608417],[-94.9440531974021,33.0276470622247],[-94.9489060496569,33.0202679213913],[-94.9357521789719,33.027859289447],[-94.93627132388,33.0219632237663],[-94.9309000489447,33.0265475065367],[-94.9272384883212,33.0226405060899],[-94.9245833093516,33.0272503896229],[-94.9204627000733,33.0245572741301],[-94.9188310060128,33.0287444444451],[-94.9157022805325,33.0253561126235],[-94.9054332174463,33.0254709392702],[-94.9020608577593,33.0193390467653],[-94.8903420817064,33.0227335860802],[-94.8898996545881,33.0456125597549],[-94.9028243749399,33.057301916129],[-94.9019538922686,33.0629784510014],[-94.9096299640564,33.0655183844075],[-94.9083321493773,33.0778842225334],[-94.9167856016795,33.0829286368058],[-94.9061657879494,33.0999799848675],[-94.9111855711409,33.1067853668131],[-94.9073247329334,33.1209002817438],[-94.9126052983322,33.1271335750852],[-94.9052803642332,33.1245862934904],[-94.9075536446352,33.1346265870391],[-94.8989480567333,33.1374715612757],[-94.8948282289384,33.1438645852463],[-94.8910901908436,33.1398501071186],[-94.8941413276994,33.1355796589954],[-94.8776469438584,33.1429801483648],[-94.8652262324583,33.1331680306855],[-94.8637464878522,33.1473656751262],[-94.8524553339919,33.1572761487574],[-94.8569871013866,33.1682023519728],[-94.8510362670457,33.1673026814346],[-94.8472516726318,33.1601922589053],[-94.8435890931785,33.1613820546041],[-94.8456336112188,33.1655326185147],[-94.8351207325649,33.1601003368691],[-94.8466253269094,33.1558577590493],[-94.8396528077625,33.1492966120767],[-94.8318864449606,33.1457255875123],[-94.8271552834504,33.1477780598311],[-94.8275677701537,33.1441781325615],[-94.8106004342901,33.1441307072463],[-94.8086614228474,33.1601687386621],[-94.8119737419547,33.1624714826519],[-94.8061437870779,33.1824384570443],[-94.7978276339237,33.1777849998614],[-94.8047703579598,33.1767396699781],[-94.7963479068319,33.174427828962],[-94.7976148832828,33.1685237689352],[-94.7849808609445,33.1712935048231],[-94.7650214080795,33.1588095764192],[-94.7566756421485,33.1700488262635],[-94.7583531699651,33.1729465432209],[-94.7531802893094,33.1734600108393],[-94.765495000149,33.1760766284575],[-94.7587205744132,33.1983918895379],[-94.7681799867487,33.1965141856826],[-94.7686378481848,33.1906245461802],[-94.7716445404228,33.200656839456],[-94.7813949871477,33.2047257888709],[-94.7722542670101,33.2049910237055],[-94.7734140432072,33.2140784393997],[-94.7684246355883,33.2176701546204],[-94.7637245130976,33.2178390587855],[-94.7677535651119,33.2098429019895],[-94.7600477124488,33.209873966272],[-94.759437004922,33.2053046329853],[-94.7506017770266,33.2068213271015],[-94.7527995400721,33.2030849918124],[-94.7437813749269,33.1971186488208],[-94.7461778236434,33.193601664008],[-94.7387159212903,33.1916251543386],[-94.741187995425,33.1880547424501],[-94.7263869848569,33.187291241454],[-94.7206799717669,33.1797980877692],[-94.7177806222974,33.1858868582928],[-94.7104261729812,33.1867653158984],[-94.7075423207426,33.1806225326963],[-94.6934888242632,33.1796164103218],[-94.6913214220968,33.1814703906851],[-94.6970133071308,33.1883890759459],[-94.6773298818849,33.1842395451202],[-94.688407049294,33.201968735539],[-94.7112956758676,33.2007735786334],[-94.7113715674266,33.2057466438518],[-94.7011643293997,33.2066477343767],[-94.6986310485687,33.2158256870817],[-94.6906196973996,33.2141317279608],[-94.6938093059344,33.2082101130081],[-94.6814803634457,33.2086149808109],[-94.6798168877848,33.2116067819555],[-94.6694562877588,33.2066782328414],[-94.6667247145865,33.2116200402809],[-94.6550521504241,33.2059070734002],[-94.6378242137544,33.2129332312146],[-94.6344983011136,33.2194266557181],[-94.6337050500067,33.2107434745852],[-94.6254953356393,33.2137352048049],[-94.6226725614115,33.2065013179979],[-94.6162186340763,33.2084477247104],[-94.6114873564038,33.2016868790403],[-94.6010662392769,33.1976678778956],[-94.5937572801032,33.2016281183081],[-94.5970068568499,33.2045101249147],[-94.5910557266649,33.208965606329],[-94.5942150195417,33.2161982619439],[-94.5869978091658,33.2162686949454],[-94.5932072524341,33.2278793861029],[-94.5872423016164,33.2250189988924],[-94.5836717226712,33.2283052603586],[-94.5757672549218,33.2244919964699],[-94.5839915180077,33.2222429933671],[-94.5801768724835,33.2163900698592],[-94.5774756538349,33.2192723867065],[-94.5732032109575,33.2155351807136],[-94.5672983716791,33.2175335238739],[-94.5677860581103,33.2131247386393],[-94.5822062210963,33.2101326213556],[-94.5781170702191,33.2046864170173],[-94.5759660551113,33.2069912969248],[-94.5755688909631,33.2025335254117],[-94.5678782452572,33.2044875963507],[-94.5762093658488,33.1945767031507],[-94.5746069099682,33.1863600159713],[-94.5692825896197,33.1848043599622],[-94.5631023537519,33.1930363003859],[-94.5435711362253,33.1897249946278],[-94.5568314343553,33.1988728103492],[-94.5573039728744,33.2033824154163],[-94.5510021105216,33.2013832599384],[-94.5481184521263,33.2056938770041],[-94.5500098531142,33.2093401265459],[-94.555869066946,33.2082560609638],[-94.5551525202105,33.2118122914722],[-94.5602490642824,33.2102771715617],[-94.5582951616382,33.2180676626942],[-94.5474469134706,33.2166803122353],[-94.5398784933044,33.2064561210706],[-94.5360172339712,33.2086091291906],[-94.5377881947211,33.2133366256053],[-94.5237199437944,33.2116891828504],[-94.5308599222544,33.221860341493],[-94.5380323394922,33.2229980972896],[-94.5347965948455,33.225317184199],[-94.5381382755167,33.2311224557191],[-94.5239778761623,33.2283231338487],[-94.5195226770622,33.220417602743],[-94.5120917489914,33.2200206974539],[-94.5132817892651,33.2168087662209],[-94.5047833640109,33.2192804287484],[-94.5009525821716,33.2121709672196],[-94.5002973581991,33.2153136598121],[-94.4963140736221,33.2132393172357],[-94.4979934782579,33.2215698895311],[-94.4947584185167,33.2248588541041],[-94.4862433855108,33.2258436414415],[-94.4856034139405,33.2301916257466],[-94.4801857575615,33.2271536887278],[-94.4779426000161,33.2332877821354],[-94.4663000829593,33.2361878281159],[-94.466361999051,33.229549621872],[-94.4720536239753,33.2255610525766],[-94.4602422015742,33.2313737703979],[-94.4541540124471,33.2289698834719],[-94.458075876955,33.2197853111232],[-94.4507361106634,33.2225916984311],[-94.4496532968269,33.2169934411555],[-94.4411237479386,33.2166037938803],[-94.4392467282117,33.2068986056753],[-94.4330520150915,33.2027169520211],[-94.43114494428,33.2085618366752],[-94.4199748869981,33.2166031944748],[-94.4087591716312,33.2137737241913],[-94.4129867746008,33.2129407572544],[-94.4120866003454,33.2047695531657],[-94.4177467363111,33.2050133610389],[-94.4126354748343,33.1996210283571],[-94.4095224659003,33.1829422382063],[-94.400184408935,33.188617509001],[-94.3986428377377,33.1985837190042],[-94.3948896696924,33.1970641088553],[-94.3926155059523,33.2012009436286],[-94.3967056759851,33.2086607027771],[-94.386374915472,33.2044496557679],[-94.3909371265156,33.1914331419638],[-94.3772202265748,33.1899927069101],[-94.3825149402408,33.2003595250572],[-94.3680954871343,33.1979579934598],[-94.3680493382438,33.2071041385915],[-94.3622657321506,33.2148097006447],[-94.3617322311848,33.2088666867727],[-94.3564978405905,33.2098221058585],[-94.3606033521512,33.2051585781223],[-94.3496933611088,33.2054632706417],[-94.352088474728,33.213283426948],[-94.3575054602827,33.2157018430568],[-94.3555672992079,33.2193190288655],[-94.3514934396342,33.2208371942307],[-94.3510207193941,33.2155194995494],[-94.3410260578005,33.211415369519],[-94.3401412523336,33.2184582168542],[-94.3497993629928,33.2224473211535],[-94.3426736249156,33.225871861013],[-94.3490819969791,33.2264593158691],[-94.3501655596549,33.2322801678799],[-94.3465647095833,33.2333957949332],[-94.3381725877974,33.225674769534],[-94.3319624293989,33.2332126398858],[-94.3304823287536,33.2284210980742],[-94.3189620106814,33.2275295246267],[-94.3211739745448,33.2242558114343],[-94.3150089839237,33.2216069035293],[-94.3214032600019,33.2196249484003],[-94.3209457784835,33.2144817780382],[-94.3291551385803,33.223682446307],[-94.332328611279,33.2219430667626],[-94.3276735922492,33.2133469310851],[-94.3323127983851,33.212856385922],[-94.3308943687412,33.2074333623434],[-94.3384167492962,33.2024046181707],[-94.3370124871685,33.199040414612],[-94.3486249669526,33.2000396598464],[-94.3431156254447,33.1956230623373],[-94.347343428822,33.1890166114248],[-94.330710444228,33.1883896398307],[-94.3186571749833,33.1969351501185],[-94.3152686796202,33.18472753212],[-94.3110114454398,33.1954471271543],[-94.3041148292715,33.1870918834334],[-94.2998113231288,33.1943787458784],[-94.2845986256241,33.1931124411309],[-94.2931741812671,33.1992844378093],[-94.2968816590495,33.208294195045],[-94.2897567013507,33.2129796268771],[-94.2842020758028,33.2083245703275],[-94.2806014775137,33.2108128577203],[-94.2848126808928,33.2236447448104],[-94.274650682607,33.2230263929257],[-94.2690202367494,33.2115145921379],[-94.264655877965,33.2115978314286],[-94.2612381977893,33.2332968755014],[-94.2500986309885,33.2237071275928],[-94.2496250343465,33.230511012392],[-94.2401345561171,33.2293757339556],[-94.2243720365789,33.2376453319233],[-94.2127606283493,33.2357220810292],[-94.2185435579135,33.241284209045],[-94.2079077180833,33.2502190760096],[-94.2014387513348,33.2434519212532],[-94.200233588804,33.2538120617754],[-94.1912603335871,33.2508278033753],[-94.1751931011738,33.2532697178911],[-94.174339044816,33.258649360543],[-94.1642380458179,33.2565955465007],[-94.1589427847991,33.2612592369218],[-94.1615820865808,33.2669566107898],[-94.1559522228671,33.2714516157865],[-94.1560125915257,33.2791718611779],[-94.1497571360769,33.2822383985992],[-94.1463852477485,33.2777922391777],[-94.1490086402581,33.2729763550382],[-94.144676048473,33.2689417733959],[-94.1508102068448,33.2681091798692],[-94.1485969982229,33.2639439845725],[-94.1563021781412,33.2456037242501],[-94.1431796245102,33.2519658524294],[-94.1380532866115,33.2505088487883],[-94.1333538467508,33.241444420286],[-94.1361308848037,33.2299925678579],[-94.1312931353295,33.2319074527479],[-94.1266554534281,33.2410776630722],[-94.127891132984,33.2499358005491],[-94.1186134635952,33.2603350773394],[-94.1049877905201,33.2643934409292]]]}},{"type":"Feature","properties":{"name":"Carrizo\u2013Wilcox Aquifer","state":"Louisiana","country":"United States","extent_type":"Mapped outcrop","component":"Carrizo","precision":"Official mapped boundary","source":"U.S. Geological Survey / Louisiana DEQ","source_url":"https://www.sciencebase.gov/catalog/item/5a344e4ce4b07ba1495b8bb2"},"geometry":{"type":"MultiPolygon","coordinates":[[[[-93.0687460744759,32.1491293603319],[-93.05879743745137,32.14416233649348],[-93.05437256240512,32.12915875902503],[-93.05032249769239,32.133765862309076],[-93.02801024574785,32.10261854063306],[-92.99543251348291,32.03909531398254],[-92.998077520991,32.03573669543272],[-92.99191480900771,32.02813838587541],[-92.99457570489412,32.0238031040149],[-92.98949915385634,32.01448428563149],[-92.99081917235894,31.986816824259144],[-92.99324042805634,31.975968595969576],[-93.00205251212938,31.97142960962969],[-93.00471500039329,31.97163630124629],[-93.0018161977554,31.98669779869929],[-92.99478934232211,31.993920379613296],[-92.9991534596148,32.000522616922204],[-92.99334010232928,32.01269817891613],[-93.00000023887272,32.013316961518996],[-93.00375389039759,32.02301408903661],[-93.00956728610241,32.021362381453706],[-93.02361264512741,32.02878864042341],[-93.02651939420811,32.03848593897159],[-93.022887842255,32.04488397720573],[-93.03476586736231,32.05354808496973],[-93.03015837596801,32.06035672970221],[-93.04203661530812,32.06613312412261],[-93.06022414393182,32.085934946028495],[-93.0579969585072,32.08909219785854],[-93.0447143836383,32.08717843753962],[-93.0585308484618,32.0981064523408],[-93.0549065523052,32.115854519972316],[-93.06280293577251,32.117906133149084],[-93.0716984782382,32.13632732156126],[-93.0803654667013,32.138651120629575],[-93.08015162267351,32.15358163335889],[-93.08788761329612,32.140195645186],[-93.09678327703658,32.145036375887095],[-93.09748510930682,32.164042264431195],[-93.08746035788552,32.171224198925394],[-93.07949452222961,32.1709899214708],[-93.07430567306605,32.1652230766831],[-93.07605471448768,32.161535246537504],[-93.06670156826326,32.15537341634098],[-93.07194236658688,32.14970961940861],[-93.0687460744759,32.1491293603319]]],[[[-93.00249486838642,31.951916859093515],[-92.99938966180609,31.959875397892198],[-93.0043407299045,31.96052157916482],[-92.9937848677141,31.972816398156183],[-93.00114425217342,31.94795536972081],[-93.00249486838642,31.951916859093515]]],[[[-93.10116215481341,32.18847439255395],[-93.09626764038774,32.19024494933706],[-93.08909426593871,32.181678306846976],[-93.0991022586572,32.18537238709188],[-93.10116215481341,32.18847439255395]]],[[[-93.1116674749933,32.20398141924622],[-93.1194265291823,32.203199850594125],[-93.12638380457672,32.20922246993002],[-93.13733920652732,32.21076312075382],[-93.1464869570864,32.223474690877744],[-93.15907475764752,32.22330721345372],[-93.16145465598892,32.2262524733502],[-93.15380314742939,32.23308793801348],[-93.15850243495188,32.242029535162885],[-93.14584122880372,32.244375870899965],[-93.1088506179622,32.205011991993786],[-93.1116674749933,32.20398141924622]]],[[[-93.18112873835604,31.687032181189384],[-93.18063414000751,31.694833844651498],[-93.18627974777979,31.690895775758626],[-93.18397593789891,31.686063549194003],[-93.19168226118946,31.677636493097562],[-93.1966935583464,31.68181024402851],[-93.20445996180969,31.67892756246879],[-93.19476257763749,31.67489348913277],[-93.21311875749953,31.658541499146885],[-93.2182156609441,31.66363864898493],[-93.22052756599258,31.671343374902833],[-93.2162933030168,31.67588511133848],[-93.22355589900748,31.68025532593202],[-93.21102124570461,31.687985195485915],[-93.2062380954984,31.683608268023505],[-93.1989974640951,31.68755098154031],[-93.1908650452787,31.684841641848813],[-93.19140689234163,31.692248891017996],[-93.18470833433881,31.69921163296602],[-93.1924902688017,31.70116596902452],[-93.13382453407318,31.73155485514512],[-93.15922777108631,31.70651969880302],[-93.16491825984652,31.705737462305315],[-93.18112873835604,31.687032181189384]],[[-93.2030336282439,31.671069312671285],[-93.20762620498301,31.67272567046091],[-93.20726044602581,31.66682982714142],[-93.20337701616471,31.668195695486098],[-93.2030336282439,31.671069312671285]]],[[[-93.16223342718962,32.255205473409745],[-93.16793202648871,32.26040877681862],[-93.1902545250461,32.2479051531232],[-93.19398524512042,32.2490145896406],[-93.18985845742559,32.2676417023862],[-93.1942601599245,32.27563721582455],[-93.19201580563588,32.290345421269556],[-93.14791240788064,32.24679100985717],[-93.16223342718962,32.255205473409745]]],[[[-93.22705037161421,31.665436810504275],[-93.23078064815289,31.672232832227802],[-93.22795816318938,31.674655064003694],[-93.22264786050381,31.67149016827267],[-93.22015349154022,31.661669829085824],[-93.22456312359648,31.660300946331724],[-93.22705037161421,31.665436810504275]]],[[[-93.23027024508853,32.30555291368128],[-93.23264290587228,32.3027455273013],[-93.2326888412761,32.307783411079775],[-93.2467413282705,32.3166927482211],[-93.254233168602,32.330451475333355],[-93.2729785615968,32.33792396456131],[-93.25865041326529,32.341430563885105],[-93.22943889773978,32.3223101052747],[-93.22502896785548,32.313755284805346],[-93.23027024508853,32.30555291368128]]],[[[-93.2464511965208,31.650435626208026],[-93.24927378660568,31.649070704987913],[-93.2395845925302,31.661334073882312],[-93.22898027342998,31.658783540075195],[-93.2464511965208,31.650435626208026]]],[[[-93.2813774032235,31.631620783572785],[-93.29109738927468,31.633413371283694],[-93.29035730049688,31.622381098296465],[-93.29440790909821,31.61798808066953],[-93.2976201616348,31.62825881981217],[-93.29411061594432,31.635520622293914],[-93.2785853408691,31.641601989997806],[-93.2738475016573,31.62885687984421],[-93.2794780213257,31.625960263591317],[-93.2813774032235,31.631620783572785]]],[[[-93.49472216419008,32.55425350956611],[-93.4954318279301,32.537831157548624],[-93.49900975905092,32.53426579742194],[-93.48636077890691,32.53743562943417],[-93.48776440958581,32.52381324526323],[-93.48134075664362,32.51757575527689],[-93.479868603397,32.50369972346687],[-93.48970228147022,32.512294454828876],[-93.49619449141561,32.531567845654614],[-93.51017908414812,32.53117199995868],[-93.51049936737732,32.5169533851702],[-93.518349810768,32.52707817297922],[-93.5235226340925,32.5233309325831],[-93.5341728478532,32.53445484139858],[-93.55201040420751,32.54301175193821],[-93.54209979361958,32.55574961274901],[-93.55054529995239,32.56519448630672],[-93.53936091427909,32.566426580382284],[-93.53202179071619,32.57525879318917],[-93.5330515009571,32.5804994262836],[-93.51973092993602,32.59393181844009],[-93.5159238808186,32.59174569018689],[-93.51895300991642,32.562788719509136],[-93.5123535973451,32.56230794019199],[-93.5126585882358,32.58041614932257],[-93.50866866245062,32.581958658310676],[-93.5036101138923,32.570635450471194],[-93.49373020526889,32.566991530508076],[-93.49472216419008,32.55425350956611]]],[[[-93.6643733658944,32.747593894900085],[-93.6587962971507,32.73767600706397],[-93.6405322703015,32.73967877934211],[-93.64340080295182,32.72104207729301],[-93.6354279924043,32.725105151038235],[-93.63323380246081,32.73545969082302],[-93.62904285561093,32.732705721515885],[-93.6289128578833,32.724501749956715],[-93.6115942904688,32.71781622777652],[-93.6095577774643,32.712748244523915],[-93.62106241140751,32.71163477990573],[-93.62760067877998,32.715411363116516],[-93.64802377123058,32.702613744105115],[-93.6563630277037,32.703369097372914],[-93.6519529200678,32.72628711319282],[-93.65496692549921,32.728177469662896],[-93.6666925272078,32.72261560520148],[-93.67034702296117,32.70990025601283],[-93.67461225785891,32.710723195792276],[-93.67354416616101,32.70205257011002],[-93.67905206661752,32.702871813908644],[-93.68909236831081,32.739418519824],[-93.68536186452822,32.75866077044894],[-93.66511574467523,32.75662401680639],[-93.65701831444073,32.751352720250864],[-93.6643733658944,32.747593894900085]]],[[[-93.64584962781228,31.43226092540179],[-93.64630250845106,31.42870360751463],[-93.65132063232562,31.42795892178069],[-93.65391114954102,31.432880307204908],[-93.64584962781228,31.43226092540179]]],[[[-93.66958883625543,31.432758890702086],[-93.66392035345288,31.436339559464912],[-93.65722815327464,31.42926836442164],[-93.66837663604825,31.42772975945674],[-93.66958883625543,31.432758890702086]]],[[[-93.73899504007042,32.75779234055939],[-93.7461972631965,32.7643557937849],[-93.7540629530614,32.759575654612306],[-93.7635311989366,32.763505007576875],[-93.77499774706789,32.75833395032427],[-93.78086500520452,32.76020983003491],[-93.7763487101794,32.78304118373258],[-93.76398943432011,32.79476120924058],[-93.76291376286741,32.801940573624314],[-93.77078684661261,32.80618320872359],[-93.77067742810222,32.81051301237542],[-93.71530476142844,32.786559152219226],[-93.72214282287639,32.774885331931635],[-93.7391102710286,32.77214210222966],[-93.7356691741955,32.76158727186623],[-93.73899504007042,32.75779234055939]]],[[[-93.77755365798221,32.732770112447064],[-93.77686712601601,32.74602208453895],[-93.77016849632972,32.73619488363879],[-93.75506292310911,32.731933778394],[-93.77755365798221,32.732770112447064]]],[[[-93.78966015021341,32.814615867928495],[-93.78521545210232,32.81356500020136],[-93.77994755468681,32.81275299652538],[-93.78880724053849,32.809948452635695],[-93.78966015021341,32.814615867928495]]],[[[-93.921885570383,32.841534943914425],[-93.92832476645803,32.83733403313362],[-93.93552688695681,32.84143136578774],[-93.92955303539192,32.847332735851296],[-93.93426786290891,32.84937426279988],[-93.92873698041109,32.85489412163799],[-93.9160948230462,32.848713146653196],[-93.91720115295081,32.84307918723884],[-93.921885570383,32.841534943914425]]],[[[-93.9845696231805,32.896593318972286],[-93.98267414482117,32.89756204943399],[-93.9836904445419,32.896339566365135],[-93.9845696231805,32.896593318972286]]],[[[-94.0251402979749,32.84742115546279],[-94.01789109707903,32.8633923143004],[-94.00138998027995,32.881826129958625],[-94.00543401239692,32.87110821470862],[-94.00087175505152,32.863587551076826],[-94.00406079337459,32.850396501403424],[-94.0168931184542,32.84355649297762],[-94.0251402979749,32.84742115546279]]]]}},{"type":"Feature","properties":{"name":"Carrizo\u2013Wilcox Aquifer","state":"Louisiana","country":"United States","extent_type":"Mapped outcrop","component":"Wilcox","precision":"Official mapped boundary","source":"U.S. Geological Survey / Louisiana DEQ","source_url":"https://www.sciencebase.gov/catalog/item/5a344e4ce4b07ba1495b8bb2"},"geometry":{"type":"MultiPolygon","coordinates":[[[[-93.00641658741239,31.993712396992017],[-93.0107728401041,32.001144142419236],[-93.00976520173562,31.975455090130154],[-93.01769963188042,31.970643163362123],[-93.02621373368841,31.949773523233354],[-93.03100511928868,31.956855505152948],[-93.02623650045172,31.97482078306771],[-93.03139416491118,31.98504597539863],[-93.02954031144839,31.99441027420167],[-93.03753574013889,31.98177610846032],[-93.0425170026206,31.9823321331602],[-93.0507564334527,31.965479764727334],[-93.05525001529169,31.967077593438756],[-93.0568907309967,31.974040718052805],[-93.04832304246588,31.993959762290405],[-93.07724497611632,31.995892477670406],[-93.07234703659029,31.990525234495728],[-93.07584913138518,31.985519644401897],[-93.0842637393737,31.980709293525212],[-93.09504375312632,31.985157828025045],[-93.09315953705241,31.975760373894467],[-93.09699697477961,31.973876822952874],[-93.10844032522512,31.97839407146421],[-93.11106451372841,31.987234280378285],[-93.1176029315749,31.989525918576728],[-93.11561215129663,31.996754137886704],[-93.10568628483888,32.00089147173502],[-93.0959975831217,31.999455477524087],[-93.09672973284381,32.00564603716913],[-93.1163598229588,32.01408730466194],[-93.11852598054857,32.00542128505476],[-93.1237140593259,32.003159031822044],[-93.1291838855066,32.01015397217792],[-93.1192663835578,32.01821114905263],[-93.110790437494,32.01698363305059],[-93.10547255147358,32.026393596910914],[-93.08804817860812,32.0353658680275],[-93.0655193823477,32.03971049654718],[-93.03814573089089,32.03497639546674],[-93.03427000655618,32.03765935606196],[-93.039122508906,32.0426105278793],[-93.02503902851622,32.04561628645252],[-93.022887807876,32.027962448341285],[-93.00956728610241,32.021362381453706],[-93.00375389039759,32.02301408903661],[-93.00000023887272,32.013316961518996],[-92.9928518763804,32.011458511463914],[-92.9991534596148,32.000522616922204],[-92.99560573801918,31.994788888073273],[-93.00374611414131,31.99144240759023],[-93.00641658741239,31.993712396992017]],[[-93.01924837078678,32.02074051259038],[-93.02312383946148,32.012900905686614],[-93.0216670444835,32.01125032995097],[-93.01610524666849,32.01805836436483],[-93.01924837078678,32.02074051259038]],[[-93.0359638753327,32.03147067055981],[-93.04880364643921,32.03476770187119],[-93.06721273441272,32.03166164470672],[-93.05291565839272,32.025272215233805],[-93.03741376343682,32.02754569754442],[-93.0359638753327,32.03147067055981]]],[[[-93.05148916144849,32.077889549512484],[-93.04203661530812,32.06613312412261],[-93.03015837596801,32.06035672970221],[-93.03476586736231,32.05354808496973],[-93.03030273239271,32.04892458328572],[-93.045660518899,32.0459110352699],[-93.04808626392331,32.051685129361786],[-93.05205385790998,32.05187184887281],[-93.03816104503362,32.064071841976926],[-93.0609264123358,32.054569805092584],[-93.07812244031459,32.042178189972724],[-93.0880477316934,32.043204381555384],[-93.1057243225365,32.03535184015951],[-93.0941206317504,32.056820101453205],[-93.09751527594742,32.060321942676104],[-93.11599344604049,32.0383612470115],[-93.1190521871658,32.03987926908292],[-93.11523033860281,32.063152361456524],[-93.08372178256032,32.07560385533246],[-93.0682122662178,32.07540599283803],[-93.0669991627057,32.07850291281791],[-93.08179186140542,32.08282563340453],[-93.1023753897356,32.071048738315284],[-93.1120643626599,32.070012268687826],[-93.12249316267129,32.07433359151507],[-93.1176564653316,32.082593674287914],[-93.12500347386968,32.08824592074572],[-93.1213031462782,32.091668153763585],[-93.10943194043888,32.09601353723242],[-93.0672582065521,32.092117324551694],[-93.0579969585072,32.08909219785854],[-93.05901108419891,32.08345872232414],[-93.05148916144849,32.077889549512484]]],[[[-93.03362927532018,32.10919009774814],[-93.03362940907131,32.11042655488157],[-93.03106463285988,32.10686294985781],[-93.0313484097285,32.10686256718752],[-93.03362927532018,32.10919009774814]]],[[[-93.04617188005082,32.12761041293493],[-93.04600958197462,32.12829662766299],[-93.0447433426674,32.126568202987414],[-93.0454852294346,32.12625177439712],[-93.04617188005082,32.12761041293493]]],[[[-93.05620365869831,32.13807763304085],[-93.05620402488104,32.140894637992986],[-93.05032249769239,32.133765862309076],[-93.05300738925759,32.12896368312308],[-93.05620365869831,32.13807763304085]]],[[[-93.0561729939804,32.11261871272323],[-93.05901884754711,32.10099599449721],[-93.05386916628592,32.09347990203422],[-93.06242935359292,32.096653866075094],[-93.06379451712982,32.10127765637864],[-93.0561729939804,32.11261871272323]]],[[[-93.06692303861162,32.14873991192617],[-93.07194236658688,32.14970961940861],[-93.06640990363886,32.15494765650598],[-93.05879743745137,32.14416233649348],[-93.06692303861162,32.14873991192617]]],[[[-93.07098939205692,32.10083385672999],[-93.08420298179192,32.09850058542082],[-93.07898430887228,32.122746114211246],[-93.0808230336357,32.140782494352194],[-93.06622866403059,32.130120370540524],[-93.06056020173133,32.11667657085168],[-93.0700812788725,32.109178751101894],[-93.07098939205692,32.10083385672999]]],[[[-93.09770591475029,32.160550667207744],[-93.09678327703658,32.145036375887095],[-93.08788761329612,32.140195645186],[-93.085614176282,32.144849764136715],[-93.0860410825706,32.1167278502112],[-93.08990166635661,32.104703085648126],[-93.1006054266968,32.101010883727966],[-93.1097219863877,32.10449232797739],[-93.10245166913589,32.12311629052745],[-93.10042968558672,32.14386833545154],[-93.11065257105119,32.11632182168173],[-93.11929644320001,32.106422475361995],[-93.1268568256159,32.135896005439335],[-93.1259564867274,32.14598249129582],[-93.12846661336849,32.14694794650812],[-93.1312895124086,32.137059839321154],[-93.13827012596812,32.15043046416272],[-93.1521625980479,32.14226732237947],[-93.1402842335837,32.123856095800086],[-93.12968739801191,32.12431794894529],[-93.12783371457991,32.10819682360295],[-93.13524165073851,32.103886819000884],[-93.13981860234259,32.11745618845325],[-93.1578543397165,32.13469844769289],[-93.15604574934568,32.14575368321651],[-93.1612951235791,32.150982171801495],[-93.16147002420111,32.15773607426992],[-93.1383009314499,32.16904704069873],[-93.11823637360348,32.17064130031081],[-93.1087224969895,32.17566163329343],[-93.08369153994803,32.171934757347785],[-93.0915648164618,32.1694764731604],[-93.09770591475029,32.160550667207744]]],[[[-93.08498781412288,32.17709389317759],[-93.09476162081842,32.178201283489585],[-93.10686099237489,32.18614280356377],[-93.1003843568726,32.18929776901999],[-93.08498781412288,32.17709389317759]]],[[[-93.5487276813927,31.46644435163282],[-93.52666406408571,31.48299364252709],[-93.54875831436658,31.47198561676548],[-93.53903828959722,31.482469528418303],[-93.54144134644412,31.483567233372902],[-93.56553505112761,31.467005506363506],[-93.56757956486558,31.469527594147692],[-93.55713482707449,31.482867106477798],[-93.55954588177421,31.485386939754587],[-93.5737664301802,31.466022762715475],[-93.57839914061532,31.468298176812436],[-93.57596330045098,31.481836636188984],[-93.5586906811373,31.496312689644007],[-93.52797597990532,31.504779926833905],[-93.52097992180362,31.515537944926095],[-93.53787097231591,31.50670277907232],[-93.54369935844161,31.508944765627078],[-93.5552958800913,31.500579773309614],[-93.5605910623786,31.501161136952284],[-93.5602700889664,31.506908987377813],[-93.57343848854111,31.495665130642685],[-93.58126597118772,31.50666480653939],[-93.58025910531259,31.49035909976641],[-93.58389027067808,31.484591300995614],[-93.58764363969959,31.484485186519105],[-93.59489110753022,31.49678033599869],[-93.58900720557197,31.463479749974297],[-93.59957588718183,31.461296320518585],[-93.60058474398953,31.47439572692765],[-93.60506378245873,31.476572342290336],[-93.60695348690449,31.459039065059695],[-93.61027186630369,31.476769293514696],[-93.6199304777853,31.485424105624233],[-93.61163976790662,31.44714107128063],[-93.61865383581173,31.442384782394125],[-93.6227649606698,31.445147467446496],[-93.62209248292828,31.456130632533586],[-93.63486682810277,31.473343398199717],[-93.63939012173823,31.474033489293454],[-93.6396137664832,31.465485290732072],[-93.6296871476572,31.44737521452729],[-93.62991194198784,31.438731209471424],[-93.6312981123639,31.446285415735964],[-93.64226136812042,31.456517003371594],[-93.64998188323332,31.478156054617326],[-93.64596132793761,31.484346299540082],[-93.6483721726092,31.48575970469314],[-93.6540330068366,31.477342111136686],[-93.64211886848926,31.441738769712927],[-93.64597655125871,31.434579987444867],[-93.6524308862422,31.43256843833353],[-93.66727737982698,31.44388621933701],[-93.66425615160759,31.43456381747479],[-93.66941998276404,31.433157097400734],[-93.67104343189429,31.44289514967331],[-93.67452641002602,31.44326495883718],[-93.67534431364354,31.43912076062671],[-93.680164030489,31.44159883089769],[-93.67917577437777,31.4516840183111],[-93.66793351089699,31.45875689563888],[-93.67215051823153,31.458802010484295],[-93.67523104673664,31.46735464868264],[-93.65987235374453,31.466736771829684],[-93.65976912662411,31.470301203801736],[-93.67011020329288,31.47527274425598],[-93.67641362144502,31.486995112622196],[-93.6828380817858,31.470187614228124],[-93.68859687583048,31.49096705854276],[-93.68162715544702,31.488752450425686],[-93.66712418352571,31.5000121387294],[-93.68317600480411,31.49875350904488],[-93.69925019915478,31.501387858339587],[-93.7008956883529,31.50488886507237],[-93.69292924635393,31.508438292399656],[-93.67025022642432,31.506779150615554],[-93.6690848534733,31.510814224246438],[-93.6471128683418,31.513450597429305],[-93.6420321605411,31.51831334367403],[-93.63814121297389,31.517126364250018],[-93.63668377378711,31.510178627088017],[-93.63314347718291,31.517168572994912],[-93.62749073534071,31.50735184872562],[-93.62798671826361,31.518893511486638],[-93.62499607855801,31.520523261065893],[-93.61510073572768,31.523048568467377],[-93.60446607966522,31.520162137689955],[-93.59902646997878,31.524870683561122],[-93.5928006005043,31.517949228050714],[-93.58861229815709,31.52491913608231],[-93.577848059742,31.524816871526333],[-93.56310805147409,31.536962931074306],[-93.54296733388618,31.534492842972977],[-93.5194390125098,31.523708717930507],[-93.5288761750118,31.539238451253777],[-93.4848788331137,31.529132261167],[-93.51459443063469,31.540806030369097],[-93.52854048290031,31.542716127435202],[-93.54211268755189,31.539029763105734],[-93.5504282935599,31.542622085081508],[-93.51415179536852,31.557585114266086],[-93.47813429171168,31.555912624306725],[-93.46271577522621,31.542514914236513],[-93.46612567100601,31.553840430061307],[-93.45250769677459,31.54784432741411],[-93.45051661090831,31.538781335713868],[-93.4418499500039,31.534730883720304],[-93.44720584771993,31.546957442739114],[-93.44174337461551,31.548941171685893],[-93.44883802739241,31.55616978198649],[-93.45906884869538,31.5549242436462],[-93.48506179026411,31.56146029856527],[-93.48843334313919,31.56690850741103],[-93.46605720421832,31.57651578662087],[-93.42058732174252,31.55445273311254],[-93.42821670639474,31.5624397194442],[-93.4241732720845,31.56623073724584],[-93.44094971307341,31.568591684063946],[-93.46150983519671,31.58393816195373],[-93.45232421973311,31.583970629690196],[-93.44718273927609,31.579453022492647],[-93.4415525768046,31.583099355254458],[-93.43200833897001,31.581471207120117],[-93.4157197597435,31.5715466273654],[-93.4242569475179,31.585729135027982],[-93.41366003931918,31.58500789245251],[-93.40126264141209,31.57598101499264],[-93.40943335817731,31.58638179249243],[-93.39477040021892,31.58491648137386],[-93.39461710610128,31.590511459304523],[-93.3900396127894,31.593244764050894],[-93.41862641793118,31.58877019040868],[-93.45433078748198,31.597264475972114],[-93.44924200882889,31.604387321757088],[-93.45462060343611,31.62008814439431],[-93.45025684096312,31.630834147859808],[-93.4517518162422,31.6473059332612],[-93.4665371669666,31.672193741611828],[-93.4714583301403,31.666429435161415],[-93.46400435182748,31.66086581111232],[-93.4582675687561,31.643503294751238],[-93.45997663072268,31.624418154548675],[-93.47182449566421,31.60909907698719],[-93.4747997408577,31.62923630122251],[-93.48294011223082,31.631170845316678],[-93.47819486206012,31.602468858559995],[-93.48632791152988,31.603798590223604],[-93.4861217904573,31.597448993549104],[-93.49935820276887,31.582486351399734],[-93.5111300580279,31.58556124245283],[-93.5099479743658,31.57598740130559],[-93.51705070926178,31.570121841512613],[-93.53112614921011,31.566329643292338],[-93.52535899072421,31.573111664618285],[-93.5215973160953,31.595193754540112],[-93.50116665615272,31.624998788135194],[-93.49906843668512,31.640930890002483],[-93.5031958677407,31.65330863169335],[-93.50954309623968,31.618974202671517],[-93.51465463581208,31.617291920975422],[-93.5132811367678,31.623342035206978],[-93.52412992758,31.636598352243205],[-93.5171116816575,31.613499358837526],[-93.51989616585442,31.606687995105688],[-93.523435780753,31.606976467192485],[-93.5352230078479,31.630356536779225],[-93.5337279024839,31.616004343325603],[-93.5237567225446,31.601533950242285],[-93.52833380743479,31.599396954579575],[-93.5320718929207,31.604523637535827],[-93.53077534495942,31.594550616469053],[-93.53498640759032,31.5889421305352],[-93.5433484951244,31.6000895096856],[-93.55060377892832,31.602931979902994],[-93.5338654435134,31.57790269732011],[-93.548093619726,31.571610918296606],[-93.5630160325881,31.581111087838416],[-93.5520916170693,31.570053274390347],[-93.55653175947388,31.559981816455686],[-93.5714768512918,31.555378697354474],[-93.5755131434528,31.57576542854978],[-93.57897672552642,31.55039699252669],[-93.58873446444333,31.544264568507177],[-93.59588308113551,31.544834477156822],[-93.58643027452952,31.57027550261202],[-93.5985455673,31.54889238258819],[-93.60689904755858,31.542669032502015],[-93.62868230922665,31.54779360902661],[-93.62641458018142,31.5575394898679],[-93.6163671892701,31.560008906603475],[-93.60374812440368,31.573371192458325],[-93.58385182353682,31.582225896316295],[-93.57111048044732,31.60662130450268],[-93.56250516268608,31.61376119911131],[-93.56428976067468,31.61677980818342],[-93.57272768044851,31.61069355876952],[-93.57788508838621,31.61686939191664],[-93.58112036488082,31.59659951518148],[-93.587574602254,31.58477968908883],[-93.5914576096694,31.584158025065605],[-93.59242639749141,31.598059045281676],[-93.59605017565849,31.58443790207301],[-93.6104770089328,31.576964307117585],[-93.61836575156751,31.56785804174217],[-93.6165424563143,31.586458632084344],[-93.6207537353886,31.6089577503857],[-93.62310360093889,31.56420791732701],[-93.63336471306988,31.56702706499201],[-93.6441389974643,31.546778484872092],[-93.6572354667991,31.54894913542808],[-93.64980578794192,31.571024885652434],[-93.64885931213699,31.58720560681482],[-93.65168214957349,31.587041143773767],[-93.65767099516859,31.559802852609685],[-93.66566386961382,31.55043865807288],[-93.67036145469186,31.550048196536608],[-93.67557662156193,31.569834449342117],[-93.67501262212942,31.550485573451184],[-93.68197709849385,31.54892547777056],[-93.68948499128608,31.538868033282025],[-93.6943449462826,31.55371144581748],[-93.69628258964721,31.537379148457514],[-93.70959252960897,31.53731040297246],[-93.7110754916732,31.54096944871135],[-93.6995020389746,31.55942953471693],[-93.69226939444049,31.583500665203715],[-93.6762329724347,31.587366132868937],[-93.6849830763713,31.59435813632986],[-93.67736918606919,31.59964348971937],[-93.6767212991632,31.606407602043127],[-93.670213044176,31.609767651126297],[-93.6658647642343,31.61961522058121],[-93.65226167223112,31.619383189518796],[-93.6432137433281,31.613381571912626],[-93.62980906675101,31.616625369750786],[-93.61951758528592,31.62500293416239],[-93.6058383773308,31.624296049973314],[-93.59599663736651,31.631447675241777],[-93.61045401180561,31.627597238157417],[-93.61277363845808,31.631215295214677],[-93.60663912121821,31.63865212744857],[-93.5997580498892,31.640044976176327],[-93.59279247243522,31.651148544370127],[-93.58799348625142,31.65083144797079],[-93.5853081812028,31.645402843665146],[-93.5784267859412,31.64679436889419],[-93.5759017382071,31.638491910485197],[-93.57219375797482,31.638508416870604],[-93.57457371746288,31.652251075438482],[-93.5502903782659,31.668833192142703],[-93.56087968648872,31.667125105203684],[-93.5781289399761,31.65571277010471],[-93.58785642936361,31.6576336896032],[-93.57903712807503,31.67096727348557],[-93.54998502710549,31.678056018178],[-93.52859290162982,31.67618272591619],[-93.51995639680412,31.679995633868085],[-93.49147681929752,31.675724602797242],[-93.48124624924638,31.67999581722836],[-93.4879830984933,31.683144539652464],[-93.48676991203389,31.689045060166105],[-93.4954059731955,31.683117435403314],[-93.48860789134451,31.702339195032845],[-93.50089101595891,31.684608010276733],[-93.5180338942843,31.6845385285087],[-93.51494400360443,31.701631948753608],[-93.52300043714028,31.688147195311682],[-93.53288832022628,31.685082103528607],[-93.52533528649869,31.69403010904512],[-93.51963592951958,31.718087534958087],[-93.5316597235178,31.69188838706991],[-93.55516528529428,31.686196509420203],[-93.5582320368817,31.68718314641578],[-93.55804122982619,31.695101036599585],[-93.54933601166361,31.71720701759701],[-93.55656101198102,31.713246960160106],[-93.56082548588489,31.71640311120437],[-93.56005539210372,31.70627787233564],[-93.5648619613855,31.69305966349607],[-93.5689816280985,31.691424604991997],[-93.5685614180074,31.710168996840608],[-93.57212431762349,31.714537998343825],[-93.5776403546196,31.69093227748655],[-93.58221806454058,31.687890562030123],[-93.58959557923441,31.6908278605977],[-93.59273108724412,31.70174678892572],[-93.5978581539912,31.67451715791517],[-93.61910544552299,31.65279809545969],[-93.6354777357821,31.644104213661603],[-93.64174858743479,31.631225524514413],[-93.6533220932439,31.628749532721503],[-93.64820321354529,31.644948336605413],[-93.6320675920244,31.6624096595693],[-93.63515702710342,31.675393204759917],[-93.62302674665601,31.68512759832302],[-93.6206534464466,31.700556826765297],[-93.61203249687391,31.70664408387331],[-93.6097745769424,31.71285259947765],[-93.61867039355221,31.70727342591289],[-93.62230926836219,31.710220226084886],[-93.6129248711699,31.73505453523609],[-93.6049834782806,31.746427374217248],[-93.59138801121992,31.739995372781603],[-93.5976135254931,31.75185917972209],[-93.5764424684862,31.750873483403492],[-93.58175972577189,31.755188405622672],[-93.59382892337771,31.755676049438616],[-93.5923952273005,31.763276344653804],[-93.57078147000429,31.758673165214923],[-93.5620308890791,31.746778331085295],[-93.56337371952843,31.758706892260307],[-93.54811499880371,31.75533867551613],[-93.5399595324729,31.747627032569106],[-93.54755070207939,31.74426893157914],[-93.5461088992581,31.740043613587268],[-93.53939521518132,31.740981372154398],[-93.53288738559021,31.747807523625184],[-93.51323504433282,31.74320355259898],[-93.5033016140417,31.73780209963451],[-93.50497286344338,31.720411035917287],[-93.495855845823,31.73495815492395],[-93.48751699005568,31.72985131405662],[-93.4890737358323,31.722740184864914],[-93.48234467163148,31.72110499914777],[-93.4846031612846,31.713689891856493],[-93.4763096117421,31.717047455870475],[-93.46798619995631,31.714659392750516],[-93.49376529089261,31.741164148428105],[-93.47299849687322,31.727187094743517],[-93.4505159573681,31.721071173618935],[-93.48811980737248,31.744058357512404],[-93.460524883907,31.742952772566234],[-93.4585869516852,31.7452259500954],[-93.4651481696704,31.74807451345083],[-93.4630349508592,31.753866164178813],[-93.4930557833318,31.748690588421827],[-93.49139266973,31.753939750764804],[-93.47830107700112,31.759957853761914],[-93.4831834949012,31.7617482423083],[-93.48448800117592,31.768796483893073],[-93.4989755561185,31.750000361506217],[-93.50893195115718,31.7491709293249],[-93.4940249147351,31.771652120966202],[-93.49534453650111,31.78050757208092],[-93.50708590102819,31.760208949134906],[-93.51847605175152,31.753111685122903],[-93.52318298226241,31.762312850537704],[-93.52949236912181,31.755233598091905],[-93.5360609946614,31.75683560640448],[-93.5348478965266,31.766785082503386],[-93.54180617541681,31.76241671067901],[-93.581386125584,31.774377574996336],[-93.57500089574049,31.79120153330144],[-93.55222012951761,31.80522784680418],[-93.54650543755089,31.80561374457678],[-93.51677446261772,31.789101999842988],[-93.54696333925801,31.811038145325128],[-93.52119977779212,31.824345575938008],[-93.4999985921707,31.80686008351911],[-93.49190339783391,31.809995383301214],[-93.4848921166008,31.805321210110105],[-93.4789110942588,31.794855249241355],[-93.4763938985819,31.800652228675904],[-93.48601414961661,31.818154891647897],[-93.49510773328518,31.81577117461148],[-93.50551391423072,31.821152927152433],[-93.49940310018569,31.82678283258711],[-93.5112665203242,31.826914850138422],[-93.50539962398432,31.83851192172212],[-93.51680519885188,31.833222740689987],[-93.5208868019353,31.84296889570301],[-93.5261659439553,31.83510829985578],[-93.5341995516198,31.834384083744627],[-93.5371905191536,31.842179941259943],[-93.54349967941091,31.83510067544588],[-93.54992372493868,31.846104207657408],[-93.5538145834051,31.824387571759498],[-93.5572169077675,31.825263732457],[-93.5641137886988,31.846039809344596],[-93.56702834755448,31.837168145172516],[-93.57511505501722,31.843640546000838],[-93.5757252111506,31.83966083169433],[-93.56550961270132,31.832475510392403],[-93.55564539250068,31.81154035875971],[-93.56812645414938,31.80165486726426],[-93.58098928619181,31.801120475886762],[-93.59360019103427,31.7864169266413],[-93.59640034612991,31.826545442244093],[-93.60267189633049,31.81385711620798],[-93.60221353957529,31.776973798140908],[-93.61257403909592,31.775295196400922],[-93.61400879274751,31.767692363909383],[-93.62596321232992,31.769501952258015],[-93.6246893344404,31.776133690707805],[-93.62980851614168,31.77443179907201],[-93.64030625267799,31.78771306664272],[-93.64724121213088,31.787613969556304],[-93.626322263965,31.762062281930405],[-93.62887031024779,31.758785651247287],[-93.6202031386858,31.75188191903138],[-93.6341570671304,31.743001592852192],[-93.6478664826321,31.7588189547878],[-93.63805599932171,31.737348314666168],[-93.64991875893391,31.73955569576322],[-93.6556330758682,31.747236332229512],[-93.65629711069343,31.740732936948227],[-93.6640790490895,31.740692630904416],[-93.63410402778669,31.728151351910885],[-93.63262402104289,31.71833161149789],[-93.6659327552296,31.727987998932804],[-93.6423659840022,31.71473789250322],[-93.64387708935388,31.709356594748897],[-93.65693827740381,31.70090588079878],[-93.66963287530781,31.702121612313018],[-93.6547482430538,31.696435075210594],[-93.65719728560768,31.66832934278881],[-93.66277496044118,31.663135127919894],[-93.66446834419793,31.67116473128989],[-93.66726070547992,31.66706628555009],[-93.6706323075741,31.668561494979738],[-93.67604172689009,31.68319242109123],[-93.68662337152881,31.680114231631713],[-93.67147916118938,31.663720183297205],[-93.6701903608979,31.65647467680729],[-93.68044373137049,31.656569877665284],[-93.67859774780511,31.645998019109925],[-93.6936727530551,31.653626543204258],[-93.68162631300639,31.641550657684327],[-93.68697889934668,31.63191402388437],[-93.69704464849521,31.632297545211916],[-93.69414606851069,31.622033656590194],[-93.7069016437937,31.620390977463103],[-93.71340932687218,31.62359008006716],[-93.70883236442369,31.618375503228112],[-93.7111284711771,31.60214104897949],[-93.71542389036378,31.598987854421953],[-93.72137442632608,31.602838578313083],[-93.7159047076415,31.593672336837482],[-93.72461903242053,31.565646745613904],[-93.73354322083792,31.57858364753138],[-93.73326055823871,31.609873213683606],[-93.73713625998252,31.60924800700313],[-93.73850228806589,31.580673040968595],[-93.7286456756715,31.562008193134766],[-93.73073570919172,31.558498877225375],[-93.73662537865282,31.566322802281274],[-93.73774093518745,31.55630766891694],[-93.74384366043755,31.563265570131055],[-93.74593470930638,31.57608529768913],[-93.75819519817708,31.584986954009022],[-93.74317074791101,31.612838727195147],[-93.75424891018278,31.604771599646593],[-93.75953561367261,31.605186627863393],[-93.7650819828269,31.613617962704243],[-93.7595811403522,31.632090053420736],[-93.74816827084481,31.64455886488291],[-93.73994390749309,31.651550575317],[-93.7224803951595,31.654524001138082],[-93.72994953646369,31.660526835374966],[-93.7199555114128,31.670861778440578],[-93.7014236976782,31.674745018553807],[-93.70023377391631,31.68064376334984],[-93.70959484985909,31.679686574766702],[-93.71181600844906,31.682730866372054],[-93.70025658805258,31.704697020247263],[-93.68797329604888,31.69537324265853],[-93.70047030234352,31.71178189173683],[-93.69218494641528,31.715302736302593],[-93.67849070805119,31.704191710281123],[-93.6863635693578,31.717299014713507],[-93.68093937237921,31.724580737154497],[-93.6908112582329,31.721053482436382],[-93.6975557051447,31.723886796584367],[-93.6910552725261,31.72966903707399],[-93.6890411108481,31.744792593477474],[-93.67765867652442,31.768157164106103],[-93.65953954263172,31.769800622695694],[-93.65538147327719,31.779804920631136],[-93.6666878726966,31.774732249499337],[-93.6731421043645,31.784014425141596],[-93.6742256303943,31.794679004723886],[-93.6675957777561,31.797467875958095],[-93.65849396274982,31.7921783361729],[-93.64723379080759,31.795505690989252],[-93.65934121891802,31.79819763498397],[-93.6613854365929,31.80197260225016],[-93.6557556883536,31.804238732604325],[-93.66306406734898,31.81143076803659],[-93.6604854365037,31.816684372367387],[-93.63832276075591,31.818613660580887],[-93.6391621558057,31.822912425618735],[-93.6343400563496,31.826033308579184],[-93.65483209179521,31.82317508617852],[-93.65812821195121,31.82556826805857],[-93.6556566790194,31.83090726710392],[-93.61719022456218,31.832775643065396],[-93.6404586895805,31.83546965902302],[-93.63122032728532,31.840849653243474],[-93.63505730732912,31.841862061909623],[-93.65617483608402,31.834674853736402],[-93.65826575940119,31.845874449933543],[-93.65134553976559,31.852813087557877],[-93.60551736389891,31.861402991180082],[-93.64828668957131,31.85952218635742],[-93.65215452917691,31.86535291862422],[-93.6508806743382,31.875055578623343],[-93.6467454268122,31.87937097303288],[-93.61753360358432,31.875059285090387],[-93.5986437164188,31.878704908839502],[-93.63830754679947,31.884658069913616],[-93.6404594516421,31.88952751730783],[-93.58862621746083,31.903341920444916],[-93.5825230383799,31.910601966123913],[-93.57166698343678,31.9374129546235],[-93.5784266998994,31.933585083381097],[-93.58657449152759,31.913656761566003],[-93.605586263277,31.904527710701114],[-93.6195706264965,31.9033760787379],[-93.61934889588488,31.908719479988193],[-93.60334300316379,31.91719503997461],[-93.59408124468908,31.92808914963173],[-93.5851705838963,31.96067681547269],[-93.58176828472308,31.992337436222893],[-93.58472799790141,31.9912390182235],[-93.5915105352375,31.957212795132556],[-93.6005282608842,31.940896597534532],[-93.60128375014571,31.927148998285507],[-93.62050101121719,31.91620912678311],[-93.6294119655074,31.9163462626893],[-93.62783301986852,31.933531229887635],[-93.63222729080881,31.938055107894293],[-93.62266826007101,31.953989154512886],[-93.62216463658642,31.97351813814],[-93.6305947544348,31.99680408896559],[-93.63442478447298,31.998774672848104],[-93.62815369965472,31.980542603043933],[-93.6290689671155,31.959201945775096],[-93.6423204292495,31.94376760755144],[-93.657152145151,31.9722570728624],[-93.644587122085,31.995468010314063],[-93.65995975214591,31.97875155685683],[-93.66613922565311,31.98342333890212],[-93.66201196187892,31.998634041993906],[-93.66895436483289,31.990639937730794],[-93.67431775164799,31.998567402156485],[-93.67874291258089,31.994566891223542],[-93.70803902064822,31.996755804758926],[-93.69184975563732,31.98871033860618],[-93.6774078492337,31.98661740513213],[-93.67484422661488,31.983557506048253],[-93.67946705845249,31.977929010369575],[-93.7046816158189,31.97453541069842],[-93.6855709436428,31.97192814723713],[-93.66820660117722,31.97509428154253],[-93.64523503947082,31.936155549862313],[-93.69588500413649,31.96084211379994],[-93.70372805196368,31.960798944200636],[-93.6887825417321,31.947681826584038],[-93.66499484263528,31.941660108614208],[-93.6562441775178,31.93393003744951],[-93.6426488118783,31.929841180084093],[-93.6404747036679,31.922619920805083],[-93.64684461204611,31.894016198330508],[-93.65064413866502,31.89146680885933],[-93.65812091050428,31.89992622838555],[-93.66254587033218,31.92576185409453],[-93.66263737075128,31.90894406485734],[-93.6696639433578,31.913609424631805],[-93.67826918097019,31.930017450923938],[-93.68164184121729,31.92782930286602],[-93.67535533450321,31.90833437054592],[-93.6616530741514,31.889963003851907],[-93.66970156288961,31.889738804515343],[-93.68140518212999,31.895825051438596],[-93.66344592113862,31.877699639304492],[-93.67022080693042,31.873101095964795],[-93.67006776290368,31.851764781787193],[-93.67568308020921,31.842481045836895],[-93.69250507430742,31.867720888437507],[-93.68787440032162,31.882046199409295],[-93.70851925998592,31.921352515750943],[-93.70835098722549,31.899477242387814],[-93.6980367239422,31.88127107661338],[-93.71015950703391,31.886988697480323],[-93.71268474440569,31.88462348902165],[-93.69699129249739,31.87440743353271],[-93.71345497965702,31.865024369771323],[-93.69972249173452,31.862691432126216],[-93.68540283293211,31.834372557878613],[-93.69305453836161,31.833473943644172],[-93.68317498985579,31.8191812840321],[-93.6882325306691,31.80871453845003],[-93.694321188956,31.80775923479721],[-93.70056940840782,31.81467136991753],[-93.7222210108172,31.852066094024465],[-93.72421966883711,31.848959425141192],[-93.71398892269109,31.82973984583501],[-93.72753050116351,31.834655292536507],[-93.6995314781121,31.810030112457206],[-93.68944554590078,31.78237780586939],[-93.69435879721252,31.76548620408809],[-93.70079007947999,31.760961704585846],[-93.7046122223294,31.762847817194228],[-93.69970673525201,31.78059918809631],[-93.70667268463573,31.795708887392912],[-93.70949518556479,31.79534618752513],[-93.7047115830379,31.776271472951294],[-93.71027317019599,31.765742335806415],[-93.69676950789841,31.75001348776277],[-93.7071990682649,31.736531962931068],[-93.71725406264471,31.75001239855318],[-93.7219997365467,31.771355954451703],[-93.7317722946837,31.784376901657147],[-93.7263708695198,31.76358541767199],[-93.7398591235761,31.76247402940739],[-93.72794247593983,31.758242344227035],[-93.70891522831883,31.729872317471525],[-93.7261269539506,31.737483188307984],[-93.72823249195062,31.7355041345541],[-93.7143548147704,31.724096132933802],[-93.7253104472934,31.7232789375089],[-93.7384400835701,31.728948717290706],[-93.71815474242618,31.713042037082023],[-93.7293390122088,31.70317091518761],[-93.7418503597253,31.71305771768345],[-93.73197874833032,31.694070524485515],[-93.74148457084462,31.68902743400226],[-93.7370214074116,31.681938839361127],[-93.74912956714644,31.674794039701478],[-93.75171780154352,31.666413300221727],[-93.7668519544774,31.657589429042403],[-93.76971258453463,31.661501564589226],[-93.76232762568492,31.687998293097188],[-93.77072951162579,31.70022829956051],[-93.76688179532239,31.704263574109437],[-93.76959808666169,31.711685194708355],[-93.76323517976859,31.712479224216107],[-93.7663024784972,31.719864377793805],[-93.75784919628168,31.723995863571474],[-93.76227352000681,31.72810198938488],[-93.75404194062462,31.73369144146759],[-93.76270862134162,31.733792955991394],[-93.76032073666231,31.744841600174922],[-93.77040687023297,31.746576419190863],[-93.7719510934676,31.751597581642926],[-93.77184742949194,31.755341978060528],[-93.7603513519968,31.75397647150569],[-93.7692926257672,31.760070245909922],[-93.76155661579241,31.77186975414688],[-93.77477046468522,31.762673131088793],[-93.77764456126204,31.76528748797615],[-93.77512041405826,31.7782666102738],[-93.75282162649592,31.790908834236706],[-93.74212560316379,31.802905906096708],[-93.766142256919,31.788658847839557],[-93.75987821459061,31.799546604039318],[-93.7597562637106,31.810396157086217],[-93.7691404628871,31.793341894321355],[-93.78549055191694,31.781211759989688],[-93.78264821629135,31.791018734431443],[-93.7938019353444,31.797977760389887],[-93.7874581840776,31.806249692305016],[-93.76931594746308,31.81377343367479],[-93.7559038087869,31.831392425818684],[-93.7393404483018,31.825524762459402],[-93.7459708438665,31.83416363733194],[-93.7445438873973,31.840321319611704],[-93.7538436968415,31.83864041105115],[-93.75938233257371,31.842584941832843],[-93.74046241677111,31.860053554098116],[-93.76138921975641,31.854324817187397],[-93.7530580507104,31.87209455150311],[-93.7557283922657,31.876008384880404],[-93.76614251918382,31.866050074975973],[-93.7658980211112,31.861349812085816],[-93.77224531579289,31.861131040793918],[-93.77026928910522,31.852827426249807],[-93.77898230578117,31.855304037852413],[-93.7706353050101,31.84595325054382],[-93.76898777903709,31.825528851860124],[-93.77969907563758,31.81461630634181],[-93.7737790806609,31.841052621799193],[-93.77734945756771,31.837593014076923],[-93.78799983543911,31.84512277203409],[-93.78282712122761,31.834486194475787],[-93.78316241074349,31.8239982692374],[-93.79662038034006,31.802171456402668],[-93.79206310361766,31.816154118444896],[-93.80635564869468,31.817147102461732],[-93.80807157854355,31.823582869933933],[-93.79664370111128,31.840006213484877],[-93.7956977067917,31.853572798918414],[-93.80056472561171,31.85299989506773],[-93.80214432068868,31.839607828107482],[-93.81016246639295,31.82941744153824],[-93.83300416033968,31.855865451258015],[-93.8286023239593,31.86131936784701],[-93.81652493644731,31.861034720406323],[-93.8190888614478,31.86355149001122],[-93.8089878121606,31.87139051066338],[-93.8007408250486,31.873250645445193],[-93.7944465128703,31.880340821358892],[-93.7509905317482,31.904835100131802],[-93.7405842960816,31.90218442489288],[-93.7257459144337,31.92884963795089],[-93.74572682038298,31.9090271504299],[-93.75379837197138,31.91060428783254],[-93.74449806454868,31.940856391703665],[-93.7262725495978,31.968989458656893],[-93.7330473253051,31.967142095381615],[-93.74688627979161,31.9475329269306],[-93.74850405672849,31.963977721769027],[-93.75190637751871,31.964860934803674],[-93.74894593151889,31.93956385092348],[-93.7611988604069,31.908390995518292],[-93.77156642017358,31.906233750436638],[-93.7673403469192,31.933125955303804],[-93.75942892217492,31.951435866986774],[-93.76408292193291,31.95014120378289],[-93.77263523760288,31.93273236206128],[-93.77551873302689,31.903240221594736],[-93.78600896931981,31.896930363246536],[-93.7803478878967,31.917137359075102],[-93.78177466206311,31.9357500192303],[-93.78894609380112,31.906230762684505],[-93.79746024402169,31.910338133392738],[-93.79185259173221,31.89952452005501],[-93.79469830620411,31.891394059363815],[-93.8140383642419,31.87501508870807],[-93.82485653295662,31.876397103332607],[-93.83157148071354,31.87207403004764],[-93.8334238625317,31.875013693511942],[-93.82748857715062,31.877066321853913],[-93.8263214670315,31.88189413077683],[-93.83337869908829,31.88356868845184],[-93.81522063229322,31.90347713930801],[-93.78594808478302,31.948580824321123],[-93.79479044898659,31.944563623603187],[-93.81846309991111,31.905864372798316],[-93.8261154798496,31.90392295533779],[-93.8470117936015,31.8750116635717],[-93.85800594516554,31.880654037517676],[-93.8575018838345,31.89476503107271],[-93.85432828063891,31.901157310079505],[-93.8362771687117,31.912290150397933],[-93.8319368361339,31.92281586122569],[-93.85678511416562,31.90458032233282],[-93.86407813620089,31.90848985084422],[-93.86246057636392,31.889217691765683],[-93.86712755962888,31.886566108198448],[-93.87246493770094,31.8901110068282],[-93.86799978434328,31.902174176023223],[-93.8701513639396,31.90739003801693],[-93.88419631583518,31.91036108733608],[-93.8772921174224,31.924639840268448],[-93.84077106748892,31.94048292076517],[-93.83421823835512,31.95239907273018],[-93.81648755838451,31.955612509891687],[-93.80908732482989,31.963748107384905],[-93.794790489209,31.967796188789325],[-93.78185869885878,31.966157305975077],[-93.76293851832068,31.972637614936637],[-93.7556602810108,31.971475565639984],[-93.74836683529692,31.975127651125796],[-93.75383643669151,31.976646454174737],[-93.7400583953711,31.98308865284209],[-93.72856849560391,31.980671003539737],[-93.73629730079661,31.990865763232247],[-93.73769321913821,32.00637427726152],[-93.74368205420052,32.00385713772502],[-93.743850209598,31.991670798241564],[-93.76074104951721,31.98198650868159],[-93.76924794050669,31.98446515058733],[-93.76617284415929,31.997746342926018],[-93.78599360222069,31.97783395825326],[-93.79144842162863,31.981120473093487],[-93.79111315077463,31.9860630041625],[-93.80511274368489,31.970657422233607],[-93.8168001380079,31.9681749681604],[-93.82278166756808,31.960218070376108],[-93.83265415416099,31.957743710932895],[-93.8157477628653,31.98607827906582],[-93.8053341871694,31.996468373131133],[-93.8184640586187,31.996730798964386],[-93.8180059411287,31.990709101953804],[-93.84073311878129,31.958725806473034],[-93.8492321824951,31.939222328064215],[-93.85993601057669,31.94035473540368],[-93.85195567103402,31.971729330341475],[-93.8596614665692,31.975807496293385],[-93.85853974240011,31.96325282319039],[-93.8650019143884,31.941869259761315],[-93.87117368304499,31.933565107322995],[-93.8749957307251,31.939741058561008],[-93.88551957766025,31.92186710813414],[-93.89159294850911,31.92319896875632],[-93.8960445329637,31.934453631729006],[-93.897082492511,31.953975083538214],[-93.90117945796241,31.93948156807164],[-93.89666727108953,31.923816489472863],[-93.91154717308119,31.93723614886653],[-93.91946623243791,31.93585787253478],[-93.9137140561826,31.9419199283175],[-93.9184137278593,31.944960164549297],[-93.90470393027559,31.953018181902795],[-93.9242579602238,31.945941229108104],[-93.92421225476448,31.952694967050494],[-93.9183225869625,31.957256745400596],[-93.9196420353698,31.961948480308973],[-93.93573234861252,31.958940271711317],[-93.89335975055748,31.985641910721792],[-93.87009086941582,31.989848298729893],[-93.8434193519998,32.02014550648599],[-93.81820479352899,32.0307050367205],[-93.80193950736601,32.045236117250425],[-93.7837823740931,32.073896358415425],[-93.78365291621171,32.079950422295305],[-93.79116078075012,32.10488333068081],[-93.7934565887252,32.09633373378389],[-93.79018383818949,32.07649843227745],[-93.8047171237994,32.055110983431945],[-93.8154434461777,32.04810077080363],[-93.81853326110341,32.068250411554224],[-93.80829577477971,32.10539500243163],[-93.8067320038768,32.135192288177905],[-93.81255348659292,32.133292207337206],[-93.8145445837425,32.11155793643068],[-93.8235841358068,32.082800174000205],[-93.8280474599489,32.09301169296731],[-93.82767443987079,32.111939972445064],[-93.83554779952549,32.11576597874576],[-93.8299778953894,32.104630909823804],[-93.83475379791182,32.0884684921934],[-93.8270553367426,32.06322456949028],[-93.8343792962783,32.04766455687293],[-93.8417032812496,32.05118527022871],[-93.8471657947917,32.07100846491749],[-93.8526898444859,32.07764122080279],[-93.84670078648871,32.06030740206061],[-93.8467533891686,32.045876235470914],[-93.8555043872421,32.03908888312241],[-93.85751053075612,32.04735646159058],[-93.86079146322521,32.0476425861597],[-93.86022634123769,32.026080266047714],[-93.8757828920888,32.03373357573791],[-93.86822175987942,32.02385228690355],[-93.8698164231332,32.01919169937604],[-93.8796962466769,32.02408601802122],[-93.88135136348728,32.007163528592706],[-93.8860891009527,32.00744017403361],[-93.88763031097739,32.016428672499046],[-93.89605280710309,31.997350522909137],[-93.90827517921758,31.99810014167324],[-93.90804595269991,32.018302200828906],[-93.89041596406861,32.05938776292466],[-93.8843282282248,32.07059887306404],[-93.874997720101,32.074978186885005],[-93.8749978664726,32.07810917497076],[-93.88257318621892,32.07728335083209],[-93.89913614012991,32.057151369416886],[-93.90512435209271,32.03647441731009],[-93.9240520246187,31.998173917644746],[-93.91973363401712,31.991948527462284],[-93.922656166932,31.987422115428537],[-93.95810102754278,31.969257814869824],[-93.96170980007561,31.984561027232523],[-93.95350827939478,31.995162024337922],[-93.95318804541722,32.01672948725843],[-93.94443789665722,32.03401398480202],[-93.91763682660039,32.067105319459024],[-93.9135326032675,32.0942845033315],[-93.89783227223401,32.128968421118536],[-93.87216073790948,32.15120237413899],[-93.87690628017242,32.1521021191592],[-93.90623978417662,32.13094943750739],[-93.89877902500031,32.150704787838094],[-93.8993666114519,32.17351115705285],[-93.90335615238251,32.15269013215942],[-93.91316750819901,32.13074730980102],[-93.91322792573068,32.118799059681194],[-93.9384658756194,32.144056739280515],[-93.93671842941312,32.134141939745604],[-93.9255109733682,32.125845337941904],[-93.91939254527938,32.11297433257572],[-93.92837208552218,32.10224325020352],[-93.92770808305121,32.089992829716785],[-93.93947947129121,32.065548444881486],[-93.94456812953672,32.06380096348792],[-93.9501754806303,32.04266267277902],[-93.95396689932468,32.03937518544213],[-93.96380883303311,32.04478031166359],[-93.97078976730012,32.06267375580862],[-93.9710111702036,32.0842360601807],[-93.9618490784218,32.1140948685862],[-93.95300689124961,32.12269358055702],[-93.94921527523913,32.14381894781023],[-93.95576178735719,32.15913120842502],[-93.95162703957331,32.182431602033716],[-93.9574025870317,32.2117116333552],[-93.9612778083534,32.16343443451383],[-93.9564863216551,32.141442953748516],[-93.95782126290791,32.12948358420091],[-93.9684867546258,32.121179252999504],[-93.99291567578851,32.13805785043483],[-93.99727968033629,32.13693656722639],[-93.97790859902798,32.1153686450188],[-93.98369791992032,32.06055692819361],[-93.96629565349811,32.03415823106122],[-93.9725895512123,32.0265101799988],[-93.9716959164881,31.976406182619552],[-93.97670616198911,31.96914411676387],[-93.99631800187525,31.990981302220867],[-93.99060948711069,32.00868304916241],[-94.00784794731689,32.01211749104533],[-94.01311555007243,32.01905969971019],[-94.03502584949211,32.02480621736674],[-94.03869823149502,32.029999379422186],[-94.02937387924901,32.04002648178008],[-94.02476617337172,32.06783213001839],[-94.01725909130981,32.08045899418701],[-94.01733601495908,32.08775323501392],[-94.00690694227113,32.10024530904058],[-94.0064572072253,32.108935853559395],[-94.0147416562487,32.10033813562008],[-94.0224094249425,32.10136386884611],[-94.0250711598607,32.07900261686013],[-94.03247949661991,32.07304594764815],[-94.03508077398571,32.04494256975039],[-94.04253054490015,32.0350423745799],[-94.04245888636969,32.14674710871244],[-94.02913926066661,32.14909043724032],[-94.01938881666831,32.157860725674894],[-94.00629794972991,32.17782394213101],[-94.00374977000801,32.19506321461151],[-94.00799160714972,32.19906455575274],[-94.01645207435588,32.17199834614632],[-94.03412096092052,32.15386276551668],[-94.04243943511942,32.15148914873239],[-94.0425145300921,32.26713448434681],[-94.0359231103385,32.27489066361784],[-94.04264538024259,32.2753735587783],[-94.0426254061349,32.2792463044564],[-94.02336535321828,32.3077571140774],[-94.03446594953118,32.300965087785215],[-94.0371518079922,32.30615814085261],[-94.0426192653321,32.292493735151],[-94.04271316174331,32.443868342076584],[-94.03245310149872,32.45177373589219],[-94.02361852431919,32.44719097417665],[-94.0237176459445,32.43676461389119],[-94.03066786141902,32.42982196668183],[-94.0296838691114,32.42051815543723],[-94.01855229273681,32.40664832133367],[-94.023557125523,32.42224565663637],[-94.0171416580054,32.43719157822069],[-94.01728660869182,32.45059514010649],[-94.01338067440511,32.45434688613572],[-94.00873438733069,32.45085022498537],[-94.0011207674884,32.457612543786944],[-93.9860221523457,32.462380919344106],[-93.9856867796749,32.45121861921952],[-93.99323932540338,32.43980220461671],[-93.99387967177071,32.41764276401362],[-93.97528770794702,32.46433005755266],[-93.93105402066753,32.50001569145163],[-93.9160547328852,32.5034603134476],[-93.9070672854569,32.50117942573435],[-93.9170384171866,32.479610516524964],[-93.90393937374911,32.487319187999205],[-93.9004602730039,32.498344884031184],[-93.88607158149931,32.49828043366419],[-93.88121953558641,32.47805434873307],[-93.8803191896478,32.497981134905935],[-93.87500148455611,32.49999999601019],[-93.88034989091909,32.501143356280785],[-93.88034986743376,32.50542807259362],[-93.87751963032039,32.50189583285899],[-93.86934062263012,32.503303807066615],[-93.8636876172566,32.49691405671982],[-93.85131324235192,32.497332849100594],[-93.84588852676562,32.491458650928706],[-93.8621082694637,32.477797667762715],[-93.86479396448559,32.46576172224393],[-93.85394512206611,32.47971762575961],[-93.8275404702053,32.49664667218652],[-93.82539672943831,32.50224598900058],[-93.82181080106578,32.5032853129042],[-93.8233514780819,32.497520311267294],[-93.8153715107033,32.49790847181623],[-93.81289191060452,32.48895618331363],[-93.80813135054589,32.50001622686771],[-93.79506235674978,32.504982682729796],[-93.79531416978271,32.51174992046561],[-93.77893459160059,32.51151746545773],[-93.77167138654889,32.517669700633725],[-93.74999699750511,32.515864955617694],[-93.73872788446451,32.503972004956985],[-93.72571242719762,32.50066104364509],[-93.72498022648192,32.49338436434173],[-93.72968779421193,32.480220228393705],[-93.7439768031905,32.4802436002281],[-93.74434301214859,32.471304542115014],[-93.75204122778061,32.47237732160268],[-93.7396281976326,32.45811778083391],[-93.7444042597659,32.45194507007053],[-93.74236713371572,32.44811234706637],[-93.7483484578134,32.42436825341138],[-93.7608607431457,32.4244780020037],[-93.77305212709021,32.438181897889265],[-93.77945263318361,32.43841879014101],[-93.78963779732439,32.452785244830515],[-93.78422865744402,32.436251620693604],[-93.80848997383731,32.44931324156709],[-93.8062240629732,32.44132414822073],[-93.8327887198932,32.44152231818011],[-93.78715813511332,32.4309905480235],[-93.79058360275039,32.40940186386474],[-93.78669289367352,32.391370823529726],[-93.80758155241661,32.3964513206641],[-93.80997704917871,32.394757178999505],[-93.8052930789821,32.385854546912675],[-93.8200327122026,32.390226329982994],[-93.83658786977792,32.400914589194194],[-93.84041814945601,32.41224506403882],[-93.85389896061882,32.42220957704909],[-93.86193271663528,32.436117156092536],[-93.85357065662939,32.41066776477938],[-93.85503535730622,32.40321079242318],[-93.875001419293,32.40625207502024],[-93.8868341119716,32.4234715388405],[-93.88900854839619,32.42140633720275],[-93.88406469503681,32.40915422287433],[-93.88832932227221,32.40534650854409],[-93.90549549847458,32.42370795096372],[-93.94264967541311,32.43013821472442],[-93.9426115408913,32.42659919859387],[-93.93379982839518,32.42313183678179],[-93.90477013691562,32.41757014338125],[-93.89200653269869,32.402482437555214],[-93.8909154703049,32.39197675630372],[-93.87704581299921,32.386863537907224],[-93.8772212127877,32.38276805895371],[-93.8925710216698,32.3819125428139],[-93.91040084994091,32.38755850013785],[-93.92836748456779,32.38519246419013],[-93.9477458820213,32.39212064316417],[-93.9526438042324,32.399159518730386],[-93.9454568897123,32.38301530821908],[-93.96214978961369,32.38549836924359],[-93.97875822488352,32.37922648007758],[-93.95947155787752,32.38067537667746],[-93.95785418121511,32.37342750621731],[-93.95255955404922,32.37067723448292],[-93.9547263006035,32.36805772105022],[-93.97773597932661,32.3658334515896],[-93.99693865375508,32.35674231628469],[-94.0114036012804,32.356070972542994],[-94.02377808135938,32.36416086869748],[-94.01884933521401,32.3550796601997],[-94.03103309366249,32.34622864729494],[-94.00585728041568,32.34978443796457],[-94.0090385110054,32.340078690263475],[-93.99645782167332,32.35284055650511],[-93.97305952427752,32.3551481924499],[-93.97257832179922,32.34673958166],[-93.98129828706531,32.330245050992914],[-93.96430106392792,32.340242578704725],[-93.95412363527159,32.35205005992377],[-93.937362348699,32.35857749664609],[-93.92263048154808,32.36047627649767],[-93.9264519927916,32.348716531046705],[-93.88077643759618,32.36468108395459],[-93.84546074205149,32.36418171522669],[-93.8401502692406,32.35956274008859],[-93.84552908768688,32.34835308115702],[-93.8545089770575,32.346621893767264],[-93.85961253269431,32.33039045908068],[-93.886261131385,32.31977695433918],[-93.90709689904159,32.32056312506022],[-93.9230340946775,32.31411619100373],[-93.9013442527397,32.31538979173649],[-93.88816111767942,32.3121315470842],[-93.83267367650839,32.33354922003038],[-93.82451093746111,32.327460425375904],[-93.8289813601131,32.313094356068795],[-93.84931299668547,32.307002217984675],[-93.85470684506897,32.29784114362069],[-93.9079208638731,32.29299995602702],[-93.91367276551492,32.298360051843275],[-93.9263907878701,32.29919896780179],[-93.92986994908482,32.29619462751785],[-93.91798353134209,32.29125360187013],[-93.9331346980405,32.281778029778486],[-93.95411524998791,32.28856828835539],[-93.97227266267652,32.285821631745215],[-93.95296351868943,32.28336506020523],[-93.94523510524428,32.27783210290993],[-93.96170637384022,32.26002509806831],[-93.98137438371391,32.25559162902163],[-93.9664210944807,32.2501222533355],[-93.97703321091441,32.23924142539702],[-93.9671759905109,32.23931887701779],[-93.95898238000481,32.25147963382633],[-93.93376855683502,32.27066022842532],[-93.9282828183661,32.26995585745472],[-93.92951071162197,32.261570748068586],[-93.9414583741947,32.251057577918004],[-93.92770309276588,32.25618343001912],[-93.92197319160182,32.26988351208727],[-93.91471015892941,32.27117354842883],[-93.90853822739287,32.26749109483938],[-93.91232213667041,32.251453645254486],[-93.88826781109051,32.2780624186658],[-93.88298038059212,32.28050371584139],[-93.8694162539337,32.27745133299819],[-93.8651434446283,32.265934359686],[-93.86857685141112,32.25387635741713],[-93.92801480275139,32.21084465266592],[-93.88569586155758,32.230698481014336],[-93.86760752129601,32.24773493469904],[-93.85378301935579,32.214316508340005],[-93.85498092680409,32.20577528431429],[-93.85151665491789,32.20579911785434],[-93.84812208829939,32.21404224193294],[-93.8544238000972,32.22392949163742],[-93.85825440413169,32.250008888155484],[-93.85204410768041,32.27086308040122],[-93.85386012531289,32.277741957336],[-93.84585723473619,32.28877878176701],[-93.81248689353791,32.3072430530856],[-93.79630509518981,32.28686679181201],[-93.80427809341292,32.32107351072737],[-93.7960613128144,32.33378620000198],[-93.78814235115289,32.33085479973222],[-93.78489230224851,32.3353422564754],[-93.76190510927319,32.33939262388079],[-93.752361048911,32.325489333422006],[-93.7442054854175,32.32088411343235],[-93.7467689828212,32.31230423293686],[-93.76904636094972,32.30211599373879],[-93.77902494323932,32.290698008708],[-93.7473870668701,32.30708626142981],[-93.73663721764729,32.3067770201875],[-93.7355153675854,32.303431909443695],[-93.72153905895128,32.30947029000306],[-93.71796076866082,32.30074213685399],[-93.71495482954529,32.30876489135671],[-93.700481893081,32.312464826198614],[-93.6751074308012,32.31531041994859],[-93.66486854120929,32.31292290731729],[-93.66796624720179,32.297851118806804],[-93.66162616815862,32.30012033086112],[-93.6582317046386,32.308924553054126],[-93.64604769059719,32.29740491714749],[-93.6461541909062,32.28214245064732],[-93.6527073346213,32.27875846703392],[-93.6808213508915,32.287356837335],[-93.6669364027205,32.27682043545551],[-93.6417976780071,32.274511836852284],[-93.64689371187528,32.26296168625183],[-93.67442012692868,32.2518335104657],[-93.67665608624999,32.25796237496559],[-93.68212607435501,32.2570020605096],[-93.6909757679304,32.2686854562376],[-93.69382167602652,32.26811106021166],[-93.69332608764502,32.260110625416324],[-93.69769760720493,32.259152327973595],[-93.7059066122963,32.27288189654609],[-93.70953793648918,32.26076231827719],[-93.72605513938248,32.2714677057697],[-93.71355057676348,32.25544921914111],[-93.72019618500771,32.25046247461864],[-93.71464931687801,32.241555966228745],[-93.72076795662521,32.24003396654406],[-93.72978581574532,32.2442650134778],[-93.7365528913855,32.24199035545761],[-93.74608201509649,32.25496533172741],[-93.74509801304642,32.24660304086973],[-93.75345208713041,32.24331001649077],[-93.78216067754923,32.27243608297221],[-93.77136549069441,32.250009565506225],[-93.75653410036992,32.23758695273796],[-93.81390530531331,32.24405456736831],[-93.84124807778299,32.220760194601795],[-93.8065512358136,32.23820568204021],[-93.7521392481307,32.23145357883989],[-93.75374866244302,32.22566032522443],[-93.7930925685379,32.223399633390486],[-93.79179572297389,32.22045845490074],[-93.7726388129312,32.22135521621461],[-93.7795125613648,32.214176467438186],[-93.7983110912445,32.214832774496216],[-93.81041849905749,32.20110365089413],[-93.81962724642992,32.21050952127732],[-93.82912539774128,32.21168869772969],[-93.83692244349702,32.20605157700342],[-93.83704444497869,32.200156026728244],[-93.82634825630701,32.207516218747735],[-93.81994756988509,32.205699389024694],[-93.8157511327733,32.201663298181806],[-93.81465983543612,32.18763777312541],[-93.8300936463092,32.177708078989305],[-93.84991421717459,32.17136647484522],[-93.86059543578071,32.18199925589962],[-93.85314140733982,32.1654495375459],[-93.81788715124262,32.17933664404633],[-93.8191911975084,32.16226027037481],[-93.81071578135281,32.17990005279364],[-93.80474189518569,32.177714417221324],[-93.77820780053891,32.18936082041227],[-93.76740443346588,32.185081667120116],[-93.73575097700932,32.19597220988062],[-93.7213241729719,32.19419453253821],[-93.71013261265533,32.208999496491],[-93.69810858619742,32.2124806030088],[-93.67126900981569,32.21044990612863],[-93.63474013891478,32.1868974831011],[-93.63657050279912,32.179600500998596],[-93.64239215288461,32.176937358154824],[-93.65881741839542,32.17918097867831],[-93.668453034134,32.1746287685119],[-93.70132780149801,32.17988303314991],[-93.71827960550002,32.17839148251428],[-93.72680945187419,32.172755978312104],[-93.6999845679198,32.171199820152694],[-93.73293563640121,32.16310003447408],[-93.75741763225041,32.146356892073705],[-93.78034272679221,32.14016526463111],[-93.7879035433279,32.12941553396827],[-93.7544648308742,32.14171890144483],[-93.72743479284918,32.15940792869304],[-93.70538598919161,32.16186124672114],[-93.69431605740128,32.169213144096865],[-93.68033948391229,32.1631058434365],[-93.6863967708352,32.15886373388381],[-93.6424370876947,32.15816571265273],[-93.67191690785792,32.14885576289428],[-93.684390191418,32.13405123549755],[-93.69891585303901,32.12667750618343],[-93.71183210406642,32.12319387675849],[-93.73192785557812,32.12882200855311],[-93.76878440511719,32.110600672479556],[-93.76893675253082,32.1065689677082],[-93.7651144082865,32.10705837155788],[-93.72859349156352,32.12201299415968],[-93.7188892836168,32.116635991091684],[-93.6961387856783,32.12079825047902],[-93.69737486741771,32.11582866748993],[-93.71837752476881,32.09771288383119],[-93.7172943024085,32.07522381212032],[-93.7605890437503,32.04471689771281],[-93.74242399138738,32.0508745385685],[-93.7403947477808,32.04762643683379],[-93.74571983548212,32.0308424410263],[-93.739341468349,32.02994659602408],[-93.73314746873409,32.053101685681206],[-93.72247446046978,32.062004556177214],[-93.7163322164271,32.04528477787729],[-93.7104964948099,32.0678111039898],[-93.71090108690932,32.097136601877104],[-93.69854933097933,32.1024760440174],[-93.66440190787239,32.14346350814242],[-93.6565514755465,32.1427305155884],[-93.6269042953717,32.1532739288271],[-93.62410419999111,32.14429047354254],[-93.60323813470528,32.13135897768889],[-93.6132092329449,32.126354086189714],[-93.62073971643851,32.131739727931425],[-93.61539882564531,32.12323377260745],[-93.62405776103911,32.11615709821988],[-93.6343732488648,32.12592987509089],[-93.64423014233469,32.1250062232324],[-93.67629519249978,32.09949292453822],[-93.68853185125592,32.0787941350259],[-93.6921784654173,32.05534892770991],[-93.68975204073129,32.04713566800907],[-93.68574690886048,32.04793605936419],[-93.68017053941338,32.082255741264596],[-93.6498068405488,32.116701353377394],[-93.63496005922478,32.1114228185615],[-93.66634630197949,32.08511921020079],[-93.66948194852318,32.06570909638727],[-93.6630349416511,32.081416302985595],[-93.6347690960853,32.104365014927886],[-93.5856526530089,32.1119688603712],[-93.5950133195003,32.10114166690738],[-93.6144675811593,32.094069074545715],[-93.5948073690922,32.09680165968975],[-93.57052349761221,32.11909926171361],[-93.56767067443401,32.11785082329053],[-93.56902121381931,32.11212424185121],[-93.58697998104202,32.09838869885511],[-93.5744219161822,32.101237937124345],[-93.57603222937202,32.09688773168711],[-93.59402143491502,32.088270738436925],[-93.5995906605839,32.07599072093771],[-93.6113928282595,32.06988309360444],[-93.6550856272069,32.06439019380258],[-93.67065646049221,32.05189757552112],[-93.65432992236929,32.06113254478481],[-93.6446865109123,32.06258139241681],[-93.64502219184762,32.05900748975886],[-93.66911521238579,32.039648569900116],[-93.64821867722738,32.046580118944604],[-93.6491800756917,32.02826709561357],[-93.64045274930808,32.05623733455482],[-93.6080589029711,32.061831686881],[-93.6141771713966,32.04985318637322],[-93.6219743100274,32.04438465828441],[-93.62734497838998,32.03086326137471],[-93.62500280370851,32.0263352142744],[-93.62047132962418,32.03787848702679],[-93.60723477427631,32.04678585153013],[-93.60331348611689,32.060143527280246],[-93.577550171749,32.077487002941844],[-93.5814862007228,32.066145196083355],[-93.57452824076752,32.05966107982659],[-93.57493318406598,32.05045098805651],[-93.59273890190879,32.030095278741406],[-93.59479099037898,32.00991933617861],[-93.58987772076702,32.0104087105811],[-93.58002912265418,32.036206313921205],[-93.57059195660172,32.04214588495551],[-93.56329044326061,32.0400059951453],[-93.56159734560461,32.06002647908198],[-93.55149645810812,32.077761248169836],[-93.54350824389888,32.08244673661719],[-93.5309126027948,32.07893225272319],[-93.5326902595748,32.070700768113376],[-93.52579330250681,32.07538569516751],[-93.52581643869539,32.08004196332073],[-93.5420665564979,32.085094067056524],[-93.54119670780331,32.09161416108938],[-93.52622074825139,32.086711566559416],[-93.5130296751178,32.07388502960779],[-93.51737073773899,32.06843845250511],[-93.5286693848692,32.06808296186231],[-93.5457209131981,32.05622060764592],[-93.52754795924389,32.06405051068142],[-93.511831886642,32.05542981097007],[-93.5115039709554,32.061014482169085],[-93.5071398733036,32.06289658939591],[-93.5018297486386,32.05810753356784],[-93.4848779246149,32.056929896839286],[-93.48120034448061,32.04996297663478],[-93.48219970840961,32.03258084598908],[-93.4757531368739,32.01848855551632],[-93.4755167260002,32.007784333753776],[-93.49999881206669,32.02267659757502],[-93.5179500055662,32.04128561124938],[-93.5241296587109,32.03893605564559],[-93.51017578897822,32.01913252091509],[-93.48823449623892,32.00261586670881],[-93.48232179431868,31.986502089169495],[-93.51164830480651,31.98933612862232],[-93.51988802061419,31.9973686345464],[-93.52119984278639,32.00465652233041],[-93.53453564091042,32.0120481498791],[-93.54757441299131,32.030298938094425],[-93.5376104010796,32.00877630235011],[-93.53030944727762,32.0050864335574],[-93.51801110814951,31.985536689452346],[-93.53554299219479,31.97750025044201],[-93.5595822517071,31.980430754513836],[-93.5417222128089,31.969510581281448],[-93.55007612290042,31.952981303544465],[-93.5374578121198,31.962892435566914],[-93.53284200599312,31.97296195648962],[-93.52904286957559,31.96975549320646],[-93.5303473764358,31.963683040196706],[-93.52767746765481,31.964071111195707],[-93.5232900551071,31.97432791838512],[-93.50932114065701,31.982539064460624],[-93.47681337203622,31.976409551694125],[-93.4810094751638,31.970704082441408],[-93.47067210970201,31.969386753701105],[-93.4682762539015,31.959942850709695],[-93.47025977722808,31.956522761024637],[-93.47628666938012,31.961241905116093],[-93.47444863818052,31.949493144578554],[-93.4840458432847,31.956472313487826],[-93.51119777062841,31.960538624916623],[-93.51051168978739,31.956937015048798],[-93.49294107685878,31.955491697708407],[-93.48557185054509,31.950589885344687],[-93.495550885941,31.94467198304929],[-93.52757793977773,31.947198211414523],[-93.52200068478999,31.94305098707734],[-93.49999867411451,31.940538200257233],[-93.4726556510641,31.94646628376108],[-93.47150335386628,31.939454250156697],[-93.48149753147358,31.937333039683505],[-93.48167328327908,31.9272806340003],[-93.5226189102246,31.934893425976085],[-93.55241859391359,31.935336786703722],[-93.56178726217772,31.941550209465195],[-93.55412713407502,31.924520613824214],[-93.54615527741312,31.929295188211466],[-93.52792858811601,31.92994044869752],[-93.5070016913883,31.92547773480404],[-93.524755248813,31.919718471316123],[-93.5202994289844,31.91821550039519],[-93.47497453094961,31.921618432820303],[-93.48048316601468,31.912495630344527],[-93.4842824176641,31.917034659167506],[-93.4927048525459,31.912447886153988],[-93.4906828317317,31.9084759186799],[-93.49400945870411,31.905808006280225],[-93.50934371804449,31.905937520273877],[-93.51826997075868,31.912159421715845],[-93.52357241542299,31.90644862456642],[-93.5304766743979,31.90888539594079],[-93.53355902679341,31.90375188561601],[-93.5455521002367,31.90275271252252],[-93.5586971460543,31.907817260732546],[-93.5528683656163,31.89931021176328],[-93.56572357584268,31.893563641341416],[-93.5690117064744,31.887102142573],[-93.52287813782009,31.902280817015477],[-93.51642365914572,31.900031107244],[-93.53783142391339,31.87453639782806],[-93.55158639094243,31.87068484702153],[-93.53980000233258,31.868460339363246],[-93.5077572343277,31.900634662279238],[-93.4986558586487,31.902377099883385],[-93.49552744507818,31.89954442042698],[-93.5012875777793,31.895540995519987],[-93.5094127017314,31.878254394435324],[-93.50180652411701,31.868616544930376],[-93.5040873576724,31.879034344400008],[-93.4952608019323,31.89139206190784],[-93.46057856478069,31.932478094694847],[-93.45259848640531,31.936866650187014],[-93.44548080106591,31.9365140419269],[-93.4418945844031,31.931535337207915],[-93.44509895380548,31.91372677400138],[-93.4571301702361,31.908979367958235],[-93.47963613235311,31.878180309857918],[-93.48467914524652,31.865267503867717],[-93.47650805505218,31.874210314852302],[-93.47116037282528,31.87100615938058],[-93.46876456738649,31.8816339411844],[-93.4502260480158,31.906539965760917],[-93.44046014834798,31.9099871300446],[-93.43842348504128,31.901463239955113],[-93.43068744728889,31.910590728758407],[-93.43137399463102,31.9149485152767],[-93.42537741188751,31.91629466014707],[-93.40567917833609,31.914147902268688],[-93.3669689016881,31.901259518265494],[-93.37237007937502,31.891244210278185],[-93.3910464146603,31.892706821593706],[-93.37813746716462,31.88857402083383],[-93.4067473180577,31.876348521450897],[-93.36435986382261,31.887665350853613],[-93.360460974553,31.898274860361614],[-93.33423955986237,31.888294113137214],[-93.3381229848522,31.88375283197627],[-93.34456206226281,31.884117799159608],[-93.34528658353102,31.876874561699417],[-93.35304588920901,31.8775427553161],[-93.3436770928938,31.866356523735963],[-93.3449360651585,31.863279545950224],[-93.35237386296278,31.867961015563147],[-93.35022282795559,31.8596471131592],[-93.38350128994419,31.863350396272615],[-93.38369959005321,31.86063562165309],[-93.37115729393722,31.85919317659311],[-93.36626674788799,31.845498375362627],[-93.3687079547779,31.838868087720307],[-93.37577289074798,31.83896139953853],[-93.38364640315739,31.84816083089667],[-93.38382889914962,31.841107637381153],[-93.39637133261981,31.851555298348522],[-93.4120573813639,31.853857380321173],[-93.38530178219509,31.83796934338874],[-93.39125250868972,31.823640319417446],[-93.41896126013928,31.834305540438795],[-93.4393010305888,31.835502459733206],[-93.42442408932851,31.825427906900316],[-93.40451189332359,31.824405652155118],[-93.39093932340579,31.818843710107615],[-93.39663839737881,31.815571322881564],[-93.42650643648018,31.817644727076996],[-93.42458413547031,31.814036652404916],[-93.39450194031122,31.811238853497557],[-93.40061318515743,31.80344508227527],[-93.41671051952738,31.80429739715982],[-93.41584102594591,31.79959746313961],[-93.42174584200751,31.795418845206186],[-93.43466210197259,31.794652868858506],[-93.44548037858729,31.798956567733534],[-93.4403535956616,31.789569328481214],[-93.4574884430932,31.786979565787004],[-93.44138314746151,31.78450222436378],[-93.45301786868498,31.782473276723685],[-93.45406284544819,31.779033117456194],[-93.44495392722897,31.778883929935223],[-93.43567677299632,31.786330479086907],[-93.41327739854479,31.794544420346035],[-93.40562531567768,31.787515594808923],[-93.3915119489669,31.804918112994223],[-93.37627628367682,31.807313938245702],[-93.35306073241301,31.826368774035632],[-93.3539380840353,31.83396186364159],[-93.34820078344,31.83018106653021],[-93.3497119190433,31.837588385397417],[-93.3448668591331,31.843569290671244],[-93.32979921933521,31.836195834700703],[-93.3243065554893,31.839464479380922],[-93.31814947104492,31.836769890756],[-93.31541115907142,31.8405699436793],[-93.29185219719152,31.839091972140906],[-93.3064617455854,31.824681379169956],[-93.3063168520451,31.810157291556898],[-93.3178596444827,31.814346377492118],[-93.30788096076901,31.80478606360162],[-93.3497953929498,31.803049705756727],[-93.31283973271921,31.797632529563074],[-93.3090940082302,31.787966317731318],[-93.32075911187461,31.79462806689109],[-93.3772831392743,31.793929883645646],[-93.37154607691022,31.789065701474815],[-93.3336444771143,31.785373807180708],[-93.3304479376075,31.781221576043396],[-93.36198680679442,31.780053803018337],[-93.38989449661331,31.772015706628807],[-93.33317918480752,31.775790658837586],[-93.3039978840354,31.78237403062492],[-93.30123602994588,31.781114951309615],[-93.30392918683081,31.762300864413415],[-93.3157999687969,31.76914521870468],[-93.30347139026868,31.752537826408183],[-93.32191114339481,31.75972570453644],[-93.33735961119382,31.760046819919506],[-93.34707147772431,31.753152540415424],[-93.36441312733838,31.75057092637964],[-93.39256440248488,31.7537431304053],[-93.36481735453819,31.745686593437085],[-93.36734237703381,31.742245114240614],[-93.40332181061049,31.744848037294382],[-93.40139929821491,31.741237612283896],[-93.37112670764239,31.735722797600104],[-93.33120346977718,31.754818128818435],[-93.31322892275782,31.750013507944804],[-93.31779112831843,31.740817312661],[-93.3137175093796,31.740524688446317],[-93.31440400614238,31.734629836455788],[-93.32145293659138,31.727205180798805],[-93.32223883544869,31.711294850210198],[-93.3580654754779,31.729525438825313],[-93.4012466412241,31.736350327720327],[-93.37929008043952,31.730220178003023],[-93.3599727128022,31.718184291128193],[-93.38189118890331,31.716608423767326],[-93.39926288707339,31.726683492245407],[-93.4160395634056,31.7225480723469],[-93.41283509001269,31.71787303931222],[-93.39426573732318,31.717025420651446],[-93.38909325072768,31.7061589002051],[-93.4041229600805,31.695215280663593],[-93.4171837061559,31.701535189807394],[-93.41396440669699,31.69292914790521],[-93.401399229021,31.689041117173627],[-93.4118207638646,31.68795033236508],[-93.4293680441558,31.699077230429992],[-93.42295944948842,31.688970698934497],[-93.43390699917998,31.685608212148207],[-93.42788001664302,31.682908026336886],[-93.44055954925932,31.673041309263695],[-93.4357843156434,31.671999572360082],[-93.41551336166899,31.683248247988217],[-93.41650528318512,31.66797945416585],[-93.4098451121275,31.680244572784915],[-93.39095522751369,31.686050390170188],[-93.3545482099425,31.708003574518074],[-93.36201771398771,31.698224329062892],[-93.37912191642198,31.688201030886276],[-93.38241779755641,31.673229079545045],[-93.38664432070729,31.6697383981472],[-93.38381418042701,31.66898916417508],[-93.37381248518409,31.68579950265168],[-93.36019424241708,31.68553650726231],[-93.34397459884401,31.695253775347773],[-93.3401830499203,31.702331167112252],[-93.33214951254749,31.703499848210715],[-93.33072272369411,31.698613645944175],[-93.34375361160312,31.6839153483566],[-93.36137680427758,31.671325675406486],[-93.36204832514538,31.661042736614924],[-93.36767837619838,31.65492820146904],[-93.39206903378698,31.655966074461855],[-93.403352651451,31.650792767973005],[-93.38798776814839,31.652651987108435],[-93.37436914964441,31.64906692610262],[-93.38440968144901,31.64253507935317],[-93.38479131356408,31.606259468718925],[-93.37898507211412,31.611416082654113],[-93.3787024793446,31.629254980789703],[-93.3722940788355,31.640227200892593],[-93.3614535416941,31.645325664346245],[-93.35788285287951,31.635812503020908],[-93.3322637554083,31.63361587872671],[-93.34804107818502,31.64838585597817],[-93.3374900606592,31.66322550744243],[-93.32287989056762,31.665632630566677],[-93.31638756160629,31.6403050510302],[-93.31108520956609,31.639713613569082],[-93.3173186817171,31.653755282761143],[-93.32112542369951,31.682614767526406],[-93.30420381705869,31.69777311751853],[-93.30119757802959,31.696721887916116],[-93.29992391395238,31.68478201367285],[-93.30109907714449,31.665433889313007],[-93.29432436294421,31.648068941566514],[-93.29079195218618,31.648226562789088],[-93.29563624831981,31.67043298484301],[-93.29427038277842,31.686914351838695],[-93.3034105577856,31.725434486181385],[-93.29604024399279,31.74207990255751],[-93.2896167546961,31.723500930650175],[-93.2787985606239,31.71476056994824],[-93.2905318811519,31.734535165480786],[-93.28790767067092,31.7446692604339],[-93.27799013711669,31.738793461735007],[-93.27298488068729,31.722028422053057],[-93.2604276384844,31.71948604146046],[-93.2712381675106,31.727928002391803],[-93.26842272302702,31.73428083787237],[-93.27127584774128,31.742741128043175],[-93.26946059755691,31.771240636994293],[-93.2548428954719,31.7667492706304],[-93.25380562197661,31.77597384946871],[-93.2430178023356,31.777985522205494],[-93.24235448827362,31.768039195729294],[-93.23496162982332,31.773841063012195],[-93.23028482940721,31.763539599889693],[-93.220336088986,31.762654350822785],[-93.22775170959352,31.768428199621987],[-93.22946110466891,31.773127295834097],[-93.2233272292254,31.77476599211169],[-93.23116201210141,31.776558213433205],[-93.23138329625151,31.78180079186386],[-93.2206034503583,31.78634389741599],[-93.210624509714,31.77514767937],[-93.2161709275311,31.791593965590323],[-93.20729081180079,31.7964918843215],[-93.19648007243951,31.79343584210389],[-93.20327042084348,31.799390419902586],[-93.20010378556279,31.80391802606999],[-93.1852806470968,31.803829637472894],[-93.1621946693796,31.796737827722815],[-93.14399186376549,31.79983450608878],[-93.12642159458841,31.80672295053961],[-93.12579620985201,31.81377737466213],[-93.10146680740452,31.83423236955728],[-93.0951267740055,31.82036983782252],[-93.11329937102178,31.810172694946548],[-93.08726156029988,31.81634109629912],[-93.0874520190046,31.812157293877206],[-93.09403651995662,31.809463340013693],[-93.0954933253418,31.786134707160627],[-93.1005740882583,31.78613110086],[-93.10735664456972,31.794805561497316],[-93.10502204077369,31.787755502454992],[-93.09034816609417,31.776606552919034],[-93.09488967924663,31.77092704090957],[-93.10289381674669,31.77835475076692],[-93.11220113270402,31.775453435042618],[-93.11941829650911,31.791540744807993],[-93.1217449269078,31.788463357257744],[-93.118350355183,31.78123454352179],[-93.1229959225344,31.777434495384234],[-93.11578644854961,31.766951607092167],[-93.13448557867568,31.770289711539395],[-93.13739987451389,31.782661494951814],[-93.14458661020751,31.774154610600963],[-93.1494615607184,31.780298112384596],[-93.15411559265621,31.7764951047264],[-93.1585631256628,31.781552656866072],[-93.1750880546067,31.786775679376596],[-93.16279730558821,31.77901701276842],[-93.1606689348481,31.77287071432213],[-93.1445792114874,31.769090031711237],[-93.1473181243014,31.76312234696433],[-93.13441693089828,31.767115970803513],[-93.11895287758051,31.760802481802134],[-93.15471070698419,31.7542541467878],[-93.16594059044019,31.760204031683916],[-93.1735545347261,31.759290939364046],[-93.18352556840492,31.770848899745896],[-93.1771403934979,31.752053207378395],[-93.1987304987004,31.754009430863093],[-93.20275891348209,31.759791311532613],[-93.2033844687235,31.75418572387482],[-93.2109982345232,31.753267760902908],[-93.18220574787891,31.744813559745825],[-93.1944585177687,31.735391554040206],[-93.18135153471609,31.74029499850893],[-93.1781699757468,31.738308685430002],[-93.1921922830743,31.72988497103118],[-93.1930622426334,31.723079749452896],[-93.2162323018853,31.723345617559506],[-93.21108970689279,31.718819478175828],[-93.19587767611459,31.7164264611711],[-93.19869997210348,31.713095795214798],[-93.21089926087761,31.71156311084451],[-93.21338662497999,31.716548670090226],[-93.21762070247641,31.71170430494948],[-93.2289345226516,31.713649298238277],[-93.21831494003192,31.706714831428222],[-93.2271417931002,31.70110826325812],[-93.19975278795272,31.709920078842696],[-93.19568664986292,31.707809997682507],[-93.1967243428887,31.697831346273176],[-93.18470833433881,31.69921163296602],[-93.19140689234163,31.692248891017996],[-93.1908650452787,31.684841641848813],[-93.1989974640951,31.68755098154031],[-93.2062380954984,31.683608268023505],[-93.21102124570461,31.687985195485915],[-93.2242576482041,31.679346222887773],[-93.2162933030168,31.67588511133848],[-93.22052756599258,31.671343374902833],[-93.21311875749953,31.658541499146885],[-93.21712188311459,31.65497410160898],[-93.23747136965301,31.662092335872853],[-93.2492814598502,31.651035286332977],[-93.22474824793406,31.649080802210083],[-93.27797314525846,31.617518371396887],[-93.27958440913828,31.62255547521477],[-93.28645860437979,31.61740371849776],[-93.28499314051096,31.613351633291394],[-93.30303383909308,31.603181542023336],[-93.30903360854768,31.60812803329469],[-93.33944278255491,31.616365428392914],[-93.33500309366822,31.609725960524987],[-93.3087532393301,31.60000453254175],[-93.31527177449627,31.59638293554705],[-93.33178365565179,31.599001115538503],[-93.32028860526144,31.593595165590038],[-93.33293397010947,31.586566428134134],[-93.35191689180529,31.599400239739857],[-93.346980627474,31.59110933458283],[-93.3365778833516,31.584540503675758],[-93.34222746994216,31.58139902418767],[-93.36000419770669,31.58864812070631],[-93.35066054783377,31.576708751027144],[-93.47822294519518,31.49785635268753],[-93.55077156878428,31.464409902488242],[-93.5487276813927,31.46644435163282]],[[-93.108096680801,31.826752954525354],[-93.1022910960758,31.820729284089975],[-93.10020830602329,31.82112417742102],[-93.10377875134098,31.82836780393668],[-93.108096680801,31.826752954525354]],[[-93.22246530009801,31.6672569122151],[-93.22370856143029,31.672696788470503],[-93.22972065143048,31.673894851812598],[-93.22456312359648,31.660300946331724],[-93.22015349154022,31.661669829085824],[-93.22246530009801,31.6672569122151]],[[-93.2951330652174,31.625012474712534],[-93.2936989403003,31.617990577351407],[-93.29035730049688,31.622381098296465],[-93.29109738927468,31.633413371283694],[-93.2819114398685,31.632225102955108],[-93.2794780213257,31.625960263591317],[-93.2738475016573,31.62885687984421],[-93.2785853408691,31.641601989997806],[-93.29411061594432,31.635520622293914],[-93.2976201616348,31.62825881981217],[-93.2951330652174,31.625012474712534]],[[-93.59352512778881,31.604101201395782],[-93.58681920328077,31.604435051539813],[-93.58631570511531,31.609271370221297],[-93.58985558189471,31.60986193911999],[-93.59352512778881,31.604101201395782]],[[-93.8430824086847,31.89740394435912],[-93.850101851845,31.898743664529434],[-93.85500684944161,31.890827994856096],[-93.84963627519011,31.883412091836114],[-93.84090091666111,31.891443883213064],[-93.8430824086847,31.89740394435912]],[[-93.9269947894783,32.46461633795838],[-93.92897093931411,32.45855263287814],[-93.92318764000771,32.458016732335686],[-93.92424852258533,32.46233187589027],[-93.9269947894783,32.46461633795838]]],[[[-93.11688593648041,32.17934489202928],[-93.14036068411681,32.175057983982995],[-93.13331148153269,32.1886392355028],[-93.12739139763352,32.192136397484404],[-93.12808534854922,32.20124981999736],[-93.15335271638338,32.17232616331292],[-93.15700706721141,32.17561955536607],[-93.16246959033171,32.17017966134484],[-93.16840552287492,32.173275774947925],[-93.17454648999689,32.16570496534393],[-93.177979902872,32.1705500388857],[-93.18686772614159,32.16956520517083],[-93.19053712034632,32.17949726574971],[-93.16478875440819,32.18976719673802],[-93.1750961058095,32.21321687385823],[-93.1710601594661,32.219376914678165],[-93.1557100853414,32.218481348209096],[-93.17169361664197,32.224083926998205],[-93.16578850195098,32.23805549975692],[-93.15850243495188,32.242029535162885],[-93.15471823599738,32.2383596617822],[-93.1543446871317,32.23122171422557],[-93.16145465598892,32.2262524733502],[-93.15907475764752,32.22330721345372],[-93.1464869570864,32.223474690877744],[-93.13733920652732,32.21076312075382],[-93.12638380457672,32.20922246993002],[-93.1194265291823,32.203199850594125],[-93.1088506179622,32.205011991993786],[-93.10556143853846,32.20119121010657],[-93.11688593648041,32.17934489202928]]],[[[-93.18985795470752,31.711143832358893],[-93.1854636666235,31.72369719992311],[-93.16781010001202,31.740195522714703],[-93.16284308195941,31.733553387415917],[-93.15744937357759,31.747377438917475],[-93.11595236185167,31.74963458662926],[-93.13382453407318,31.73155485514512],[-93.1924902688017,31.70116596902452],[-93.18985795470752,31.711143832358893]]],[[[-93.1463721064579,31.898909771753992],[-93.141482246779,31.898535764663897],[-93.1345395497249,31.896126925170808],[-93.154962799364,31.89746418200409],[-93.1463721064579,31.898909771753992]]],[[[-93.17696530186399,32.23707068025397],[-93.18357176018881,32.233571358110424],[-93.18583799589771,32.22270801483744],[-93.20068403892299,32.227190460949785],[-93.1911549974548,32.24779327854082],[-93.16793202648871,32.26040877681862],[-93.15217801596201,32.24779655023291],[-93.16876379200721,32.242510774443936],[-93.17331064731509,32.23584583186121],[-93.17696530186399,32.23707068025397]]],[[[-93.1672145446118,31.703014277340124],[-93.16491825984652,31.705737462305315],[-93.15922777108631,31.70651969880302],[-93.16699510153224,31.6996099636988],[-93.1672145446118,31.703014277340124]]],[[[-93.1625992938642,31.89699668533164],[-93.17237214705331,31.896981741924584],[-93.18039781953979,31.907399462140145],[-93.1952975684645,31.91283495370968],[-93.18173327827361,31.910050472418384],[-93.1625992938642,31.89699668533164]]],[[[-93.20861837457248,32.01252773783482],[-93.226058104382,32.014972596669516],[-93.252943296644,32.008845123896016],[-93.2694149012077,32.01798210017104],[-93.26939229605762,32.02290226230567],[-93.25899320420362,32.01490817246742],[-93.24058389768877,32.01308869553322],[-93.22364784269719,32.018486244512296],[-93.20232416255492,32.01377335523949],[-93.188279392649,32.0152383253948],[-93.1777968506226,32.02629083475181],[-93.1727992564683,32.02331199441252],[-93.1834345824789,32.01380436080813],[-93.2030413191854,32.00964658189731],[-93.20861837457248,32.01252773783482]]],[[[-93.25734558011501,32.11932056933371],[-93.24298716448348,32.0985067481392],[-93.2336878154367,32.06344928180634],[-93.21765881009769,32.045731625296085],[-93.20748149167758,32.044509714635474],[-93.20264488389451,32.048439380057424],[-93.2116243223959,32.05750231915605],[-93.2014466715137,32.056282133991616],[-93.19709851107318,32.062477194690814],[-93.20585686490281,32.0767017979304],[-93.18258770848462,32.07508874837758],[-93.18212217508822,32.08354522795255],[-93.18842420198298,32.08374522966341],[-93.19328355731402,32.089305597624104],[-93.18505174166351,32.094686014365536],[-93.18336579084348,32.1004645823019],[-93.20146226040019,32.09753099571053],[-93.193795290707,32.103336442017216],[-93.18119149128559,32.10541971064742],[-93.17803338571309,32.09820253411552],[-93.18576902370371,32.09076401840552],[-93.17678932723611,32.0825244389675],[-93.17894847180038,32.07323526914904],[-93.19881507543529,32.07176339861201],[-93.1971134624206,32.06701677204253],[-93.18935493319883,32.06467028807087],[-93.1944281366309,32.05773641008702],[-93.191254332106,32.048045721928496],[-93.21158618043988,32.0401676360532],[-93.23390102971459,32.0520975800432],[-93.24831236096432,32.09623076910986],[-93.24680174890338,32.07270852450869],[-93.24068331649302,32.05188056698648],[-93.23560267232459,32.047446162203045],[-93.23870748656951,32.03661246295269],[-93.24814494056152,32.03329370859382],[-93.24934227340349,32.02895785935941],[-93.2561250827066,32.02894539245851],[-93.26196129017892,32.03780664851178],[-93.27699068189023,32.04107644076903],[-93.28066000596499,32.05136373717882],[-93.2765481526664,32.05490000193489],[-93.28745814903212,32.0557010068107],[-93.2756400472532,32.07595010543291],[-93.27447302653621,32.089367768098796],[-93.28146124762108,32.07655661410718],[-93.28535211046331,32.07984859865919],[-93.2829565492841,32.09120288806403],[-93.28804548965529,32.090365828195026],[-93.29252321982541,32.05849118855188],[-93.30029757634429,32.05752945238492],[-93.30807188569308,32.06204861252761],[-93.31396956355378,32.086177758956104],[-93.3240318671654,32.08940852448959],[-93.32373437226939,32.1063723412366],[-93.30111402941608,32.12809530189655],[-93.2839869883166,32.1298410581308],[-93.28893014542112,32.13588070175929],[-93.30113676619662,32.13461039660906],[-93.2825221386979,32.169281822268935],[-93.28224737140738,32.158082554244416],[-93.27473267110888,32.14444532262181],[-93.26486018629551,32.13748641184991],[-93.25734558011501,32.11932056933371]]],[[[-93.18397604609382,31.6869701751574],[-93.18627974777979,31.690895775758626],[-93.18063414000751,31.694833844651498],[-93.1785056497839,31.690454756060795],[-93.18629054077344,31.68243710220775],[-93.18397604609382,31.6869701751574]]],[[[-93.2105484065711,32.155953994436594],[-93.1973045249211,32.144726417526975],[-93.18932460858859,32.14337946261368],[-93.19476358989598,32.13154238694606],[-93.20798505843739,32.13190942776901],[-93.21988663375618,32.152058597596245],[-93.2306133318268,32.156692594887524],[-93.24386477468752,32.16946932015231],[-93.2383946521939,32.169865251168666],[-93.22309061775842,32.157289154904724],[-93.20640581967349,32.13850583438332],[-93.19751033040951,32.13716206490113],[-93.19752538857311,32.142205641895096],[-93.20276697887759,32.1429711157218],[-93.21739150586082,32.15846395207453],[-93.22312156370339,32.16970157153362],[-93.22384590197713,32.18637506334221],[-93.25211177065368,32.18399559481481],[-93.21929127779781,32.190072122967834],[-93.21833029613948,32.16854596969228],[-93.2105484065711,32.155953994436594]]],[[[-93.20339233921291,31.676207043982107],[-93.20445996180969,31.67892756246879],[-93.1966935583464,31.68181024402851],[-93.19168226118946,31.677636493097562],[-93.20339233921291,31.676207043982107]]],[[[-93.201065572348,32.10353424409278],[-93.21002974675872,32.099598538164386],[-93.22097762807431,32.091107428700475],[-93.20815314278408,32.104949992818895],[-93.2135391958137,32.11108023208732],[-93.1957476626165,32.108494408625816],[-93.201065572348,32.10353424409278]]],[[[-93.20932034820768,32.11619687652488],[-93.21865840212499,32.11734446065008],[-93.230300032931,32.123336789719175],[-93.20430768003229,32.118145746520455],[-93.21891768360068,32.129948843092805],[-93.2181774300326,32.134517606120205],[-93.2038039859725,32.12672909137032],[-93.19971546872632,32.118103364920245],[-93.20133245655272,32.11184827006222],[-93.20932034820768,32.11619687652488]]],[[[-93.21665154323638,31.917394136667813],[-93.20796943492202,31.91456340663879],[-93.20694722433882,31.91386185166446],[-93.2121889947903,31.91227879854031],[-93.2234034796749,31.918138238482623],[-93.21665154323638,31.917394136667813]]],[[[-93.22185464327589,32.21178669061852],[-93.22914860294028,32.20671910661143],[-93.22711147821343,32.2164323148162],[-93.24286518581948,32.22067065912088],[-93.26018346727868,32.21559419761994],[-93.2670346305563,32.21771530749262],[-93.2684075658534,32.22225356530892],[-93.25312681367892,32.22006714390703],[-93.2433308948906,32.22512931987449],[-93.2227853818961,32.21896140689742],[-93.22185464327589,32.21178669061852]]],[[[-93.23163545228978,32.20071641904304],[-93.22979678825452,32.194707936154884],[-93.2412632186592,32.18910322597922],[-93.23276421047221,32.197609616659534],[-93.23163545228978,32.20071641904304]]],[[[-93.26819405790658,32.22469166710671],[-93.27101737359521,32.22718136534769],[-93.25929836686701,32.22471024106641],[-93.2403553627043,32.235715968003085],[-93.25291259151058,32.22492067454546],[-93.2606643265989,32.22276933494922],[-93.26819405790658,32.22469166710671]]],[[[-93.296147637497,32.04598503026028],[-93.2936071929821,32.04823291789913],[-93.29006690821188,32.03959943086552],[-93.29127235669908,32.02927022106134],[-93.296147637497,32.04598503026028]]],[[[-93.3777192344388,32.286952192840864],[-93.37154708190648,32.2776634619799],[-93.37347007887848,32.26499443743862],[-93.35942456108779,32.26000866172339],[-93.37099805199938,32.251039302902534],[-93.36173568761812,32.23598732937341],[-93.3485982339356,32.236582442978005],[-93.33919959822491,32.24237558384871],[-93.32384950993071,32.236276407037124],[-93.3183486200672,32.238169224274806],[-93.30856060604573,32.227837874907706],[-93.29900889842439,32.2075363290782],[-93.30042742447588,32.19636382741534],[-93.29341649225819,32.17062436028112],[-93.30992610304621,32.14560329204778],[-93.32047737919738,32.13890479635049],[-93.32814434012381,32.140438910287855],[-93.3366053740702,32.161206658539996],[-93.3524435188369,32.167882914600916],[-93.35179498804571,32.1735776752463],[-93.33105871015289,32.190389783724825],[-93.3332638637703,32.194725993963395],[-93.3479957451436,32.18134894216753],[-93.35492326429748,32.18070639294335],[-93.35042959970441,32.1988739438234],[-93.3362391495291,32.21054541771522],[-93.3366357733228,32.21861510094583],[-93.35318376724273,32.203207831441794],[-93.3629795760837,32.18037515850277],[-93.3722717582476,32.185002173078416],[-93.3782762228468,32.18228969319794],[-93.3867217426088,32.193647609695816],[-93.38747700614199,32.201402450381025],[-93.39369455076799,32.20448490610152],[-93.4150485879774,32.205656073580705],[-93.41354595432732,32.195578030625946],[-93.39741736923641,32.178562760115916],[-93.39926395834159,32.14256389537183],[-93.39066561045823,32.13591737812049],[-93.4038105776219,32.13966539882312],[-93.40085092327571,32.17188015352668],[-93.41827585823211,32.19323599236964],[-93.42205249615729,32.209268362335294],[-93.37186777957382,32.21074905644219],[-93.3933971423622,32.21906802819752],[-93.38272423313498,32.24113266435113],[-93.3808927043674,32.25957440908912],[-93.38396020238142,32.25975327707063],[-93.40085822745971,32.21423892779091],[-93.4231282135173,32.216803445019615],[-93.42977299973809,32.23120707801312],[-93.42741568836831,32.235560491394494],[-93.41912275189712,32.218831675496205],[-93.40781628701822,32.21949257495629],[-93.41332461104498,32.22769445153331],[-93.41208151087848,32.23514323301508],[-93.42521097439423,32.237451659691395],[-93.40537501669958,32.246839208499296],[-93.3977460037306,32.25542617176337],[-93.39852441533718,32.29701522073125],[-93.38477640515971,32.29717137508272],[-93.3777192344388,32.286952192840864]]],[[[-93.3932364443673,32.09090799291116],[-93.38940621895699,32.09149636871682],[-93.3860725542379,32.08293539144156],[-93.39611269067682,32.08450370206241],[-93.39662399898351,32.0896601922743],[-93.3932364443673,32.09090799291116]]],[[[-93.40560297167471,32.0933462152365],[-93.4105168654294,32.094634095382006],[-93.40359700446601,32.132489035288316],[-93.39048261474319,32.13467831099083],[-93.3993858644188,32.12875514977758],[-93.4061223604192,32.09994520904079],[-93.40416167405479,32.096030425681505],[-93.39504428549408,32.095734226736894],[-93.40560297167471,32.0933462152365]]],[[[-93.40648781554279,32.00000928571882],[-93.40307029257488,32.01246875798976],[-93.3921294285495,31.993575323518506],[-93.40712114674601,31.997891555235793],[-93.40648781554279,32.00000928571882]]],[[[-93.50200063011852,32.56946057906984],[-93.5060594366465,32.57925980011681],[-93.51146850357532,32.58194531527671],[-93.5123535973451,32.56230794019199],[-93.51895300991642,32.562788719509136],[-93.5159238808186,32.59174569018689],[-93.51973092993602,32.59393181844009],[-93.5330515009571,32.5804994262836],[-93.53202179071619,32.57525879318917],[-93.53936091427909,32.566426580382284],[-93.55054529995239,32.56519448630672],[-93.54209979361958,32.55574961274901],[-93.55201040420751,32.54301175193821],[-93.5341728478532,32.53445484139858],[-93.5235226340925,32.5233309325831],[-93.51974650706617,32.52707012117386],[-93.5151385468964,32.52421228073369],[-93.5181818900357,32.51500477826382],[-93.52829824698568,32.520433399317085],[-93.522423791458,32.50623798424031],[-93.52819924415101,32.50317077254471],[-93.5309080190748,32.48809482976953],[-93.53495908556131,32.49822984208981],[-93.5423438687897,32.49769333831991],[-93.54577735815302,32.50343265121469],[-93.55873151655277,32.498974225374724],[-93.5661700206662,32.506556927892916],[-93.5733494544262,32.50466463724619],[-93.58036042156081,32.508016190294526],[-93.5762331515662,32.51819405039451],[-93.5790479275467,32.521059024931795],[-93.57116726068942,32.538529225680904],[-93.58223721213518,32.55066013729722],[-93.5799252636433,32.56438706260601],[-93.57775109839588,32.5684571070789],[-93.56556713280891,32.57020336440563],[-93.5624166592637,32.57783690851473],[-93.55165935026368,32.583129507141486],[-93.55710644718549,32.591232776797206],[-93.5321666472343,32.60013955822824],[-93.5342566290739,32.61502947381161],[-93.53123595867038,32.618743196208115],[-93.51077376071578,32.6010777058267],[-93.50772272602721,32.59059416280781],[-93.50190134883222,32.5870613587247],[-93.49321173449671,32.56983048833702],[-93.49373020526889,32.566991530508076],[-93.50200063011852,32.56946057906984]]],[[[-93.5310831819325,32.64561130522135],[-93.5342950361712,32.63903816735628],[-93.53636251572517,32.64960902516592],[-93.548531142679,32.63601773479139],[-93.55484053041181,32.645298319033095],[-93.56308021621821,32.64378087672528],[-93.56472800112141,32.62727038828641],[-93.57718629003399,32.634858558705524],[-93.57016006266689,32.65601814344108],[-93.55716769108069,32.65777254704799],[-93.55819725033207,32.66199936370662],[-93.54498089394178,32.67130517708858],[-93.52762682855818,32.65260788147462],[-93.5310831819325,32.64561130522135]]],[[[-93.61638531189051,32.723084217647994],[-93.60498562017271,32.716127400422046],[-93.60085858999719,32.71240700239632],[-93.6095577774643,32.712748244523915],[-93.6184455162125,32.72132516644863],[-93.61638531189051,32.723084217647994]]],[[[-93.61252974500458,31.53916591793231],[-93.61639774633367,31.53733459728603],[-93.62042539672127,31.5370556791497],[-93.61543056921546,31.53979988887564],[-93.61252974500458,31.53916591793231]]],[[[-93.64340080295182,32.72104207729301],[-93.6405322703015,32.73967877934211],[-93.6587962971507,32.73767600706397],[-93.6643733658944,32.747593894900085],[-93.661840762606,32.75104721887094],[-93.65701831444073,32.751352720250864],[-93.63323380246081,32.73545969082302],[-93.6354279924043,32.725105151038235],[-93.64340080295182,32.72104207729301]]],[[[-93.66716493645373,32.24833409784888],[-93.66018424775392,32.25283967950652],[-93.65470663016211,32.25249619927282],[-93.6609772559098,32.240731501409925],[-93.67085020013111,32.2431002077488],[-93.66716493645373,32.24833409784888]]],[[[-93.6655796660638,31.426433153325494],[-93.66833804593716,31.4276797470195],[-93.66837663604825,31.42772975945674],[-93.66268079572097,31.427457694720886],[-93.6655796660638,31.426433153325494]]],[[[-93.772945846757,32.7389308176855],[-93.77893440541801,32.75112666304597],[-93.77650883030168,32.753976522899485],[-93.76642995422492,32.75214957428366],[-93.76949731080911,32.74550880387541],[-93.7524072225758,32.73694015727942],[-93.7563672482123,32.73162569424271],[-93.772945846757,32.7389308176855]]],[[[-93.7714806131772,32.713550125432604],[-93.76224128212081,32.715936013838764],[-93.75390285752749,32.7066767049811],[-93.76040295144979,32.70579235997601],[-93.7714806131772,32.713550125432604]]],[[[-93.77887435275238,32.812587539107994],[-93.77067742810222,32.81051301237542],[-93.7712063184761,32.80136006172458],[-93.78662526729832,32.79170895747632],[-93.7871519746296,32.79608078803219],[-93.77565458123108,32.8087354843536],[-93.79196613040462,32.80121550288701],[-93.79562050450811,32.81268001190089],[-93.79345393553226,32.816239661589215],[-93.78880724053849,32.809948452635695],[-93.77887435275238,32.812587539107994]]],[[[-93.92845360259052,32.68270362861832],[-93.92157182027009,32.683763680773296],[-93.91922943577002,32.67489430571401],[-93.90511534488651,32.66462966779704],[-93.89570042957823,32.648617518215296],[-93.87260690077761,32.6396841528936],[-93.83745092614271,32.617432879178565],[-93.83117204836529,32.6090129421535],[-93.8115264443762,32.60406001738689],[-93.80159299536761,32.58821527523871],[-93.79017226496748,32.58574999143923],[-93.7797050613278,32.577181344254434],[-93.77759197647518,32.568083355599995],[-93.79278155236601,32.564069315636],[-93.80707088194451,32.575487932591784],[-93.8138535953409,32.57627711163859],[-93.8421965336531,32.612324766524985],[-93.8772453144779,32.62759101164598],[-93.89914918661178,32.64309419792553],[-93.8821888512782,32.6218466854329],[-93.84658317313631,32.6105986699244],[-93.82901313670318,32.57818079533035],[-93.83103488188202,32.57279480192493],[-93.8486125512165,32.57149107471811],[-93.8555395442823,32.56416462573135],[-93.87133267931831,32.56456117342622],[-93.88346281551561,32.57869701432578],[-93.91554410908779,32.58811612676559],[-93.92612613476011,32.60631579603522],[-93.92395168603518,32.58923656581278],[-93.9084407749175,32.577503047396405],[-93.90387879028502,32.56128611695585],[-93.91182096668281,32.55649091439374],[-93.927857381304,32.56128187154517],[-93.96807934287551,32.60261580918237],[-93.9798972778517,32.62300166757972],[-93.97977501057339,32.6120039557519],[-93.97037579387171,32.59362835499039],[-93.94534360125701,32.570626933785235],[-93.9495248870063,32.56907506010289],[-93.97045182376819,32.58211849291679],[-93.9425742151026,32.556913375126605],[-93.9436730810273,32.54406895839809],[-93.95603996037049,32.542451197157604],[-93.97773775534131,32.55329019004533],[-93.98941768751871,32.552930217276135],[-93.9980392084012,32.58207315292092],[-94.0188975631629,32.58799598027139],[-94.022452669976,32.58441511811296],[-94.00196071232791,32.575097769785806],[-93.99346924675062,32.5480848619607],[-93.99735971202699,32.538914159505396],[-94.00605698353388,32.52987717415862],[-94.01314419746099,32.52874530415461],[-94.0157154878898,32.521992779188125],[-94.0429558835729,32.534557459448024],[-94.0427672462273,32.636750313117986],[-94.03544531870189,32.62501331539952],[-94.03584986731359,32.61095915503964],[-94.03153921413988,32.6148417678899],[-94.0256570939797,32.61376685792201],[-94.03283623381078,32.6286182282902],[-94.0318748788585,32.64433519907199],[-94.01293916119229,32.62862220397808],[-94.01230588756138,32.622852150578375],[-94.0051882541105,32.629482859402586],[-94.0245206491839,32.64728306381722],[-94.01510621738669,32.65249078628007],[-94.02876271817071,32.653823166189504],[-94.03501889048289,32.670603959951166],[-94.04187749155992,32.673109758408934],[-94.04061831908881,32.67921066783791],[-94.03511804733951,32.6792549969223],[-94.02358971434609,32.665404654731695],[-94.0083698515603,32.66007822260042],[-94.022117305177,32.669264904193824],[-94.00927016607699,32.67257639687908],[-94.02503943974581,32.67629627193204],[-94.027954169116,32.68204017233104],[-94.02553540021792,32.68606918753998],[-93.98918279476752,32.68980811317261],[-93.9844754417534,32.694286227778015],[-93.99203574179052,32.69930719856595],[-93.99060942502932,32.702533164225116],[-93.9804013972727,32.6945906668891],[-93.9851464693303,32.68730130875447],[-93.96097715950161,32.696163817221304],[-93.9538129318284,32.68946478471098],[-93.94815947559609,32.690548353242626],[-93.94825904312331,32.70006971958632],[-93.93448796732471,32.69932157958791],[-93.9206031511189,32.707164453271275],[-93.91423266453099,32.699897765449094],[-93.9198933542315,32.690971414233616],[-93.93732618292438,32.683013422404514],[-93.9372880678111,32.68004865063891],[-93.92845360259052,32.68270362861832]],[[-93.92691972112429,32.69303584721338],[-93.92375379195738,32.7013089652625],[-93.93946996755611,32.69675101407352],[-93.94292616067112,32.690307255174176],[-93.92691972112429,32.69303584721338]]],[[[-93.83614016575872,31.875288455520902],[-93.83985782346086,31.87425057177418],[-93.83845935937579,31.878843641854502],[-93.83696411109091,31.87717851349751],[-93.83614016575872,31.875288455520902]]],[[[-93.933772124939,32.84446743621759],[-93.93281826951261,32.839189203251586],[-93.92475372798678,32.83773982929541],[-93.91720115295081,32.84307918723884],[-93.9160948230462,32.848713146653196],[-93.9069853035724,32.84995449810164],[-93.9086871639812,32.86316105924321],[-93.9037625966991,32.87877094251355],[-93.90056426566727,32.87709016487944],[-93.9033540206252,32.845258147701344],[-93.8953657699872,32.82907478968119],[-93.87580461120749,32.81882975116791],[-93.87794816550608,32.8093682465615],[-93.88502831460251,32.801574788337305],[-93.89649459793101,32.8081060479941],[-93.88675987365798,32.79605161600186],[-93.89793683670081,32.796199219940384],[-93.92738571672001,32.8112793654292],[-93.93858582160951,32.81289201119889],[-93.94898450155172,32.823583074156176],[-93.9487256085363,32.841145295115396],[-93.96742450268908,32.83269205486816],[-93.9807603187024,32.84543078935793],[-93.97816663193329,32.85357029441642],[-93.9897706863285,32.851213414757275],[-93.99498145016099,32.85702703069291],[-94.0010242459371,32.85641350378962],[-94.00543401239692,32.87110821470862],[-94.00363365965609,32.87880491774351],[-93.98530933958368,32.89621525348599],[-93.97341408797361,32.898219600999404],[-93.97036192910049,32.89461508257768],[-93.97662581015591,32.884622952174524],[-93.97331459438658,32.880990512470476],[-93.9574612174197,32.884135091221694],[-93.941058175599,32.878028095640225],[-93.93912801822869,32.864824996659976],[-93.9290266039589,32.861689071269296],[-93.92873698041109,32.85489412163799],[-93.93426786290891,32.84937426279988],[-93.92955303539192,32.847332735851296],[-93.933772124939,32.84446743621759]]],[[[-93.95708607374382,32.70677252930194],[-93.93818857241489,32.717914659413715],[-93.93382486844212,32.71697258551829],[-93.947053648193,32.70409351384741],[-93.95708607374382,32.70677252930194]]],[[[-93.94644989010841,32.50479477606273],[-93.96897120274592,32.490065735525235],[-94.01542523436198,32.48002090725801],[-94.02567875503149,32.47416979190743],[-93.98294046221359,32.48158122007691],[-93.9858083178087,32.47191899783078],[-94.0213453076203,32.459868289486614],[-94.04270502150771,32.458392731477325],[-94.0428981166696,32.51328376297055],[-94.02256619508489,32.50830783321574],[-94.00373018899802,32.515674536544346],[-93.98886032044672,32.51038038654019],[-93.96327979031959,32.50955988231861],[-93.94416090298151,32.514783054814494],[-93.947929488665,32.51204791379209],[-93.94644989010841,32.50479477606273]]],[[[-94.011414918854,32.84600690604949],[-94.00406079337459,32.850396501403424],[-94.00908051373241,32.824386639126004],[-94.02608594668878,32.816873026149445],[-94.02967957803192,32.832073607171196],[-94.0251402979749,32.84742115546279],[-94.0168931184542,32.84355649297762],[-94.011414918854,32.84600690604949]]],[[[-94.0251626748431,32.80261160958694],[-94.01606074508048,32.80348947229534],[-94.01734243696002,32.79930824651488],[-94.01046900979901,32.796000626316285],[-94.01526014367732,32.783137427117616],[-94.01036208450812,32.77175113324826],[-94.02193535647221,32.7692975466663],[-94.02934305397251,32.75352701082617],[-94.03525583021079,32.75684548842315],[-94.04299880994559,32.7534120085303],[-94.04286685846948,32.80531067440672],[-94.0251626748431,32.80261160958694]]],[[[-94.0389179405124,32.7371701061539],[-94.03887964900551,32.739613549840726],[-94.03047230056652,32.73590597208717],[-94.03542351983782,32.734643368411085],[-94.0389179405124,32.7371701061539]]],[[[-94.0411756868994,32.7269803653167],[-94.03649907210232,32.71675574475099],[-94.0428918484254,32.71283866227832],[-94.04291681922412,32.7293749802711],[-94.0411756868994,32.7269803653167]]],[[[-94.0427551572061,32.64744231577229],[-94.0427017146435,32.6515877242179],[-94.04273974190781,32.65622812769943],[-94.03723105175848,32.64862264389753],[-94.04261353424319,32.64194769340864],[-94.0427551572061,32.64744231577229]]],[[[-94.03839886415102,32.70054926218922],[-94.03776516919511,32.694622963691934],[-94.0428615293675,32.69282189727605],[-94.04291922555132,32.70493800891121],[-94.03839886415102,32.70054926218922]]],[[[-94.03942184084879,32.82125193903871],[-94.03969621594021,32.812111443559075],[-94.04283728584969,32.80773838436407],[-94.0429341403722,32.82140846015319],[-94.03942184084879,32.82125193903871]]],[[[-94.04218304367448,32.73241960082799],[-94.0429146889226,32.731028304677785],[-94.04290358857011,32.73964219821562],[-94.0412978727356,32.73755513288976],[-94.04218304367448,32.73241960082799]]],[[[-94.04154246586191,32.74220467985231],[-94.04290142929821,32.741317587174514],[-94.04297173420643,32.74833335890054],[-94.04196942287308,32.746527913056084],[-94.04154246586191,32.74220467985231]]],[[[-94.04277766301732,32.68576792383868],[-94.04291698648971,32.68560021067692],[-94.0429464007572,32.690472566823885],[-94.04225113625452,32.689136894135785],[-94.04277766301732,32.68576792383868]]]]}},{"type":"Feature","properties":{"name":"Wilcox Aquifer","state":"Arkansas","country":"United States","extent_type":"Mapped outcrop","component":"Wilcox","precision":"Official surface-geology boundary","source":"USGS State Geologic Map Compilation / Geologic Map of Arkansas","source_url":"https://pubs.usgs.gov/sir/2014/5149/"},"geometry":{"type":"MultiPolygon","coordinates":[[[[-90.2627386443915,36.4407886369112],[-90.259938342326,36.4407181593348],[-90.2615973258399,36.4306990653901],[-90.2676731064169,36.4343841113395],[-90.2627386443915,36.4407886369112]]],[[[-90.3309667655038,36.4325193341288],[-90.3304859063154,36.4289863851743],[-90.3366370780025,36.4309058265556],[-90.3451470342847,36.4205613534718],[-90.3494715384355,36.4214258365397],[-90.353624481435,36.4109727914376],[-90.3604463981954,36.411651515036],[-90.3596939073296,36.4071044372228],[-90.3805289334645,36.3839959366478],[-90.4031529940136,36.3704868782783],[-90.4143223327443,36.3473776910636],[-90.4173504978715,36.3494660460708],[-90.4116634129281,36.3676839363875],[-90.3563945039872,36.4195953198534],[-90.3259568944019,36.4409427906684],[-90.3099996627676,36.442790571827],[-90.3309667655038,36.4325193341288]]],[[[-90.3908082321915,36.2650460685084],[-90.3740946065116,36.2555675548688],[-90.3821242776287,36.2567783602966],[-90.3908082321915,36.2650460685084]]],[[[-90.4216796508039,36.3181362950841],[-90.4289036382141,36.3002149750571],[-90.4258471563925,36.2988789504446],[-90.4328242247789,36.2952813612092],[-90.4234719919167,36.2880047203101],[-90.4386854409536,36.2964367316658],[-90.4223673749343,36.3244426708771],[-90.4155920690591,36.3227620159319],[-90.4186414290371,36.3163014726016],[-90.4216796508039,36.3181362950841]]],[[[-90.4390157074661,36.2878916269368],[-90.452180150544,36.2769034557327],[-90.4546155578394,36.2782219549289],[-90.4410626167574,36.291215323611],[-90.4260739585439,36.2850523276221],[-90.4326803254502,36.2829549194223],[-90.4390157074661,36.2878916269368]]],[[[-90.4609784471677,36.2743591705738],[-90.4566521338099,36.2737457705722],[-90.4650689410853,36.2648995428009],[-90.4740990767141,36.2643716165799],[-90.4609784471677,36.2743591705738]]],[[[-90.5487589008004,36.2199186097179],[-90.5804035236324,36.2121290434421],[-90.5824675377449,36.2066459247366],[-90.5882229467522,36.2105520089115],[-90.6014879400564,36.2043292486998],[-90.6039146552532,36.1973495713317],[-90.6084662876438,36.200220989823],[-90.6082561276814,36.1803504259692],[-90.6138186692955,36.180985742902],[-90.6135285916121,36.1975718169486],[-90.6063678581744,36.2067061069977],[-90.5513927468404,36.2242577796716],[-90.5460997564054,36.224637716927],[-90.5417456931902,36.2164846008726],[-90.5487589008004,36.2199186097179]]],[[[-90.5878755242144,36.1776064149463],[-90.5869274755012,36.1780870489437],[-90.5822707860365,36.16967867018],[-90.5874667700989,36.1718127241222],[-90.5878755242144,36.1776064149463]]],[[[-90.5909227848296,36.125671417389],[-90.5989433200804,36.1207866090135],[-90.6069612286572,36.1134354697434],[-90.6054309818084,36.1214422285488],[-90.5909227848296,36.125671417389]]],[[[-90.6099864931244,36.1669608890533],[-90.6184395537096,36.1647509475741],[-90.6290852402067,36.1534312427667],[-90.6432138720285,36.1140339176245],[-90.6444617604172,36.1311576282063],[-90.6340712080372,36.1527902609341],[-90.6179210191782,36.170517938038],[-90.5905049361702,36.165094502547],[-90.6099864931244,36.1669608890533]]],[[[-90.6131413737072,36.1482796381625],[-90.6070799464119,36.1529147294694],[-90.6118460758311,36.1326589076937],[-90.6150455272251,36.1385185821849],[-90.6131413737072,36.1482796381625]]],[[[-90.6462038362982,36.0997695702693],[-90.6390093621384,36.1016139488977],[-90.6477696276862,36.081955080322],[-90.6492012889242,36.0852561663825],[-90.6462038362982,36.0997695702693]]],[[[-90.6529496702456,36.0496391009403],[-90.6600952230534,36.0490506141807],[-90.6769960881813,36.0265628712816],[-90.6569821258093,36.0321350881344],[-90.6755998295487,36.0222567685988],[-90.6930313313115,36.0196383682626],[-90.669745095617,36.0389655101956],[-90.6637378816491,36.0511482779964],[-90.6536636602166,36.0556938350966],[-90.6500754494086,36.0694390395852],[-90.6416681813433,36.0619519144151],[-90.6470110884637,36.0598124305296],[-90.643556829041,36.0524400643458],[-90.6525060201746,36.0534035992103],[-90.6529496702456,36.0496391009403]]],[[[-90.7187332607725,35.9749670739902],[-90.702878763169,35.9859202306363],[-90.6963248605703,35.9875318258315],[-90.7170875220191,35.9688988921391],[-90.7187332607725,35.9749670739902]]],[[[-90.7489340870253,35.9515143837453],[-90.7512611233615,35.9467880800356],[-90.7668009833417,35.9446211552359],[-90.7669719569948,35.9395964810646],[-90.7608421948558,35.9379503413144],[-90.7606947920974,35.9150722296311],[-90.7800022447697,35.9109742238442],[-90.7667881742641,35.9177237577744],[-90.7665320178642,35.9252575349118],[-90.7744125928987,35.9299569810372],[-90.7664823571986,35.9358127479671],[-90.7716761915926,35.9376894884097],[-90.770776188374,35.9459645173616],[-90.7575648280856,35.9524598493686],[-90.7624317359032,35.9548315816664],[-90.7558034402226,35.9587030249455],[-90.7684348077394,35.9602413181311],[-90.7411131214981,35.9900540670872],[-90.7569106811839,35.9625035755131],[-90.746202705505,35.958994834401],[-90.7489340870253,35.9515143837453]]],[[[-91.9594361189672,34.9693603398296],[-91.9583175107243,34.9635710058871],[-91.9481195185137,34.9707346260839],[-91.940589334949,34.9992706312036],[-91.9331822106968,35.0037055131304],[-91.9304616619605,35.0021643722663],[-91.9357726833799,34.9954465668262],[-91.928126974673,34.9792872580652],[-91.9217366858303,34.9782057262388],[-91.9219323505773,34.9842340949931],[-91.9151226338367,34.9894253116628],[-91.9198776897234,34.9965131192946],[-91.9113681161236,34.9944015537096],[-91.9112576835308,35.000427979346],[-91.9011380378877,35.0028167262568],[-91.8914997976087,34.9956676486084],[-91.8977855530951,34.9859502718104],[-91.8929489436554,34.9833799737842],[-91.8864183586264,34.9898289250806],[-91.8662443901327,34.9750148850161],[-91.8731510521604,34.964804588162],[-91.879544466242,34.9656357816121],[-91.8846745157592,34.9523938374148],[-91.920521541932,34.9442894961409],[-91.9011431978107,34.936271233347],[-91.9053108695876,34.9252742525029],[-91.9179783933963,34.9163880664638],[-91.9392459781034,34.9209109244525],[-91.9512871866146,34.92983949243],[-91.9448246238157,34.9159532220809],[-91.9344892531469,34.9140746592128],[-91.924344945156,34.9016496468149],[-91.94057410581,34.8978260634777],[-91.9490650088249,34.9004356911777],[-91.9511655520302,34.8851457511343],[-91.957076467498,34.8784356681132],[-91.9696699755172,34.8903829580902],[-91.9760657539647,34.908283500093],[-91.9889417641745,34.9219905298762],[-91.9905616646853,34.9164859947462],[-91.9807738315553,34.9005533170836],[-91.9849666399905,34.8872937071838],[-91.9789677686766,34.8817013213349],[-91.9891018053305,34.8772982924755],[-91.9837341900483,34.8704583265658],[-91.997292270392,34.8796511404729],[-92.0209315421965,34.8696240865961],[-92.001112958009,34.8879809406945],[-92.0074325979479,34.8928205437504],[-92.0015296873676,34.8992838744952],[-92.0094917970905,34.9151939006795],[-92.0071059255948,34.9299805200318],[-92.0170683876228,34.9361179999097],[-92.01697512453,34.9416419744438],[-92.0089937513341,34.9445632954744],[-92.0091491832344,34.9533539116507],[-92.0036285731811,34.955050922],[-92.0092451215101,34.9656593919151],[-92.0042307264925,34.9733890321153],[-91.9924730667092,34.9649681605238],[-91.9917372494734,34.9722417440711],[-91.978877979369,34.9746059834064],[-91.9808346951108,34.9849252609578],[-91.9720961625046,34.9958744210736],[-91.9672738605323,34.9923014089403],[-91.9673943839008,35.0028487018071],[-91.9614611749425,35.0103159334668],[-91.9576166990385,35.0032381027422],[-91.9620237394993,34.9957543473855],[-91.9551145307478,34.9893953326573],[-91.9594361189672,34.9693603398296]]],[[[-92.1065894672557,34.8687830471231],[-92.1011632162399,34.8649628011783],[-92.0910603717875,34.8678675149806],[-92.0878358789566,34.8598000875772],[-92.0798215735224,34.8654892643838],[-92.0833174096714,34.8564890740238],[-92.0775530947663,34.8549219189131],[-92.0798261243876,34.8461603621544],[-92.1092586754769,34.8539984103838],[-92.1167197327821,34.8641163901253],[-92.1250047652901,34.860435693829],[-92.1273532489037,34.8662339953114],[-92.1165209095586,34.8769193231952],[-92.1151805432046,34.8846899845252],[-92.1028419177742,34.8745204682066],[-92.113242020144,34.872115633175],[-92.1065894672557,34.8687830471231]]],[[[-92.2236838701057,34.7093159723425],[-92.2288634446428,34.7125720363746],[-92.2090754427008,34.7138928205974],[-92.2103311581106,34.7111426907789],[-92.2236838701057,34.7093159723425]]],[[[-92.2336497816643,34.6747119524779],[-92.264559010367,34.6594283705236],[-92.2582251905213,34.6558584117337],[-92.2547398952039,34.6440294455826],[-92.2712847364251,34.6112950499472],[-92.2743239858646,34.5884831779831],[-92.2834686117765,34.5858018861244],[-92.2998132499619,34.5897080022327],[-92.3181489473807,34.5805786552374],[-92.3317935390795,34.5819461674304],[-92.3191236023959,34.5755677001207],[-92.3060064358549,34.5804749575748],[-92.3131008754213,34.5717512537657],[-92.3258398305665,34.5726105404663],[-92.3430792311991,34.5534274012007],[-92.346041834582,34.5592246659747],[-92.3560940149506,34.5562964448585],[-92.3720324978466,34.5433723891919],[-92.3787416472927,34.515317048549],[-92.3963656391563,34.5126929332315],[-92.4077658700679,34.5235738174293],[-92.4123450025843,34.5210985390404],[-92.4218393516193,34.5397434426907],[-92.4375186148603,34.5486436590127],[-92.4464963625385,34.5600032236449],[-92.4848859272908,34.5748320501348],[-92.4997465306605,34.576189393519],[-92.4668219397027,34.5609013498248],[-92.4376198136704,34.5396095209643],[-92.4278348973701,34.5194585560453],[-92.4025429679879,34.5032056036661],[-92.4257243244747,34.4915852984761],[-92.4011060695719,34.4964171627741],[-92.3953798171837,34.4933620119327],[-92.3927396200547,34.4858131693917],[-92.3994745673191,34.4803444965396],[-92.3888726575225,34.4795082520098],[-92.3866412504416,34.4631793220022],[-92.4124324823233,34.4608695475868],[-92.3902307674,34.4672213767703],[-92.4023199917614,34.4703271385975],[-92.3971290517393,34.4735489143646],[-92.4071207126072,34.4746302211871],[-92.4253579169416,34.4705024423908],[-92.4398156097368,34.4788915302573],[-92.442296683788,34.4738908635272],[-92.4360379262691,34.4643093396739],[-92.4418582358607,34.4588301780507],[-92.430069273383,34.4559815261274],[-92.4253853281342,34.4413912111798],[-92.4279117410561,34.4323787155157],[-92.4209491885464,34.4318221514419],[-92.4258477143672,34.4273423051723],[-92.4198175089178,34.4247875542058],[-92.4350264358356,34.4193822613095],[-92.4379940778689,34.4249250682093],[-92.4459542247729,34.4174541084372],[-92.4531579713431,34.4235285704259],[-92.4460402106136,34.4370292902491],[-92.4527169847769,34.4360734445175],[-92.4560784096032,34.4611909840083],[-92.4594565763314,34.4293459345981],[-92.4698904517626,34.4452306578456],[-92.471625274646,34.4530205450386],[-92.4645188811981,34.4655176571732],[-92.46585221554,34.4823414624808],[-92.4709765508737,34.4851392524925],[-92.4693066950499,34.4994318499835],[-92.4754817134146,34.4891852436957],[-92.4708302665179,34.4705824294518],[-92.4776275460833,34.4585830359078],[-92.4929321624435,34.4732463928471],[-92.5036022561668,34.4969075360288],[-92.5043200127738,34.4861220265289],[-92.4896873497208,34.4646899376728],[-92.4942419133142,34.4639692717458],[-92.4876607917624,34.4556431012647],[-92.4937353039182,34.4544301112854],[-92.4837899377284,34.449091740975],[-92.46890811166,34.4238934138629],[-92.4598881925709,34.41755547688],[-92.4702387968702,34.4128605645052],[-92.4694032540615,34.4060785650492],[-92.4563468019556,34.408997871116],[-92.4569402434053,34.3824031942283],[-92.4629982714756,34.3821949919148],[-92.4612229956583,34.3505677282336],[-92.4684507838405,34.3538800466672],[-92.4850004570996,34.3918866779021],[-92.4880890824387,34.3861359087889],[-92.4962071468815,34.3917127828905],[-92.5099212214709,34.4128832013445],[-92.5017178718734,34.3859790903743],[-92.4896982651499,34.3771146690961],[-92.4778578606474,34.3516886426123],[-92.4917899779159,34.3507828234157],[-92.487371944771,34.3392093657656],[-92.5037255508379,34.3380663610893],[-92.5070050825479,34.3428553184548],[-92.5006513695102,34.313456718926],[-92.50892379057,34.3032257166925],[-92.5062685816942,34.2966832763784],[-92.5132194848513,34.2972340834784],[-92.54638765849,34.276624827037],[-92.5434888848996,34.2638119664933],[-92.5469872947219,34.2460211217761],[-92.5502851080463,34.2488024792091],[-92.5470436828706,34.2713622085388],[-92.5524295303599,34.2771659643197],[-92.5402646903094,34.2843636466315],[-92.564486121622,34.2812551014368],[-92.5628694209102,34.2922846069765],[-92.5806954627458,34.326767565969],[-92.5708414076097,34.3450231085345],[-92.5816732780343,34.3518638036444],[-92.57975219307,34.36314500698],[-92.5650918044141,34.3768547657617],[-92.5768876210374,34.3781821119163],[-92.5816926196607,34.4150987509599],[-92.5665185716304,34.4180151981849],[-92.5679667214454,34.4250503215652],[-92.540868693252,34.4386821614586],[-92.5306896321376,34.4566857720715],[-92.5141704405127,34.4716323298199],[-92.5097695211723,34.4869096421862],[-92.5263223421282,34.4993169995196],[-92.5185930748285,34.4839589407212],[-92.527555676911,34.4669544938441],[-92.5428374823511,34.4542545804082],[-92.548857095765,34.4585584523116],[-92.5477378766677,34.4490147297681],[-92.5679097592733,34.4310728714301],[-92.5749087016368,34.4278537261421],[-92.5827622670257,34.4304122689059],[-92.5893609551329,34.4377301723804],[-92.5883344520544,34.4505204704372],[-92.5699001663298,34.4770094201017],[-92.5565445788275,34.4786817924016],[-92.5525573067259,34.4834248656669],[-92.5475425416024,34.5002074525657],[-92.5605749637745,34.5010433333572],[-92.556572360126,34.5072919789409],[-92.5595258707615,34.5155920216852],[-92.551816785013,34.5285935307882],[-92.5588131977207,34.5266316649461],[-92.5747737549182,34.539276849057],[-92.597248783165,34.5369027688593],[-92.5990032162711,34.5441915421466],[-92.591345956128,34.5519264125221],[-92.5685796320823,34.5525409765703],[-92.5533432454629,34.5589716151856],[-92.5581650201241,34.562514868707],[-92.5434888750182,34.5734661717023],[-92.5574931090377,34.5692883881858],[-92.5491366335151,34.5858007235323],[-92.5567702059824,34.5813298059831],[-92.5545748905147,34.5885954435492],[-92.5344568304693,34.5964988606063],[-92.55328507865,34.5963670334745],[-92.5645915559886,34.5889080343696],[-92.561959913516,34.5783501861297],[-92.5668193087229,34.5781310974725],[-92.5663218037523,34.5665821761156],[-92.5721547652164,34.5595919427244],[-92.6019698899205,34.5517373726882],[-92.6143135962221,34.562853851878],[-92.610624425556,34.5681022640017],[-92.5935997573107,34.5710127968962],[-92.5804522986799,34.5812250531046],[-92.6036005774012,34.57282965107],[-92.5754321185118,34.5985125287383],[-92.567692972439,34.6140265306851],[-92.5404111444468,34.6085836076633],[-92.5258037249517,34.6115014765721],[-92.5209977498598,34.6061996002409],[-92.5213929555842,34.5971667646165],[-92.5274856199969,34.5951969445397],[-92.5141386545247,34.5938553410582],[-92.5127484774866,34.5812954729041],[-92.507623988541,34.5777481528342],[-92.5002629945752,34.5849775465968],[-92.5066602947688,34.6123779814639],[-92.4923548152103,34.6152943522681],[-92.4766178118562,34.609913633128],[-92.4629107396343,34.6135808343249],[-92.4756663567314,34.6136705324143],[-92.4898535128956,34.6220537855398],[-92.5053911827832,34.6176413763448],[-92.5013256189113,34.6289093772842],[-92.4927832424306,34.6323634481062],[-92.4503366325303,34.6245343496763],[-92.4206687228366,34.6421364239604],[-92.4019228097434,34.6342137611183],[-92.3907840532582,34.6511969380046],[-92.3691098614091,34.6593079951792],[-92.368927590543,34.6492661111034],[-92.3382612141908,34.6472606785668],[-92.3214120920233,34.6579120584579],[-92.3074792327464,34.6542806865471],[-92.3052769795897,34.6600350245739],[-92.3023166489445,34.6539859799869],[-92.2961076068884,34.6639727159259],[-92.2903598236796,34.6619149102182],[-92.2878322339646,34.6691734879038],[-92.2666052450235,34.6654725263893],[-92.2710389843128,34.6747992610322],[-92.2576683518262,34.6744275276812],[-92.2428117854853,34.6936219532129],[-92.2512557003227,34.6987202934999],[-92.235959157122,34.7053587185624],[-92.2195428333769,34.7049539645025],[-92.2306472912862,34.6937600856078],[-92.2286988130956,34.6809425037011],[-92.2336497816643,34.6747119524779]],[[-92.297824206548,34.6489275876681],[-92.2918863694694,34.6383337308315],[-92.2823251193018,34.6490419892402],[-92.2906214984302,34.6420879208744],[-92.297824206548,34.6489275876681]],[[-92.3828409222422,34.5276464985546],[-92.3843577482607,34.5276592923088],[-92.3871504397991,34.5224105005617],[-92.3825707386492,34.524884754885],[-92.3828409222422,34.5276464985546]],[[-92.3929327892818,34.5333406032426],[-92.3918973452713,34.5314819154336],[-92.3872869603661,34.5364662240763],[-92.3921591161417,34.5349981605606],[-92.3929327892818,34.5333406032426]],[[-92.3913155576657,34.4780212679606],[-92.3907270461702,34.4765109883637],[-92.389517589506,34.476250659266],[-92.3895024609783,34.4775070883432],[-92.3913155576657,34.4780212679606]],[[-92.3927007679187,34.472181663575],[-92.3917075878456,34.4704956963835],[-92.3904894139298,34.4709885230337],[-92.3910718537123,34.4730012803193],[-92.3927007679187,34.472181663575]],[[-92.3991515879402,34.5337964738865],[-92.3969603373491,34.539552809397],[-92.4091341470777,34.536381983781],[-92.3977173449441,34.5267600406107],[-92.3991515879402,34.5337964738865]],[[-92.4105961525077,34.4887105635106],[-92.4136250452703,34.4889836897012],[-92.4097415537369,34.4839361617141],[-92.4091238209435,34.4849354525346],[-92.4105961525077,34.4887105635106]],[[-92.4205856295712,34.5432453562346],[-92.4173377742547,34.5392149026678],[-92.4154998391497,34.5369341040384],[-92.4139336462148,34.5411872317838],[-92.4181296382793,34.5457372031115],[-92.4205856295712,34.5432453562346]],[[-92.4203342845479,34.5055597094331],[-92.4252704677454,34.5048841909856],[-92.4258882679123,34.5038827280829],[-92.4164990576981,34.5028104390228],[-92.4203342845479,34.5055597094331]],[[-92.4282923302926,34.4790565807155],[-92.4270968109899,34.4775433896035],[-92.4209334922835,34.4862796493271],[-92.4242797858871,34.4853003550683],[-92.4282923302926,34.4790565807155]],[[-92.428652994896,34.5543492888675],[-92.4229216706197,34.5512942579821],[-92.4216732234789,34.5542973911423],[-92.4228755780625,34.5553119637138],[-92.428652994896,34.5543492888675]],[[-92.431906162849,34.5619028580644],[-92.4328565588601,34.5583965525131],[-92.4316566261345,34.557132129064],[-92.4301023745046,34.5603845263073],[-92.431906162849,34.5619028580644]],[[-92.4379594550012,34.5634525797692],[-92.4377093065339,34.5586833489815],[-92.4355258075054,34.563937264724],[-92.4379594550012,34.5634525797692]],[[-92.4466886379419,34.5974017547023],[-92.4485356136919,34.5951555788282],[-92.4458223853269,34.5933792585507],[-92.4442933952211,34.5943719528189],[-92.4466886379419,34.5974017547023]],[[-92.4479725954859,34.5231945686773],[-92.4477820888653,34.5261312140709],[-92.4578036824968,34.5251989714063],[-92.4575116878087,34.5241929367495],[-92.4479725954859,34.5231945686773]],[[-92.4705622406781,34.5800020282945],[-92.4608261388304,34.5819415930248],[-92.4590619446304,34.5766580959785],[-92.4565563034529,34.5836675874934],[-92.4680792846564,34.5850062618646],[-92.4705622406781,34.5800020282945]],[[-92.4901148076589,34.5394801380254],[-92.4846855481852,34.536431311554],[-92.4911224991171,34.5302014078774],[-92.5012604012217,34.5473364836454],[-92.5055318787196,34.5451077992063],[-92.5077279649419,34.5380947005936],[-92.4966588719087,34.5229615825553],[-92.4817261859239,34.5293823784969],[-92.4680962691035,34.5272801887139],[-92.4604492299917,34.532998057199],[-92.4612964805435,34.5387754567056],[-92.4725172630956,34.5393584276912],[-92.4678304800688,34.5518737408674],[-92.4891332598704,34.5462501198672],[-92.4901148076589,34.5394801380254]],[[-92.4619248125589,34.5229624100108],[-92.46176125899,34.5239723850857],[-92.4647838060535,34.5249988359322],[-92.4632997847125,34.5219752357178],[-92.4619248125589,34.5229624100108]],[[-92.4667699281461,34.3694259330179],[-92.4709813263177,34.3719656346916],[-92.4662810389173,34.3586326971845],[-92.4646888819757,34.3658982596025],[-92.4667699281461,34.3694259330179]],[[-92.4825059262854,34.5130758205469],[-92.4895424766183,34.507354276271],[-92.4792656060376,34.5040198705181],[-92.4722472699454,34.5079853172622],[-92.4767696711566,34.5105258569679],[-92.468727316726,34.525025092565],[-92.4800127420459,34.5193331689689],[-92.4825059262854,34.5130758205469]],[[-92.4724700072201,34.5719852572403],[-92.4712285929896,34.5744844062592],[-92.4742614985266,34.5747583193161],[-92.4739769778216,34.5729999853774],[-92.4724700072201,34.5719852572403]],[[-92.4844204203105,34.4754459423228],[-92.4817188835189,34.4729166848153],[-92.4804743449479,34.4759189532819],[-92.4825882182537,34.4766872307506],[-92.4844204203105,34.4754459423228]],[[-92.4954135643797,34.5550784659795],[-92.4966379106198,34.5540811496561],[-92.4942261047619,34.5525603120236],[-92.4939016988582,34.5545650139881],[-92.4954135643797,34.5550784659795]],[[-92.4981084096208,34.5586087656452],[-92.4975275984839,34.5560963959766],[-92.495699100181,34.5568368947789],[-92.4959841796381,34.5585953026856],[-92.4981084096208,34.5586087656452]],[[-92.4975454264491,34.5521145337577],[-92.4997172464805,34.5498355025284],[-92.4982103666089,34.5488211887276],[-92.4972921078271,34.5495692820889],[-92.4975454264491,34.5521145337577]],[[-92.5063878186751,34.5503828811988],[-92.5048499217733,34.5523808133811],[-92.5048213966698,34.555141878012],[-92.5084862732974,34.5529083701314],[-92.5063878186751,34.5503828811988]],[[-92.5084094475776,34.530821447397],[-92.5114384355617,34.5313423072194],[-92.5123583652098,34.5303464233704],[-92.5093377953383,34.5290703054514],[-92.5084094475776,34.530821447397]],[[-92.5091484646124,34.4940601993551],[-92.511766220029,34.4992220068268],[-92.5153925867787,34.5005013700255],[-92.5127223356135,34.4947109097656],[-92.5091484646124,34.4940601993551]],[[-92.5734005219029,34.3319507775009],[-92.5761572062698,34.3267411958041],[-92.5719399627606,34.3247089136828],[-92.5741049286465,34.3197034818485],[-92.5643359942734,34.2970609553386],[-92.5604065440317,34.2967848473958],[-92.5578861794666,34.3073065252627],[-92.5553157661638,34.2914861072401],[-92.5461998153742,34.2959427248471],[-92.5523328509741,34.2872004388969],[-92.5405371924542,34.2873766875606],[-92.5271188459513,34.2985797268635],[-92.5196378676062,34.3206100269774],[-92.5258229650685,34.3374607947496],[-92.5381278794212,34.3478298215261],[-92.5556545136709,34.3507001837908],[-92.5681414240053,34.3424984853833],[-92.5679147799574,34.3344681340834],[-92.5734005219029,34.3319507775009]],[[-92.5430698765151,34.4924003207464],[-92.5425470570198,34.4838633655548],[-92.5352833209549,34.4825619147678],[-92.5413048082544,34.486867638417],[-92.5430698765151,34.4924003207464]],[[-92.5672513274077,34.3726044915057],[-92.5593922086337,34.3712979759453],[-92.5606582986867,34.365537023603],[-92.5402807036777,34.3751942702523],[-92.5559673322057,34.3810636518167],[-92.552378577917,34.376524537227],[-92.5672513274077,34.3726044915057]],[[-92.5494378664776,34.4299545844609],[-92.5533888942524,34.4287235659213],[-92.5458270495655,34.4274222098341],[-92.5479304458202,34.4291921491225],[-92.5494378664776,34.4299545844609]],[[-92.5786349915888,34.3531024622805],[-92.5710332877544,34.356819262037],[-92.5662497022726,34.3505147484738],[-92.5464698462536,34.3614322768419],[-92.5743013156389,34.3633638346672],[-92.5786349915888,34.3531024622805]],[[-92.5745321880568,34.3920854974278],[-92.5734698233339,34.3874452530604],[-92.5619158403715,34.3923932979728],[-92.5723061421215,34.3824212546898],[-92.5598991989155,34.3815912715965],[-92.5495416686053,34.3880496850895],[-92.5490832574175,34.4041067770862],[-92.57063136353,34.3994721119886],[-92.5745321880568,34.3920854974278]],[[-92.5498089443518,34.4229295713581],[-92.5579741236347,34.4244883513001],[-92.5643667768433,34.4212656193151],[-92.5604386947358,34.4202373871051],[-92.5498089443518,34.4229295713581]],[[-92.5714101750335,34.413278664346],[-92.5781719639587,34.4027802733252],[-92.5513941330617,34.4156645178621],[-92.5689703156876,34.415021411993],[-92.5714101750335,34.413278664346]],[[-92.5684509798589,34.469973377948],[-92.5752184820693,34.4594745933921],[-92.5633549854741,34.463918447191],[-92.5807437723452,34.4519799492383],[-92.5761016400796,34.4298696163627],[-92.5574232021423,34.4503317271905],[-92.5579619478693,34.4573603787522],[-92.5522009693072,34.4575756854577],[-92.5593064365921,34.4751865400274],[-92.5687115631565,34.4744923157826],[-92.5684509798589,34.469973377948]],[[-92.5765689957927,34.4123074989279],[-92.5762473315473,34.4143122156668],[-92.5795837589542,34.4138315248893],[-92.5786915845534,34.4120671885138],[-92.5765689957927,34.4123074989279]]],[[[-92.2558220426261,34.7206000328792],[-92.2686229896107,34.7187057484228],[-92.2737394206682,34.7227692710786],[-92.2801763536338,34.7190585799106],[-92.2870318278599,34.7296633707574],[-92.2905502431636,34.7166382462085],[-92.2971221003899,34.7257342886619],[-92.2884166689053,34.7399679419935],[-92.2601007901896,34.7414731489927],[-92.2538425869312,34.7318782237362],[-92.2558220426261,34.7206000328792]]],[[[-92.4708106293458,34.6414970985661],[-92.4696007055576,34.6409874117239],[-92.4663513536478,34.6324321548161],[-92.4796586504154,34.6380453992064],[-92.4708106293458,34.6414970985661]]],[[[-92.5136020018723,34.6166925463937],[-92.5159955575569,34.6202218231856],[-92.5111391025359,34.6199387904497],[-92.5136020018723,34.6166925463937]]],[[[-92.7889013279976,34.4138989906883],[-92.7971246633136,34.40690810005],[-92.779504107506,34.4148631210777],[-92.7740618197657,34.4133343420106],[-92.7804809993263,34.404578918008],[-92.7680241771641,34.410295870618],[-92.7547491281186,34.4027105164403],[-92.7374567996478,34.4066461331944],[-92.7000447744012,34.3876466414355],[-92.7275981774768,34.3880317110937],[-92.7240236201628,34.3799852902166],[-92.6991912643885,34.3806156882078],[-92.6865392149588,34.3722737108808],[-92.6926175440563,34.3692924089165],[-92.694545197502,34.3550007513761],[-92.6997287524741,34.3500071163514],[-92.7329901110522,34.3544337074447],[-92.7227548405539,34.3468582943206],[-92.7082377098297,34.3455327926923],[-92.6883389150704,34.3358997760804],[-92.6950679639967,34.3266494001764],[-92.7029130492893,34.3294497837325],[-92.6999475290767,34.321655742387],[-92.6905729281639,34.3211080987245],[-92.692415242556,34.3176054023975],[-92.6757587057106,34.3197781400021],[-92.6785632738755,34.3095051310986],[-92.6900578629261,34.3095633879821],[-92.6822449813382,34.3029997529043],[-92.6835320892739,34.2932213199692],[-92.7071287989002,34.2923376257349],[-92.7381718101049,34.3072897271369],[-92.7304171079064,34.2921976177853],[-92.6772918244735,34.2793913024448],[-92.6926325629895,34.2508684472971],[-92.6820222296904,34.2548290491214],[-92.668598266022,34.2700630754726],[-92.6553707414483,34.2609607255041],[-92.6566170658701,34.2564500097863],[-92.6439638486306,34.2513643849548],[-92.6321653172984,34.2525535856679],[-92.6404453219358,34.2385496694853],[-92.6534960984858,34.2318483076329],[-92.6478284629666,34.2230364497938],[-92.6247789683838,34.2329417596999],[-92.6097120148068,34.228090904747],[-92.6019437758952,34.2182602703479],[-92.5901612965589,34.2181896543098],[-92.6051377565491,34.1989623808762],[-92.6139343311024,34.194749968323],[-92.6106699485814,34.1882079652897],[-92.6152856362416,34.1784524116101],[-92.6050150341049,34.17889225204],[-92.6021597542457,34.1605633574847],[-92.6076384713657,34.1555789981508],[-92.6188096103202,34.1553925167986],[-92.6116358692771,34.1473243648628],[-92.6195951475103,34.1345787100237],[-92.6053463902739,34.1417688369486],[-92.5973545373319,34.1577766124625],[-92.5903723826843,34.161998877462],[-92.5972003181571,34.1748326046963],[-92.5970958324115,34.1863726870434],[-92.5900996793169,34.1918478180104],[-92.5509857903746,34.1763041050061],[-92.5510681048007,34.1677771822413],[-92.5393669948629,34.1601761459367],[-92.5412740265829,34.1504054896775],[-92.5262095263049,34.1475481200989],[-92.5383024840647,34.1456192306082],[-92.557770493526,34.1299417467522],[-92.5597995775471,34.1387326335626],[-92.565248388853,34.1370109874969],[-92.5661110338338,34.1415322180869],[-92.5788286998051,34.1370955792918],[-92.5999094511028,34.1422387076584],[-92.5991147519951,34.1299419058817],[-92.5888159194022,34.1341453500872],[-92.5747210274043,34.1245272979597],[-92.5853786093924,34.1140570805273],[-92.5799714871022,34.1115164881775],[-92.5782429290695,34.1027268966617],[-92.5948704170935,34.0988148329138],[-92.5855819978542,34.0919853993721],[-92.6133164420022,34.0936539301958],[-92.6046439202981,34.0853269139315],[-92.6059218034341,34.0773087542186],[-92.5792896181908,34.0874323966982],[-92.5808508802732,34.0816737086971],[-92.5727510992413,34.0771081773459],[-92.5812034977683,34.0761562374712],[-92.5728307321963,34.0685800299822],[-92.5837199097461,34.0648856159512],[-92.5856575183218,34.0508514643585],[-92.5814793623072,34.0463110359656],[-92.5896408558024,34.0438514527722],[-92.5809830485026,34.0347711434634],[-92.5979081097526,34.029605650791],[-92.5904495201195,34.0212838414786],[-92.5947270792118,34.0147882426236],[-92.6055294660304,34.0198692619786],[-92.5995953407906,34.0095514416317],[-92.6193013534966,33.9956225366375],[-92.6090464089953,33.9970658486499],[-92.6214820264253,33.9873586711283],[-92.6173796370167,33.9742926639546],[-92.6298172298419,33.9638299087272],[-92.6256666314453,33.9562849113076],[-92.6374001004963,33.9573532348027],[-92.6268822703153,33.9898966936296],[-92.6393253222025,33.9789318520197],[-92.6513800548503,33.9779957707034],[-92.6535546201333,33.9699822542177],[-92.6595608926669,33.9720206188643],[-92.6593749458946,33.9579756302958],[-92.6677889243752,33.9600261072338],[-92.6712460063045,33.9419888140499],[-92.6834429979573,33.9222421867204],[-92.7217918950783,33.9048801284272],[-92.7170337956995,33.9783338013807],[-92.7009541416582,33.9938025502197],[-92.7220903836877,33.9868837584821],[-92.7200813446739,34.0142108072668],[-92.6992312196557,34.0218830930414],[-92.7173155145591,34.021472249021],[-92.7159288589168,34.0457926436686],[-92.7046784966391,34.0585287023857],[-92.6847666807998,34.0601848382242],[-92.6632819086098,34.0698536422481],[-92.6998027682637,34.0652775243039],[-92.672931831479,34.1072775630193],[-92.7091097592732,34.0705912863189],[-92.7235317943414,34.0776826034314],[-92.7229807749327,34.1115408172422],[-92.7046864602041,34.1367879144306],[-92.7274330608394,34.1215956828854],[-92.7341724709342,34.1075824545679],[-92.7345864101255,34.0920325905392],[-92.7339117690589,34.0601740181681],[-92.7282472327275,34.0513705945753],[-92.7389903487036,34.0245825849113],[-92.741609525255,33.9952517247685],[-92.7345682075629,33.9691365146147],[-92.7342552075685,33.9290110765473],[-92.7437202113382,33.9099985278356],[-92.7429595179556,33.8899344218],[-92.7499956020629,33.8731637657788],[-92.7573068509214,33.8596591477002],[-92.7718059398815,33.8499438330473],[-92.7844235236486,33.8515006658905],[-92.8050765115811,33.8663802916405],[-92.807358734561,33.8862002958626],[-92.8028027336632,33.8932026044147],[-92.8123869699222,33.9000116518893],[-92.802177296918,33.8969610798658],[-92.7891729632682,33.9074395469714],[-92.7969718293411,33.9112333115325],[-92.8201593078465,33.9083166226186],[-92.8074139710695,33.9255694962411],[-92.8035613815818,33.9160253692035],[-92.7963268982559,33.9180014352522],[-92.8013299709077,33.9358251242742],[-92.8170395801373,33.9263611926352],[-92.7870690073631,33.9533203364739],[-92.7845670546681,33.9676059669033],[-92.792185584846,33.953593110936],[-92.8227417684556,33.9291419614757],[-92.8418804492456,33.9505288965308],[-92.8009179307548,34.0010274246723],[-92.7867326080522,34.0049824130653],[-92.7933379356077,34.0085221360367],[-92.7902521812842,34.0197937789051],[-92.771222739226,34.0264840447943],[-92.7669648936625,34.0322350024462],[-92.7799504228785,34.0282784462977],[-92.7871588101455,34.0320715684944],[-92.7834272372013,34.0496107735443],[-92.7665152572184,34.054053280502],[-92.7827696829898,34.0578836932509],[-92.7811911606775,34.0686632376651],[-92.7747572846789,34.0839354064744],[-92.7558969639476,34.1071795649594],[-92.7487961625123,34.1302236524355],[-92.727509142754,34.1524506355177],[-92.7231945982248,34.164469919804],[-92.7251641185526,34.1840462365484],[-92.7350446596166,34.1539900513491],[-92.7557038683824,34.1350222120086],[-92.7620141209266,34.1390631551985],[-92.7593648014058,34.1731666976226],[-92.7659238531478,34.1854869415945],[-92.7636192432527,34.1691719772677],[-92.7686028161746,34.1466172390491],[-92.7611549784771,34.1322880041014],[-92.7621740470983,34.1157367150002],[-92.7782330380914,34.1055215333974],[-92.7911076154882,34.0739719009141],[-92.8044954273564,34.0549647170526],[-92.8074851913019,34.0589904047935],[-92.7997410146635,34.0915654120764],[-92.8018046532802,34.0990986261566],[-92.8132258427857,34.0570063265144],[-92.8015443565452,34.0449207775408],[-92.8085866264515,34.0273921564245],[-92.8059105236605,34.021614526224],[-92.8569235516535,33.9523393459368],[-92.8638161730133,33.9581325456152],[-92.8634118556769,33.9769386473964],[-92.869712112667,33.9814756369302],[-92.8705611625443,33.9915082621622],[-92.8532604195542,34.014772233562],[-92.816003971735,34.0464820666483],[-92.8323201036815,34.0400261988443],[-92.8741179413005,34.0023050989159],[-92.8689354580184,34.0135737039894],[-92.8528956424634,34.0260573940508],[-92.8543303400071,34.0388538140282],[-92.8573372554863,34.0401174017145],[-92.8640290000738,34.0291046703281],[-92.8766399605623,34.0379264526946],[-92.8831996474132,34.0514933794204],[-92.8825112190036,34.0677928881647],[-92.8535309265408,34.0737138188188],[-92.8434703316529,34.0927373341315],[-92.8598453032505,34.0769969610746],[-92.8703837497673,34.0800424664126],[-92.8957694210442,34.0695931887256],[-92.8902788578406,34.0818645028171],[-92.8966089936953,34.0823862673376],[-92.8950797008573,34.0866458913347],[-92.9100714277158,34.1047524013554],[-92.9529933811487,34.0853104769984],[-92.9630184782098,34.0680315654983],[-92.9572135962849,34.0858249976913],[-92.9496498866955,34.0913213904149],[-92.9043096864841,34.1107536932173],[-92.8816721000018,34.1126868279348],[-92.8885772636395,34.1192312943474],[-92.8655773991795,34.1316970113415],[-92.8606860050838,34.142967871968],[-92.8374444111674,34.1431345075368],[-92.8305366945176,34.1373394116743],[-92.8253680479859,34.1435905791755],[-92.8108620428965,34.1465437267561],[-92.8235252485037,34.1488493705587],[-92.8005121886905,34.1602978579427],[-92.8407251035008,34.1499178423786],[-92.8521869417728,34.151465408993],[-92.82755948363,34.1809748015747],[-92.8317570917637,34.1860076023629],[-92.8262624349373,34.1957690199943],[-92.8120124011948,34.2044951727481],[-92.8005561998512,34.2009367420824],[-92.8113599871433,34.2122678724001],[-92.7998019617622,34.224513542091],[-92.771924648653,34.2361887543429],[-92.7583364657641,34.234622145915],[-92.7426781709985,34.2267756811767],[-92.7498661817799,34.2358388493315],[-92.7501068602074,34.2446219995499],[-92.7658602928499,34.2391717225982],[-92.7745184819336,34.2550139043332],[-92.7818775993188,34.2392414076064],[-92.8009340519209,34.2365603568486],[-92.8011743305982,34.2463462227149],[-92.7839769576462,34.2876685626694],[-92.7948604192158,34.2882186926092],[-92.8007844743413,34.2601414039368],[-92.8093158051373,34.2493896802741],[-92.8115688912609,34.2273202140745],[-92.8200535725443,34.2233410483307],[-92.826172119217,34.2108202495514],[-92.8510835545841,34.1863284235852],[-92.8502302260311,34.1770448029299],[-92.8891367847041,34.1277613978534],[-92.9072808912357,34.1200438738391],[-92.9138900006986,34.1260854913291],[-92.9254213892349,34.1123222970547],[-92.9631754561108,34.1026462291743],[-92.9685917268438,34.1059194972284],[-92.965828865661,34.1174500632632],[-92.9449391231422,34.1334482695872],[-92.9302850765923,34.1697782045431],[-92.9179258626739,34.1657307240608],[-92.9266796073511,34.1660064897776],[-92.9294305946024,34.1587386020678],[-92.9237042721457,34.1567161122481],[-92.9270504426801,34.1512076375742],[-92.9228540140343,34.1449225956708],[-92.9324965275991,34.1484637096269],[-92.9398086532134,34.1334337819632],[-92.9374114934879,34.1296656372219],[-92.9588881188565,34.117683337432],[-92.9631606141457,34.1061575828898],[-92.9208602113461,34.1198349544277],[-92.9186858948964,34.1328705085935],[-92.9077736099826,34.1426199509721],[-92.9179888085241,34.1524337707912],[-92.9061701091156,34.1616806352144],[-92.9037164282907,34.1694482743136],[-92.8900995496183,34.1751737666368],[-92.8906826775103,34.1791910402907],[-92.8791652128609,34.1871787511242],[-92.8851858350828,34.1909621590368],[-92.9012667431721,34.1762134025924],[-92.9191089510896,34.170749485359],[-92.9275374867693,34.1762933443881],[-92.9214161292681,34.1935848793815],[-92.9065636044477,34.2043267853413],[-92.8899548328227,34.2032689392055],[-92.8789751544996,34.2230521602485],[-92.8617789790018,34.2182256498148],[-92.8566036373263,34.2252331775992],[-92.8608185182664,34.228007179557],[-92.8405254717935,34.2362109316545],[-92.87291078612,34.2270462523887],[-92.8774107465171,34.2330801529401],[-92.873665833591,34.2551453583312],[-92.8924468663203,34.2474303760068],[-92.8997335767986,34.2409321159883],[-92.8973504029437,34.2341496153671],[-92.9057741937221,34.2417012109658],[-92.8909214488145,34.2501837162592],[-92.8939157258959,34.255713012209],[-92.8869176818476,34.2644720781656],[-92.8564009729066,34.2613571801504],[-92.8318386911309,34.2740631642861],[-92.8678611241426,34.2664153099515],[-92.8838327351096,34.2762545728143],[-92.8719968760825,34.2842431736648],[-92.8670945081673,34.2960165002134],[-92.8403951657717,34.3104747602854],[-92.8433475795643,34.3230293881654],[-92.8305475686241,34.3385382995178],[-92.8235954653178,34.3372558773048],[-92.8259239263821,34.3525699277398],[-92.8101980576458,34.3505036778617],[-92.7776821031242,34.3247775195965],[-92.7920774303808,34.3444074132799],[-92.8182804499887,34.3650865091673],[-92.7664736616275,34.3711461939668],[-92.7794680185878,34.3747140880348],[-92.8324858033256,34.3689049085007],[-92.8308853630187,34.3834521327924],[-92.836896660728,34.3910029516048],[-92.8065249758065,34.4051880779796],[-92.8092042352773,34.4127258097824],[-92.8228865975406,34.4042482948287],[-92.8343586837935,34.4105650778887],[-92.7988188005995,34.426236288561],[-92.8127095261947,34.4335669168645],[-92.7893727755368,34.4344766505828],[-92.7792589967908,34.4517479048581],[-92.7631864304572,34.4531853614748],[-92.7936924835823,34.4224506307399],[-92.7889013279976,34.4138989906883]],[[-92.5847655128042,34.1236939192508],[-92.5877096297568,34.1231008139163],[-92.5789593588648,34.1230489342173],[-92.5792448228008,34.1248059898345],[-92.5847655128042,34.1236939192508]],[[-92.5905600416455,34.1842659195336],[-92.5883154958052,34.188826541742],[-92.5920079974244,34.1813240441498],[-92.5905600416455,34.1842659195336]],[[-92.7703050652475,34.3418062446692],[-92.7591997970578,34.3284596977699],[-92.767507581197,34.308173238101],[-92.7873797184502,34.322309028298],[-92.792540865846,34.3195704876665],[-92.7967344612053,34.326109642495],[-92.8027839175512,34.3263856376928],[-92.7998254086895,34.315835137395],[-92.7889611557955,34.3117767946107],[-92.7965685315926,34.3047836566659],[-92.8050046122224,34.3100857829932],[-92.806553315857,34.3043220611646],[-92.8237425815136,34.3129210619189],[-92.8090281861429,34.2955498263298],[-92.823528235402,34.2983678232303],[-92.8229522922357,34.2935978708355],[-92.8317225299815,34.2936312773747],[-92.8366363621963,34.2808535558718],[-92.8287373743934,34.2870971009638],[-92.8242225298104,34.2835677214259],[-92.8169142606636,34.2918185409794],[-92.8127179748499,34.2857813923008],[-92.8173199227779,34.2750104535314],[-92.8245835986557,34.2737837857927],[-92.8215851336284,34.269758867954],[-92.8297524616813,34.2690378291654],[-92.8240368678041,34.2642476427235],[-92.8249847377525,34.2574792904469],[-92.8388777729162,34.2595370663377],[-92.8292438265843,34.2529772543909],[-92.8416622745142,34.2485106637187],[-92.8314369780105,34.2399414790021],[-92.8354437947577,34.2266597797538],[-92.8315248655847,34.2251395396983],[-92.8251358541462,34.2323921296529],[-92.8262826353531,34.2426815043224],[-92.8184479390768,34.2388882387711],[-92.8228900668342,34.2539575990652],[-92.8107820973278,34.2566704870878],[-92.8167675532013,34.2664770547818],[-92.8043835871035,34.2646719348295],[-92.8072872565122,34.2837524533502],[-92.803647309032,34.2854942890811],[-92.7982560797359,34.2781966764583],[-92.7981209174216,34.2985180019021],[-92.7942021283857,34.2964941876488],[-92.7841522683654,34.3069893927319],[-92.7784621893372,34.2984344692373],[-92.7857403343792,34.2954553352896],[-92.7842546529516,34.2914341373762],[-92.7639565175227,34.2966165325056],[-92.7636748651384,34.2936033419894],[-92.7834316075052,34.2786362248925],[-92.7884151130534,34.2563285197132],[-92.7823611660295,34.2575576628062],[-92.7795458225728,34.2718460157177],[-92.7683334096242,34.2755600123502],[-92.7613107077198,34.2855640121712],[-92.7541736547712,34.2682216448747],[-92.7662633812909,34.2687784965922],[-92.7683983173951,34.2660265792866],[-92.7629621319105,34.2652516931611],[-92.7723573087349,34.2617800828946],[-92.7711750359895,34.2577596816369],[-92.7560384728594,34.260954615953],[-92.7642381420592,34.2554726559456],[-92.7625017300561,34.2441751986831],[-92.7542469788579,34.2576852876222],[-92.7549165147988,34.2484052547762],[-92.7439483645557,34.2606489462808],[-92.7392048870547,34.247582997376],[-92.7319769281927,34.244035536771],[-92.7341177931778,34.2405324765347],[-92.7253814928851,34.2367291514248],[-92.7270043775993,34.2214344270629],[-92.7376439528575,34.2124517193983],[-92.7442792931266,34.2139873151977],[-92.7451003056856,34.2260343921014],[-92.7622734223283,34.233386137395],[-92.7599287197237,34.2228388124537],[-92.7647832640282,34.2198510197367],[-92.767738334139,34.2296472069315],[-92.7740653303818,34.2324339210081],[-92.7819420453555,34.2294573918274],[-92.7753027444143,34.2281752143829],[-92.7735418380483,34.2203901831365],[-92.7898537290484,34.220961696985],[-92.8004583921814,34.2162376168397],[-92.7793105097825,34.2161508320086],[-92.7805522536947,34.211137995934],[-92.787502995155,34.2106647920682],[-92.7823945240692,34.2066302542891],[-92.7941756334747,34.2066788019132],[-92.7821192488251,34.2026154219761],[-92.7921016884867,34.2004005078414],[-92.7821737037993,34.194335794554],[-92.7840385039212,34.186317525286],[-92.7900394117159,34.1923629498873],[-92.7939833562747,34.1896198728945],[-92.7975530213636,34.1981625866217],[-92.8060132666745,34.1976964880275],[-92.8042279944047,34.1934243032802],[-92.8133137950385,34.1894477961482],[-92.806370629071,34.188919264397],[-92.8094343198727,34.1819072107499],[-92.8261770886971,34.1596450900627],[-92.8137563644363,34.1666214160157],[-92.8003383916325,34.1876404664163],[-92.7946180088364,34.1848572890817],[-92.8000740129527,34.1816177741452],[-92.797976793514,34.1791014029605],[-92.7904246111064,34.1795718953256],[-92.8010253405167,34.1745981742998],[-92.8028699626807,34.1693375949133],[-92.798035857744,34.1698202350574],[-92.7977673620853,34.164551846162],[-92.7932148197013,34.1682946983107],[-92.7902133165718,34.1655233357736],[-92.784404642858,34.1765352606458],[-92.7820153676457,34.172512717463],[-92.7824131964507,34.1579652026357],[-92.802049797233,34.1557880269484],[-92.7891066343625,34.1499660256578],[-92.788546808769,34.1431922870568],[-92.7957872766714,34.1437210315828],[-92.7943188366091,34.1374464555171],[-92.8124486886738,34.1340067171187],[-92.8107405861785,34.1174457847235],[-92.8198060363778,34.1152236010575],[-92.8213449717321,34.1102129462769],[-92.8315121912543,34.1255514220945],[-92.8328064434915,34.1107584369485],[-92.8388301343584,34.112537399961],[-92.851549807166,34.1040547601651],[-92.8437266308849,34.100513786668],[-92.8385604196859,34.1070185277351],[-92.8304195649844,34.1062342141219],[-92.8308374100506,34.0866729624075],[-92.8246984770108,34.1044567973596],[-92.8195640724611,34.1054401180686],[-92.8160052060202,34.0953944346797],[-92.813527251818,34.1059178184555],[-92.8062730531665,34.1081464691275],[-92.8110763979913,34.1119276358622],[-92.8032039131842,34.1164114806133],[-92.8070981665347,34.1209431439555],[-92.8034076232429,34.1319650627723],[-92.7946834708678,34.1276636473553],[-92.7977380994649,34.1219083893303],[-92.7904911304548,34.1226297161081],[-92.7932392071647,34.1176244687949],[-92.7893543825314,34.1118407281166],[-92.7820373736752,34.1233478323275],[-92.786819483225,34.1303894379276],[-92.7813925692525,34.1296158458588],[-92.7876971749868,34.1346580703734],[-92.7858502441526,34.1401693558451],[-92.7770919081859,34.1411350478681],[-92.7812666317378,34.1486793316831],[-92.7739839924244,34.1544172412899],[-92.7693644680596,34.167944224483],[-92.7756711641736,34.1729863926035],[-92.7680956363483,34.1769669672809],[-92.7750184617629,34.1802575467314],[-92.76956145333,34.1834967185571],[-92.7697615072455,34.1985475724793],[-92.7630702917657,34.2052918779911],[-92.7562236587586,34.1907112017134],[-92.757483589962,34.1831923921652],[-92.7502148224332,34.1861689067055],[-92.7536574100454,34.1688777245497],[-92.7434542902512,34.1600500146525],[-92.737709341227,34.1612775789752],[-92.7448851636666,34.1710943368671],[-92.7421307331728,34.1763500206273],[-92.7364042445277,34.1748187833892],[-92.7396465985614,34.1858710438089],[-92.7332923366531,34.1875961263422],[-92.7368565570531,34.1958911316801],[-92.7304575725183,34.2036388347804],[-92.7343554128418,34.207670657027],[-92.7221833727943,34.2196547372291],[-92.7183020560822,34.2133646570803],[-92.7207745314595,34.2058506126284],[-92.7096132649899,34.203789406982],[-92.7157348138323,34.1930320627606],[-92.7091472639363,34.185474186162],[-92.7052120240526,34.1867081867446],[-92.7026627139724,34.1646224186751],[-92.6954152814316,34.1648355094581],[-92.6935473372063,34.1721000465592],[-92.6881712984215,34.1645495152002],[-92.6894339703849,34.1575301733995],[-92.6988172059042,34.1543186362572],[-92.6918860324457,34.1527768289661],[-92.6925501497487,34.145005500805],[-92.6822463889982,34.1502206331638],[-92.6814003754266,34.1426908942256],[-92.6756879732635,34.1399013311788],[-92.6835685923154,34.1356776216569],[-92.6886615881238,34.1404684566201],[-92.6947441941003,34.1344805458129],[-92.6972671341353,34.1204468687597],[-92.7123780090416,34.117260486484],[-92.7139902199735,34.1034718950003],[-92.6982089224893,34.1156853394885],[-92.6982550958949,34.1096653806764],[-92.6904173812792,34.1088729174459],[-92.6868443412198,34.1028359465633],[-92.6795688623775,34.1073133365895],[-92.6882800035541,34.1121224271452],[-92.685235606768,34.1156191155384],[-92.6903292215156,34.1201610990254],[-92.6818729952672,34.1211201525774],[-92.675890266679,34.1145684746032],[-92.6716140577545,34.1210658093584],[-92.6739875621437,34.1260955816425],[-92.6589351469012,34.1217529636064],[-92.6656223010976,34.1157673652204],[-92.6653652356026,34.1102480306194],[-92.659019551707,34.1114675176484],[-92.6633168279215,34.1024608561157],[-92.6573126538525,34.098916762338],[-92.657963521005,34.0931505652878],[-92.6615744708678,34.0941745969573],[-92.6731430882844,34.0809429362406],[-92.6571041018744,34.087628754627],[-92.6610739250999,34.0816305897333],[-92.6550757787264,34.0775842139566],[-92.653965126862,34.0660405505075],[-92.6603215474219,34.0630646654776],[-92.6579859618192,34.0537722046909],[-92.6667585253033,34.0500570282433],[-92.6653146496724,34.0422744909849],[-92.6602086534452,34.0399916451827],[-92.6589332523543,34.048510557217],[-92.648058450544,34.0512108415276],[-92.6528131039854,34.0595124702154],[-92.6421975829156,34.0669795345621],[-92.648479221423,34.0730343233107],[-92.6334127196986,34.0716977567533],[-92.634672420035,34.0654338567136],[-92.6265293393082,34.0656392945553],[-92.6278113430164,34.0568671719503],[-92.6227297351509,34.0518207162349],[-92.6121724195216,34.0525122820952],[-92.6086104170621,34.0462222320378],[-92.603090160945,34.056724623426],[-92.6124137429395,34.0592871997702],[-92.6132810079559,34.0635555365957],[-92.6202480430588,34.0598342562436],[-92.6204403013942,34.0723743505672],[-92.6171170405945,34.0731094613677],[-92.626128148109,34.0771741271151],[-92.6218211611063,34.0869306010358],[-92.6263822338922,34.0826933050089],[-92.630578360704,34.0857255582421],[-92.6342593926337,34.0784733155651],[-92.6423955976553,34.079272285129],[-92.6411022643947,34.0895484298985],[-92.648678222513,34.0853260337934],[-92.6492269278616,34.0918504169408],[-92.6434368780203,34.0988416895801],[-92.651857717833,34.1018990165855],[-92.6467152023946,34.1036249941551],[-92.6451015811076,34.1161589421509],[-92.6325609344513,34.1007880469534],[-92.6309146549121,34.1168315699441],[-92.6135102678978,34.1059452336981],[-92.6035552834463,34.1058882997165],[-92.614371155774,34.110968974153],[-92.61972481483,34.1197787786857],[-92.6227684184037,34.1167857952465],[-92.6356798132525,34.1241331294989],[-92.6411242425764,34.1226587381893],[-92.6440868235014,34.1291954831888],[-92.6520116989541,34.1197080050956],[-92.6528460344271,34.1282406661224],[-92.6684932601518,34.1338427336792],[-92.6494513171381,34.1372522921159],[-92.6566406358665,34.1438141851977],[-92.6430522742128,34.1444933176329],[-92.6490346326952,34.1510459244374],[-92.6681161833281,34.1431232400983],[-92.6818966883328,34.1562385278871],[-92.6836069369033,34.1690397127307],[-92.6757769199514,34.1664926096538],[-92.6744889487346,34.1765193297125],[-92.6645389705942,34.1747110154648],[-92.6732527788688,34.1800247782382],[-92.6708110698917,34.183272916648],[-92.675290496598,34.1895659036606],[-92.6823417550471,34.1763079145871],[-92.6871652760332,34.1773362566028],[-92.6897789701664,34.1906456458768],[-92.69580755236,34.1921816954077],[-92.693782782049,34.1806332766506],[-92.7057493297803,34.1954910132609],[-92.7020384423422,34.2067627994074],[-92.6957532752522,34.1992040597526],[-92.6869961609944,34.1989097223094],[-92.6945117199863,34.2034628341549],[-92.6896022239393,34.2132222875876],[-92.6953344905482,34.2142540371626],[-92.6946932209962,34.2190184807472],[-92.7037876256937,34.2150486400145],[-92.7091936538359,34.2193404175974],[-92.7070387877088,34.2245977149258],[-92.7128038104862,34.2213647681715],[-92.7136691351415,34.2268880009379],[-92.7191243505371,34.2246566887448],[-92.7162704082693,34.2427056173738],[-92.7358059925997,34.2578515666703],[-92.734515428845,34.2691363601891],[-92.7457121886498,34.2676830231193],[-92.7499057678395,34.2732217708897],[-92.7458615659051,34.2892591084443],[-92.753294072954,34.3076077660355],[-92.7478052461938,34.3138547438168],[-92.7540366527072,34.331196790334],[-92.740761487779,34.3258664436432],[-92.7502881528082,34.3479894726093],[-92.7615067210131,34.3450281298345],[-92.7629714151007,34.3520602626289],[-92.7678484514232,34.3470636214442],[-92.7787163344091,34.3511251569362],[-92.7703050652475,34.3418062446692]],[[-92.623989830746,34.2193931933918],[-92.614910596797,34.2210952386746],[-92.6233417519641,34.2244049842341],[-92.6193855391135,34.2276439210739],[-92.6229919785352,34.2299222942828],[-92.6357469012346,34.2224685859344],[-92.6382556820241,34.2116955299583],[-92.623989830746,34.2193931933918]],[[-92.6274202354064,34.1642952586175],[-92.6174332197267,34.1746995946802],[-92.6294568104786,34.1810398395231],[-92.6255768493242,34.1757508741337],[-92.6341320950697,34.1640090558932],[-92.6274202354064,34.1642952586175]],[[-92.6255056883807,34.041034960956],[-92.6222144722837,34.0417855190845],[-92.6224718467992,34.0468036483253],[-92.6264187872394,34.0435652733383],[-92.6255056883807,34.041034960956]],[[-92.6623381906746,34.0309214769535],[-92.6642212059355,34.028475032885],[-92.6576161191285,34.025429307155],[-92.6599858038811,34.0304586762219],[-92.6623381906746,34.0309214769535]],[[-92.6794074602738,34.077365568286],[-92.6795238442054,34.0749565936728],[-92.6749647108822,34.0794458579057],[-92.677682642826,34.0789587752631],[-92.6794074602738,34.077365568286]],[[-92.681772303107,34.2768446435082],[-92.69001279355,34.276696022048],[-92.6912650154117,34.2711829724779],[-92.6888506152192,34.2706687085707],[-92.681772303107,34.2768446435082]],[[-92.7044723871803,34.0063597563455],[-92.7156607881613,34.0008971723699],[-92.7145157802288,33.9928661388747],[-92.7018050806926,34.0005785900016],[-92.7044723871803,34.0063597563455]],[[-92.7048222773902,34.1586102995593],[-92.7144971446783,34.156653601566],[-92.7200035254175,34.1468959562235],[-92.7076851650815,34.1393109693669],[-92.7109182080773,34.1508646592613],[-92.7048222773902,34.1586102995593]],[[-92.7088691652873,34.1024446716951],[-92.7106831225607,34.1019507225538],[-92.710100630676,34.0991890320057],[-92.7070765304254,34.1001777525981],[-92.7088691652873,34.1024446716951]],[[-92.7501415477538,34.1535580458093],[-92.7486146992317,34.1560614798211],[-92.7482880601163,34.1595706183125],[-92.7522193545992,34.1585862048139],[-92.7501415477538,34.1535580458093]],[[-92.7961938281179,33.8916702373484],[-92.799591893428,33.877641694688],[-92.7851013564294,33.8858576575358],[-92.7808272684273,33.8953669224522],[-92.7796604943155,33.8898467258577],[-92.7703558380274,33.8867960325825],[-92.7799957024604,33.8845807877296],[-92.7900079437315,33.871334624262],[-92.7840604228142,33.8610289647349],[-92.7810072593692,33.8680373219572],[-92.7722609248948,33.8717607244579],[-92.7804948693143,33.8544929982135],[-92.7717773563875,33.8542055039607],[-92.7708280949486,33.8612228288357],[-92.7636111045162,33.8611908871803],[-92.7592585163347,33.8819821274967],[-92.7532603519949,33.8794490670921],[-92.7586254160618,33.8864937220514],[-92.7489935690927,33.8874526116395],[-92.7672826358634,33.8963109574689],[-92.7621500036897,33.8990465888299],[-92.7867904119458,33.903668347059],[-92.7955459083378,33.8989399865749],[-92.7961938281179,33.8916702373484]],[[-92.7536961319257,34.1502149318946],[-92.7525934041004,34.148302573346],[-92.7501714122454,34.1492947030431],[-92.7510664540686,34.1508037544793],[-92.7536961319257,34.1502149318946]],[[-92.756251756264,34.1467031519999],[-92.7586528416274,34.1450674989409],[-92.7580610782306,34.1433107247264],[-92.7550288868543,34.1453025228433],[-92.756251756264,34.1467031519999]],[[-92.7666464103516,34.0791343010503],[-92.770573719908,34.0781492416786],[-92.7739245643768,34.07314664679],[-92.7666549218889,34.077880617167],[-92.7666464103516,34.0791343010503]],[[-92.7833130325826,33.9292311241092],[-92.7926124975067,33.9340360629593],[-92.781589848272,33.9166856212522],[-92.7761333204378,33.9226796245574],[-92.7833130325826,33.9292311241092]],[[-92.786610062576,34.2437922168796],[-92.7836793143515,34.2410057279862],[-92.78300881901,34.2510373787661],[-92.7884394852454,34.2525654198818],[-92.7975648458877,34.2435705384744],[-92.786610062576,34.2437922168796]],[[-92.7961392024638,34.0887913692149],[-92.7949457600661,34.0867798918332],[-92.7906926809636,34.0915271619888],[-92.7940136223132,34.0910401280095],[-92.7961392024638,34.0887913692149]],[[-92.7962351928418,33.8714949936705],[-92.7954101630169,33.8731101378484],[-92.8017399727831,33.8708818437634],[-92.7996476024503,33.8688659071018],[-92.7962351928418,33.8714949936705]],[[-92.8116301051594,33.9618382425812],[-92.8105475481054,33.9541714142847],[-92.8087487238513,33.9529091549031],[-92.8066350239203,33.9539042525885],[-92.8116301051594,33.9618382425812]],[[-92.832474832201,33.9468532074089],[-92.8218193783218,33.9323967381122],[-92.8109045511757,33.9451424491109],[-92.8153845105831,33.9509292928776],[-92.832474832201,33.9468532074089]],[[-92.8190992886247,33.9537095574496],[-92.8177501520186,33.957959851198],[-92.826781522831,33.9582457000123],[-92.824101753117,33.9532207051617],[-92.8190992886247,33.9537095574496]],[[-92.833410084413,34.0595926600831],[-92.8321925087752,34.061595897444],[-92.8345363642684,34.073139911984],[-92.8405934760572,34.0686480342499],[-92.833410084413,34.0595926600831]],[[-92.8363090556327,34.083621107372],[-92.8350953274792,34.0806682180632],[-92.8332815660385,34.0814138934319],[-92.8338686384329,34.0841749519552],[-92.8363090556327,34.083621107372]],[[-92.8375386112031,34.0754090737928],[-92.8381199748038,34.0791751824619],[-92.8399335898191,34.0784294300896],[-92.8375386112031,34.0754090737928]],[[-92.8601945242155,34.0684706658312],[-92.8767929265872,34.0657661553327],[-92.8786354233372,34.0595044766022],[-92.8780697308466,34.0524785254316],[-92.8590022738822,34.0659580174331],[-92.8511645143508,34.0656778301876],[-92.8578140893239,34.0626912228243],[-92.8542144196062,34.0594186045638],[-92.8635784042289,34.056191183668],[-92.8608805882592,34.0534238059194],[-92.8681499774222,34.047176863247],[-92.8627212623275,34.0476606392322],[-92.8660838199294,34.0391444831669],[-92.8509933790009,34.042602796077],[-92.8515197710962,34.056147980286],[-92.8454988371589,34.0546207998936],[-92.8391299587626,34.0611187023181],[-92.8466658780703,34.0613987855664],[-92.8502367891225,34.0696887188782],[-92.8601945242155,34.0684706658312]],[[-92.8544094591257,34.2392743560038],[-92.8401837463713,34.2429843111993],[-92.8537170889087,34.2548235806412],[-92.8694545324374,34.2513686982892],[-92.868277069272,34.2455947039114],[-92.859789385819,34.2500785069273],[-92.852258406347,34.245537571497],[-92.8707397610975,34.2373225405624],[-92.8544094591257,34.2392743560038]],[[-92.8518313867868,34.2142489805588],[-92.8582126682222,34.2076776522815],[-92.8690247550493,34.2192542859205],[-92.8820995992623,34.203495294316],[-92.8693984021052,34.2062114049666],[-92.8763699117165,34.2017192153068],[-92.8742956702845,34.1941864671338],[-92.859162032069,34.1999044282662],[-92.8567946020877,34.1911166348669],[-92.8536926709026,34.2056533198123],[-92.8482464718976,34.2071399639442],[-92.8481907476039,34.2169223751337],[-92.8569631907137,34.2149481818541],[-92.8518313867868,34.2142489805588]],[[-92.8832910258405,34.0916231673253],[-92.8863162903077,34.0898777280584],[-92.880013042826,34.0840873721466],[-92.8824637448375,34.0768231064876],[-92.8724233952811,34.0933431301079],[-92.8673285696045,34.0873053407125],[-92.8636375520022,34.1003354495381],[-92.8832910258405,34.0916231673253]],[[-92.8698171814193,34.1846386405656],[-92.8746444708379,34.1854087295469],[-92.868041951416,34.177859557637],[-92.8664950947176,34.1846282949253],[-92.8698171814193,34.1846386405656]],[[-92.8847363684202,34.1036687125986],[-92.8907631791361,34.1049428370111],[-92.9001591869021,34.0961929514863],[-92.889884027612,34.0999213652912],[-92.8911253744688,34.0931535231116],[-92.8875058986957,34.0931419997988],[-92.8720432408293,34.1078895384541],[-92.8789952965249,34.1054043578388],[-92.8843993169324,34.1104386086085],[-92.8847363684202,34.1036687125986]],[[-92.9043925327128,34.1549023678402],[-92.9098480158063,34.1504038809254],[-92.8899217218196,34.1510925347614],[-92.882641814283,34.1578426562014],[-92.8772358562094,34.1525569725734],[-92.87960423032,34.1613439804858],[-92.8732238445049,34.1688474005537],[-92.8856094410449,34.1676335116163],[-92.8935313215145,34.1536127279374],[-92.9043925327128,34.1549023678402]],[[-92.8942859809133,34.1471558953025],[-92.8917547754794,34.1468342999284],[-92.890839216135,34.148837848886],[-92.8947667772197,34.1480992400728],[-92.8942859809133,34.1471558953025]],[[-92.9144962943451,34.1880447588348],[-92.9208465937847,34.1863069383442],[-92.9236198888995,34.1745256450971],[-92.9103354416795,34.1742345317667],[-92.9133328592712,34.178759727022],[-92.9121020739071,34.1835217358406],[-92.9051487713499,34.1850066203874],[-92.9069088108417,34.1955466995336],[-92.9162826418983,34.1933179760952],[-92.9144962943451,34.1880447588348]]],[[[-92.5967074682563,34.588073910453],[-92.5977088158119,34.5844735512447],[-92.6019375415871,34.5888838234785],[-92.597986527287,34.5893612384974],[-92.5967074682563,34.588073910453]]],[[[-92.620129678342,34.5333551248293],[-92.6417393738487,34.5143199175578],[-92.640099312448,34.4932296407765],[-92.6453048438052,34.4872354957326],[-92.6567643985598,34.4948248870137],[-92.655507774055,34.5000889141342],[-92.6512932335764,34.496301757331],[-92.6467240597833,34.4987858153618],[-92.6578504671282,34.5101400399288],[-92.6442364199457,34.5060500740668],[-92.6492930878839,34.5178736202643],[-92.6370722854862,34.5280954073987],[-92.6418617513399,34.5356515994278],[-92.6297566178147,34.5320709170173],[-92.6354451427576,34.5408870697532],[-92.620129678342,34.5333551248293]]],[[[-92.6658962576148,34.4906067180734],[-92.6453705483817,34.479455130977],[-92.6512272945396,34.4679452577505],[-92.6636410649418,34.469768196025],[-92.6639954341517,34.4634945873295],[-92.6876901257211,34.4954899108613],[-92.6804603567537,34.4894281585007],[-92.6804001795111,34.4969584515432],[-92.6658962576148,34.4906067180734]]],[[[-92.700284795262,34.5138735925361],[-92.6903623262304,34.5027805442151],[-92.6991857343596,34.4990605728228],[-92.6778762324647,34.4713473575341],[-92.687013485903,34.4658745880807],[-92.6676756279532,34.4582452563653],[-92.6521990947089,34.4604211491923],[-92.6467987349362,34.4538666304537],[-92.6504982694657,34.4463582411678],[-92.6619745643257,34.4511891393746],[-92.6677774196513,34.4456990470002],[-92.6811210622553,34.4445119701142],[-92.6870587708748,34.4217080092624],[-92.6959158945732,34.4124673895308],[-92.7146449840178,34.41933562911],[-92.7105779487056,34.4363800882],[-92.7246909965537,34.4537632919878],[-92.7245272669151,34.4349404938367],[-92.7284363083318,34.4389743086625],[-92.7345549268697,34.4309722655001],[-92.7451287086182,34.4352876748082],[-92.7510230079482,34.4589029471636],[-92.7421058040253,34.4766787361062],[-92.7282894445626,34.4590496006763],[-92.7230901825478,34.4652984981779],[-92.727285974288,34.471842771168],[-92.7253840252359,34.4831270138489],[-92.7338987919963,34.4796521968353],[-92.7328413428546,34.4999749929436],[-92.726058918729,34.5150005090386],[-92.7124133784092,34.514434400937],[-92.7178088720081,34.5229927653351],[-92.7080982661447,34.5234464648759],[-92.6968158924018,34.530919689154],[-92.6968550760162,34.5259021460858],[-92.7050876837426,34.520421314699],[-92.700284795262,34.5138735925361]],[[-92.7184311520734,34.4803331291286],[-92.7036794343975,34.4667103752653],[-92.7109955970407,34.501376869427],[-92.7183820187189,34.4868569242241],[-92.7129798623156,34.4795535014231],[-92.7184311520734,34.4803331291286]]],[[[-92.6616878795791,34.5229601052734],[-92.6592758787868,34.5211895892547],[-92.6608315147205,34.5164286104967],[-92.6623421405669,34.517190725151],[-92.6616878795791,34.5229601052734]]],[[[-92.6638998749651,34.5121798637799],[-92.6654224367267,34.5114340170807],[-92.6690292237964,34.5154691609717],[-92.6638815232821,34.5144385060692],[-92.6638998749651,34.5121798637799]]],[[[-92.6737713807739,34.5292972570177],[-92.6716332727184,34.5310438036647],[-92.6646826758868,34.5277440972284],[-92.673791701564,34.5267873261496],[-92.6737713807739,34.5292972570177]]],[[[-92.6671562912262,34.5219847160418],[-92.6677813497807,34.5197284839737],[-92.6705009894219,34.5209968225892],[-92.6701899756025,34.5219998605776],[-92.6671562912262,34.5219847160418]]],[[[-92.688829852458,34.5210463933599],[-92.6817529435144,34.5175438229331],[-92.6823716419966,34.5160398215681],[-92.6965807296301,34.522135242037],[-92.688829852458,34.5210463933599]]],[[[-92.7425885290146,34.4939972990465],[-92.738058231612,34.4914665908209],[-92.7377804051525,34.4879537698031],[-92.7417077901673,34.4899777238234],[-92.7425885290146,34.4939972990465]]],[[[-92.7653936153648,34.44064866685],[-92.7542238939518,34.4345754555982],[-92.7440543343182,34.4159620693727],[-92.7513330776382,34.4147401438848],[-92.7666994585641,34.4268512363767],[-92.7687505773607,34.4371492222279],[-92.7653936153648,34.44064866685]]],[[[-92.7535383563208,34.4892784767378],[-92.7474813774827,34.4882481969291],[-92.7502472390386,34.4829917837594],[-92.7544601445833,34.4875250592496],[-92.7535383563208,34.4892784767378]]],[[[-92.7539836188678,34.4689535302902],[-92.7555516587389,34.4614340573517],[-92.7609851007686,34.4647191425282],[-92.7603562890529,34.4679787747761],[-92.7539836188678,34.4689535302902]]],[[[-92.7913928871848,34.4500435539239],[-92.8071723494109,34.4468456535919],[-92.8078052870887,34.4425825514637],[-92.8190278914242,34.4408712332572],[-92.8089593599207,34.4518716661387],[-92.8089027121589,34.4609061760546],[-92.8000871364407,34.4648858593069],[-92.7955597900038,34.4618554842255],[-92.8013587744889,34.4556049949754],[-92.7852808245518,34.4577977927132],[-92.7913928871848,34.4500435539239]]],[[[-92.8393227875282,34.4017829848596],[-92.8307777762888,34.4015187331471],[-92.8310999148446,34.3982568167934],[-92.837173135223,34.3955206982402],[-92.8393227875282,34.4017829848596]]],[[[-92.8556518219771,34.3945839286968],[-92.848731348352,34.3867797015145],[-92.8569479238455,34.3795335249054],[-92.8568986090313,34.38831602388],[-92.8680875085773,34.3911147783561],[-92.8650151957455,34.3991324331614],[-92.8468541415977,34.3973118205089],[-92.8477929035275,34.3920466216169],[-92.8556518219771,34.3945839286968]]],[[[-92.876287832649,34.3830972755501],[-92.8781074259526,34.3861307520636],[-92.8729542690713,34.3871160841301],[-92.8654132158917,34.3818196303818],[-92.864545072323,34.3745425054874],[-92.876287832649,34.3830972755501]]],[[[-92.8797300654267,34.3690591629472],[-92.8836461163976,34.3693379508492],[-92.8893341032495,34.3816505652725],[-92.8763347139271,34.3778435685321],[-92.872746146488,34.3695511115306],[-92.8811950119409,34.3748473625279],[-92.8797300654267,34.3690591629472]]],[[[-92.9561997378923,33.7585738598749],[-92.9709284919345,33.755103175884],[-92.9694864623415,33.7405595120226],[-92.949012502357,33.7540417093834],[-92.949955783711,33.7442682667742],[-92.9638042058428,33.7352795336462],[-92.966246157365,33.7255083081005],[-92.9418593938194,33.7419885458211],[-92.9411783522564,33.76003859241],[-92.9201374196819,33.7642376847558],[-92.9134796161408,33.7747480566785],[-92.8788499733664,33.7914347282707],[-92.8828838886925,33.7668776528012],[-92.9079004116765,33.7486574794259],[-92.9091677899136,33.7351221786126],[-92.9071539790491,33.7173171174548],[-92.8949032582608,33.7064990299687],[-92.8997611056705,33.6952334018988],[-92.8842310525982,33.6813950785847],[-92.8833975902877,33.6686089293048],[-92.9041615039881,33.654887005034],[-92.9556836018627,33.6685748904487],[-92.9386293269421,33.659252713174],[-92.9932478654988,33.6496166608659],[-92.9758808349256,33.6433099125161],[-92.9365525064469,33.6542334173065],[-92.9368898885148,33.6459631263913],[-92.9425780226904,33.647983078727],[-92.9837049993535,33.6360588352903],[-92.9744612847743,33.6235040023258],[-92.9738751538143,33.6202438473263],[-92.9819514986987,33.6245236937458],[-92.9768827026058,33.617743608887],[-92.9888708997354,33.6180235870561],[-93.0083081320168,33.6308528341398],[-93.0179721835889,33.6103195209097],[-93.0338137750967,33.6236370618527],[-93.036869837405,33.6053438375389],[-93.0314852538453,33.6023267471275],[-93.0713712977749,33.5918709091887],[-93.0722906893322,33.5843521684712],[-93.0579248825126,33.579316511736],[-93.0612284576312,33.5763152368405],[-93.10256484596,33.5783818876715],[-93.129505806421,33.589192506003],[-93.1430384886967,33.5616373386207],[-93.1496033022329,33.5759293417981],[-93.1720722201392,33.5751945277653],[-93.1807791347423,33.5606649151514],[-93.1936638172878,33.5556590367475],[-93.2122291681107,33.5591744485208],[-93.2221171112925,33.5536645472436],[-93.2125256031713,33.5624344300417],[-93.195756567608,33.559167899195],[-93.2065263365986,33.5714543065228],[-93.161867587582,33.587469228398],[-93.1241031478595,33.5942001343816],[-93.1519529051473,33.6037525520211],[-93.2056109335611,33.5882468133745],[-93.19901335128,33.5940087894694],[-93.1944903122649,33.618820395547],[-93.1938454835877,33.6586760463155],[-93.1672255298053,33.6110338430094],[-93.1564416545697,33.6077669698837],[-93.1902398337851,33.6644411054612],[-93.1902296262286,33.6729623220921],[-93.199521225504,33.6792358894422],[-93.1986120909106,33.6877578018253],[-93.2112077674629,33.6930252734038],[-93.2060999602322,33.7002948974948],[-93.2117948461455,33.7073156567116],[-93.2015896431581,33.709818388237],[-93.2117891786744,33.7135833668128],[-93.2093747138032,33.727870418765],[-93.1880584233397,33.7313706448695],[-93.1763390317874,33.7403901929221],[-93.1715387600992,33.7381308269328],[-93.1694594081515,33.7230864936908],[-93.1523480758374,33.7248282435866],[-93.1547361526972,33.7326004291129],[-93.1643437200008,33.7316063533126],[-93.1667365938641,33.7373740638774],[-93.1625245776515,33.7431367374886],[-93.1562237358582,33.7406261477489],[-93.1469055563318,33.7471336191047],[-93.1339940896178,33.7476233870064],[-93.1340040699006,33.7423577889689],[-93.0826297933993,33.7560812525751],[-93.0934895511235,33.7357921078137],[-93.0883883267471,33.7350305205826],[-93.0875182706652,33.7229965636809],[-93.0968343508288,33.7182479126832],[-93.0935756546435,33.7009435262919],[-93.0974878994525,33.6961881085758],[-93.1106838392608,33.6987127176741],[-93.1088936415283,33.6944472217087],[-93.1143009030574,33.6914474248726],[-93.0902870858817,33.696176240765],[-93.0840234819519,33.6816273824804],[-93.0924728342917,33.661586884661],[-93.0894908380785,33.6548134758213],[-93.1053882446098,33.6530826969277],[-93.0969974175107,33.6508135636716],[-93.1018342883603,33.6342762293344],[-93.098818699647,33.641540842704],[-93.090729927469,33.6390229925993],[-93.0922046135175,33.6488017652373],[-93.0879983447261,33.6520549513668],[-93.0682152188394,33.6490152841832],[-93.0646049130688,33.6532701651463],[-93.0771963504712,33.6545453218008],[-93.0843763267207,33.6610725494084],[-93.0780259176867,33.6808674497122],[-93.0809727709076,33.7009252416519],[-93.0659733481821,33.6996489244026],[-93.0734578910421,33.7059288026234],[-93.0860617171107,33.7056970718355],[-93.0713218293488,33.7187089731599],[-93.0757832250708,33.7337587570856],[-93.0476192541646,33.7161611312702],[-93.0416003225721,33.7214145420482],[-93.0553748672549,33.7322199916067],[-93.0748677205238,33.7392723500888],[-93.0781502139793,33.7467973945231],[-93.0555940786421,33.7595470163779],[-93.0216405941888,33.7654985188849],[-93.0038864714748,33.7752380909426],[-92.9873849820509,33.7704369697657],[-92.9636259540392,33.7781495107788],[-92.9235446900287,33.8061186687637],[-92.9066996147716,33.8098285856637],[-92.898611370803,33.8047881966599],[-92.8947482818063,33.7962500933125],[-92.905314468299,33.7860042292187],[-92.9282216904021,33.7695270867417],[-92.9444430815271,33.7688210114067],[-92.9561997378923,33.7585738598749]],[[-92.9559076407962,33.686373775152],[-92.9589329259246,33.6803645577876],[-92.9559599811362,33.6740901136387],[-92.9532171442994,33.6841107083589],[-92.9559076407962,33.686373775152]]],[[[-92.9048274574475,34.3714120200443],[-92.9181373844822,34.373711059288],[-92.9038928861586,34.3766778983198],[-92.8860795725522,34.367086180344],[-92.8834042512955,34.3577953769437],[-92.9048274574475,34.3714120200443]]],[[[-92.9097562888327,34.3541150161386],[-92.9108920495076,34.3694239332388],[-92.8867534814918,34.3540415336015],[-92.9052626417953,34.3448164443198],[-92.9097923265469,34.3468387584021],[-92.9097562888327,34.3541150161386]]],[[[-92.9174797700836,34.3215205463524],[-92.922847214686,34.3380969757538],[-92.920688525329,34.3466207538561],[-92.9152857445966,34.3373199422472],[-92.9044118393049,34.3332729220225],[-92.9156974433896,34.3147420995715],[-92.9174797700836,34.3215205463524]]],[[[-92.9711067033139,33.9331263408245],[-92.9681677588606,33.9158156242778],[-92.9260276487454,33.9182081534748],[-92.913705300788,33.9149107209105],[-92.9156200220868,33.892097842201],[-92.9108779423644,33.8775393615404],[-92.9193448927006,33.8680381916674],[-92.9322518804147,33.8733405731763],[-92.9452147918484,33.8663559758283],[-92.9571648905285,33.8849436490624],[-92.9646786699578,33.8864689518533],[-92.974027765903,33.8804739862572],[-92.9923419432808,33.8892956447058],[-92.9989655964681,33.8878054830331],[-93.0232779893897,33.9034041792269],[-93.0205549002178,33.9079130809974],[-93.0319623643641,33.915961648422],[-93.0478235238737,33.9445768828618],[-93.0501809870468,33.9613846917418],[-93.0390086084172,33.9713955123162],[-93.0341126122523,33.9954601433981],[-93.0034556610241,33.9765878242378],[-93.0017092965859,33.9600312013962],[-92.994502696068,33.9547493403913],[-92.9981489892473,33.9457286756049],[-92.9803988029509,33.9429302079805],[-92.9711067033139,33.9331263408245]]],[[[-92.9263504870889,34.3654565489271],[-92.9290632195838,34.3679722738125],[-92.9232793564399,34.374729857635],[-92.9154977802413,34.3561397119109],[-92.9263504870889,34.3654565489271]]],[[[-92.9233303573918,34.2999614784369],[-92.9251755751389,34.2934434003933],[-92.9335595067698,34.3117829115979],[-92.9208618022624,34.3102402354436],[-92.9233303573918,34.2999614784369]]],[[[-92.9345051102688,34.303504713103],[-92.929074622798,34.3004786776832],[-92.9294424083467,34.2864303674728],[-92.9523615780431,34.3010469071157],[-92.9502213526584,34.3063094640824],[-92.9447992734188,34.3012771787696],[-92.9345051102688,34.303504713103]]],[[[-92.9485365883942,34.2766988175594],[-92.9491115631766,34.283474253081],[-92.9373166071393,34.2839443652846],[-92.9385768329902,34.2726572921211],[-92.9476604525145,34.2696717455769],[-92.9485365883942,34.2766988175594]]],[[[-92.9406008271568,34.2932364673842],[-92.941213507825,34.2914814642124],[-92.9436237784622,34.2934950714105],[-92.9433168959948,34.2944985617867],[-92.9406008271568,34.2932364673842]]],[[[-92.9521943809074,34.2699349245436],[-92.9518963531338,34.2689302945496],[-92.9552299301863,34.2671819834692],[-92.9546131352341,34.2699411804301],[-92.9521943809074,34.2699349245436]]],[[[-92.958560524832,34.2659377410739],[-92.9585659147237,34.2646828742212],[-92.9627888364839,34.2669532471779],[-92.9615761521728,34.2677021157009],[-92.958560524832,34.2659377410739]]],[[[-92.9733741463124,34.2659764155226],[-92.9637158825857,34.2621884615705],[-92.9686063945358,34.2491548772675],[-92.9773568334127,34.2529388791379],[-92.9733741463124,34.2659764155226]]],[[[-93.0326376073019,33.8933931502823],[-93.015242108219,33.8783121117065],[-92.9996141684252,33.8750194823377],[-92.988817763488,33.8669689956375],[-93.0129344701031,33.8502242094282],[-93.0469310117063,33.8427703215229],[-93.0397403661662,33.835235570678],[-93.0559984732335,33.8262373361923],[-93.0775951234057,33.8428219823578],[-93.0884173935347,33.842838610216],[-93.1109413467269,33.8531506299277],[-93.1082553903156,33.844370205181],[-93.1121684391168,33.8421187618578],[-93.0860335450451,33.8345606367964],[-93.0617267522209,33.8202305732073],[-93.089722142586,33.8019721071515],[-93.1110437582625,33.8070158739006],[-93.1239886602715,33.7952476053235],[-93.1398587373569,33.824097582017],[-93.1599773534594,33.8359014093538],[-93.1725813008005,33.8509542639796],[-93.1710670772014,33.8587243167688],[-93.148804898473,33.8652274322693],[-93.1488233247161,33.8544448044342],[-93.137398403609,33.8541819232344],[-93.137117396215,33.8436505778889],[-93.1133541973255,33.8498944519729],[-93.1298340993348,33.8782472142013],[-93.1198642414772,33.899549030065],[-93.1135511978673,33.8972852183446],[-93.0930451752137,33.917317535444],[-93.0629477594231,33.919026156503],[-93.0467154349027,33.9132294821896],[-93.0326376073019,33.8933931502823]],[[-93.0285054701827,33.8693128960858],[-93.0276342022734,33.8600347538317],[-93.0198442564713,33.8517450775637],[-92.9987508479113,33.8644854262117],[-93.0150021628167,33.8607605083882],[-93.0086618535414,33.8680167144475],[-93.0125563000297,33.8722898259032],[-93.0285054701827,33.8693128960858]],[[-93.0403064673903,33.846267061321],[-93.0363852529031,33.8502731106035],[-93.0276622476766,33.8515090767064],[-93.035763147111,33.856791210573],[-93.0426982489022,33.8505353622345],[-93.0403064673903,33.846267061321]],[[-93.0730869919327,33.8423133575462],[-93.0655730624848,33.8417999545311],[-93.0547907853521,33.8282424720111],[-93.0436408134006,33.8374980370346],[-93.0661516502913,33.8498252885788],[-93.0730869919327,33.8423133575462]],[[-93.1190223107485,33.8181299382685],[-93.1098282379701,33.8130320086624],[-93.0899793877441,33.8195232397301],[-93.1058970827261,33.8238086772685],[-93.1025779083626,33.8295708361415],[-93.0767584954321,33.8182500320432],[-93.0731368322613,33.8240122722019],[-93.1034591870973,33.8383475495696],[-93.1142874768371,33.8353521483177],[-93.1154805033148,33.8398657818593],[-93.1338420722138,33.8268493551469],[-93.1275419104452,33.8213272292571],[-93.129958169252,33.815061540477],[-93.1221502158217,33.8125450537927],[-93.1190223107485,33.8181299382685]],[[-93.091592644315,33.8058501227646],[-93.0857848383738,33.8142515634591],[-93.0993095481014,33.8135191145121],[-93.0957179434583,33.807498221984],[-93.091592644315,33.8058501227646]]],[[[-93.1249343437205,33.9213707630838],[-93.1234380073753,33.9173562226379],[-93.1273513445358,33.9166093398389],[-93.1285471360279,33.9203719246866],[-93.1249343437205,33.9213707630838]]],[[[-93.1844161573078,33.7629580707444],[-93.1886365269542,33.7496723111278],[-93.2105650237755,33.7391531876208],[-93.2297762309483,33.7431703240174],[-93.2390750841196,33.7579620890356],[-93.2312568306063,33.7747596769199],[-93.2138288529343,33.7835298364309],[-93.193106959728,33.7792575178868],[-93.1817072471444,33.7679707187961],[-93.1844161573078,33.7629580707444]],[[-93.1925238120731,33.7637135610262],[-93.1892147626212,33.7684758763952],[-93.1895127355975,33.7704814495484],[-93.1943205737954,33.7682280738911],[-93.1925238120731,33.7637135610262]],[[-93.2119992577884,33.7654149093371],[-93.2123376280031,33.7717460427115],[-93.2189493371904,33.7659805669364],[-93.2159474199375,33.7647273542066],[-93.2119992577884,33.7654149093371]],[[-93.2264513909103,33.775007821192],[-93.2237495001824,33.773001994071],[-93.2186402044432,33.777512308808],[-93.2201415102685,33.7777643816033],[-93.2264513909103,33.775007821192]],[[-93.2293701097948,33.7665749635243],[-93.235167037138,33.7652313890844],[-93.2336694727958,33.7587139406562],[-93.2207592080276,33.7559529314421],[-93.2216509431523,33.7677378583932],[-93.2293701097948,33.7665749635243]]],[[[-93.2109592826756,33.6371260270516],[-93.208871924942,33.625345252742],[-93.22056415683,33.6230917589968],[-93.2106776222064,33.6175744756502],[-93.2184775779358,33.6093047742372],[-93.2331653140038,33.604797702174],[-93.2175860584068,33.6002822605627],[-93.2313776396389,33.5892551373406],[-93.2238900173541,33.5862463654386],[-93.2927982853074,33.5684439207215],[-93.3395091538439,33.5441037024167],[-93.3392156940035,33.5516229720704],[-93.3260460281206,33.5644154260657],[-93.323059574467,33.5807092790005],[-93.3314461210937,33.5774457394291],[-93.3398203069021,33.5588923120352],[-93.349098461991,33.5516130218244],[-93.3529776173566,33.53657095643],[-93.3574681607146,33.5360657784139],[-93.3547678842593,33.5303057930421],[-93.4220345969135,33.4775887007475],[-93.4274361972597,33.4858493062867],[-93.4286042155382,33.4710604968457],[-93.4650066502881,33.4316509534065],[-93.4825698199188,33.402044494123],[-93.4876409695977,33.3982750182173],[-93.4906518125113,33.4062874768479],[-93.5073746962286,33.400985106656],[-93.5058617644069,33.3947256066938],[-93.5007862686785,33.3964900257571],[-93.5055337499708,33.3847024280647],[-93.5118048135107,33.3834362025328],[-93.5133539402519,33.4014727710343],[-93.4936708220092,33.417054516753],[-93.5047323718889,33.4170298030326],[-93.5023923279474,33.4348254450652],[-93.4871468764285,33.4366153642248],[-93.4931423233646,33.4418637454536],[-93.4880769094287,33.4486412781722],[-93.4749152008226,33.4476678998575],[-93.4856952474384,33.4526575720937],[-93.5009372000193,33.4486122343769],[-93.5057944096252,33.4729082034136],[-93.488486372315,33.4889887066832],[-93.4780181794433,33.4910159337975],[-93.4744473582226,33.4987917861201],[-93.4546994606682,33.5005856276111],[-93.4696705532246,33.5035655063187],[-93.4643300437077,33.5228719846749],[-93.4511611710372,33.5244033043861],[-93.4466885903916,33.5326805363076],[-93.4014802251346,33.5342590474199],[-93.4206469153952,33.5364854813887],[-93.4335354238655,33.5432322963308],[-93.4263776881059,33.5582815849508],[-93.4132028119943,33.560307664559],[-93.3958522205908,33.5741157615296],[-93.401860637403,33.5851361724899],[-93.3841971106837,33.595187383397],[-93.3931986789882,33.6034462822823],[-93.394413220117,33.6142244976285],[-93.3884239473019,33.6177397204092],[-93.3920322031171,33.6255061202373],[-93.3794531732453,33.6340446891031],[-93.3827516603061,33.6347932242818],[-93.3797619493613,33.6410631783417],[-93.3893549693472,33.6400484489388],[-93.4099991888241,33.6139501642863],[-93.4154199044212,33.6284798879865],[-93.4103599531406,33.6500459629841],[-93.4247348850469,33.6402471509787],[-93.4202250701311,33.6332348928636],[-93.4241139946753,33.6287168488044],[-93.4204847964359,33.6114264219066],[-93.4291788309945,33.61266609788],[-93.4171664637938,33.5994020669756],[-93.4186415657623,33.5866155076165],[-93.4437485338241,33.5579998370612],[-93.4482137455894,33.5454602773337],[-93.4566111842889,33.5509597782969],[-93.4652619083727,33.5369058696994],[-93.4778169128022,33.5288601788302],[-93.4862291647208,33.5396190864286],[-93.4841972788544,33.5636841848739],[-93.4806311450428,33.5744693100567],[-93.4662646977244,33.5797637867662],[-93.4735615771317,33.6218580878637],[-93.4860705761405,33.5920031427899],[-93.5062499156613,33.6267971431533],[-93.5230745955683,33.6385371181284],[-93.5279008213816,33.647550447526],[-93.5338780298225,33.6415169865468],[-93.5428755080975,33.6422451987695],[-93.5266612495958,33.6350196452192],[-93.4941328390345,33.5819586233662],[-93.5078665130669,33.5658852223922],[-93.5163018229421,33.5814052482039],[-93.5358205872171,33.594889662905],[-93.5372951124672,33.5878664330047],[-93.5186781183969,33.5748829556917],[-93.5309438500336,33.5698389270039],[-93.5246365888793,33.5645906353542],[-93.5261149193929,33.5585720312296],[-93.5165366883715,33.5606021530264],[-93.5030229533617,33.5483522298462],[-93.5033099282641,33.5440901941807],[-93.518296211332,33.5485661016981],[-93.5182845035889,33.5448077771718],[-93.5006042753919,33.5403375114423],[-93.4864622748421,33.5150579933897],[-93.4912226047378,33.5045215215195],[-93.5052886644084,33.5042361542326],[-93.5169399187463,33.4974409573932],[-93.5271308942163,33.5024290264597],[-93.529576836055,33.5182108444658],[-93.5331252703605,33.5049183338159],[-93.5253115578309,33.4949136103633],[-93.5318630700127,33.4853745867483],[-93.5420208751907,33.4808358000301],[-93.5522127229248,33.4860721194879],[-93.5537386282159,33.4943369262449],[-93.5382360716761,33.5116714240604],[-93.5392189552594,33.5367329741302],[-93.5499642415653,33.5271797673303],[-93.5454317837144,33.5151620855704],[-93.5546733099976,33.5046102236108],[-93.5654496375882,33.5050797898549],[-93.5693999431175,33.5208580853466],[-93.5717367881583,33.5055618992944],[-93.5651315800787,33.5000690547108],[-93.5620476987426,33.47551786682],[-93.5488566718206,33.4677850339668],[-93.5539248435844,33.463009426825],[-93.5745434889235,33.4574373701297],[-93.5784573839377,33.4639409833052],[-93.5856242914965,33.4609103829265],[-93.5904317002996,33.4661572896228],[-93.6098800573175,33.4670984649985],[-93.618280635629,33.4725814498822],[-93.5983571084533,33.5014687011636],[-93.5865851160496,33.5511305417005],[-93.5907101142573,33.6080138431263],[-93.5775909292018,33.6253513878862],[-93.5937442010789,33.6170280871185],[-93.5990943261626,33.6062329253448],[-93.5968339466171,33.567139235712],[-93.6083550593249,33.529757512939],[-93.603539593532,33.5237576009342],[-93.6080115965608,33.5194827480093],[-93.6109103890158,33.497668743343],[-93.6219506380435,33.4903623126203],[-93.6282949825511,33.5036254769125],[-93.63348401006,33.5254090024682],[-93.6263128795211,33.5284431556511],[-93.624865860685,33.5394761904914],[-93.6313293792915,33.5775501756006],[-93.6364525513069,33.5840485920528],[-93.6338314451742,33.5356838450415],[-93.641611437643,33.5346549161236],[-93.6409101938676,33.5131036994035],[-93.6502319361124,33.5218404049519],[-93.6541960262898,33.5366119092127],[-93.6589929715165,33.537847257749],[-93.6589181113106,33.5228098968139],[-93.6804729053803,33.5229772402202],[-93.6543983268917,33.5168106749],[-93.6438807563238,33.508329578768],[-93.6291149395896,33.4865797996337],[-93.6254436040752,33.468799319713],[-93.615522956827,33.4578070467247],[-93.5921292628617,33.4423458296988],[-93.5699942289836,33.4409119883551],[-93.5636917037475,33.4349158085389],[-93.5588459566446,33.4181398282901],[-93.5414217959143,33.3933818422678],[-93.5452806924735,33.385853452402],[-93.5425576518107,33.3760878811307],[-93.5530052364314,33.3733037764693],[-93.5539575880748,33.3888357740377],[-93.5691952296406,33.3880406190314],[-93.5761509603441,33.4093188876074],[-93.5653758346994,33.4055932354984],[-93.5663018666033,33.4133577721582],[-93.5797577941262,33.4143199624185],[-93.578284536399,33.4198362462103],[-93.5956356524186,33.4225380099421],[-93.572413392942,33.3699894272647],[-93.5906385203258,33.3701842512617],[-93.5861926052711,33.3789677171115],[-93.5883682251762,33.3997576361936],[-93.6017923828808,33.3937023997864],[-93.5954862023997,33.3864536475286],[-93.5942168101397,33.3684186943815],[-93.5989943957737,33.3679022081609],[-93.6081070084238,33.4027023905744],[-93.6021492125762,33.4074831833773],[-93.6007161050507,33.4220215445871],[-93.6105656299828,33.4182293033774],[-93.615380982588,33.4254806485308],[-93.6419898592446,33.4253855488889],[-93.6452629078133,33.4221173556929],[-93.6433508419344,33.3973160176406],[-93.637980556859,33.399340241184],[-93.6371391399667,33.4111194340789],[-93.6186330060874,33.4172004737722],[-93.6227843006783,33.4096681072311],[-93.6335264734235,33.4056200064713],[-93.6200361206622,33.3966480486007],[-93.6247802422553,33.3883628448733],[-93.6284063287306,33.3971196277189],[-93.6400335648127,33.3910632857119],[-93.6277191723354,33.3775762778759],[-93.6283062528147,33.3694804533189],[-93.631003871155,33.3770643874634],[-93.6432934198248,33.3852882347851],[-93.6490561114741,33.4028086013089],[-93.6488602877253,33.424108561972],[-93.671628600641,33.4330431356332],[-93.6755559407401,33.4407956408492],[-93.6708265892469,33.4515899946389],[-93.6777710398053,33.4640932793553],[-93.6751269448863,33.473375351175],[-93.6823877740029,33.4886343641727],[-93.7031624360456,33.51160535326],[-93.7041150104712,33.521376186992],[-93.6942660290198,33.5269297842431],[-93.6997583520232,33.5457058172319],[-93.6929077197164,33.5525010320308],[-93.696510944966,33.5542414827098],[-93.6938825525981,33.5665326164193],[-93.7001585083631,33.5640001620897],[-93.7028821383208,33.5690029986819],[-93.6987517825608,33.5805499130091],[-93.7080432408007,33.5812616819787],[-93.7068758234952,33.5867809628784],[-93.6939966440291,33.5875878745199],[-93.6820596077515,33.5966594310181],[-93.6778383981803,33.591663338251],[-93.6700684623511,33.5957033917038],[-93.6478908671932,33.5950351452194],[-93.6545318542722,33.6050369554538],[-93.6500746770388,33.6128254135166],[-93.6270159720294,33.6171698567798],[-93.6231544847288,33.6249522847008],[-93.6147764469445,33.6284907546202],[-93.5904960475217,33.6290705946488],[-93.5905195654158,33.6348358925798],[-93.5710580813167,33.6416641207253],[-93.5761759371022,33.6469127602921],[-93.5564100022752,33.6537383138399],[-93.5489563551727,33.6660426358635],[-93.5333725397273,33.6698452179472],[-93.5289027860799,33.6788809503414],[-93.5237847084105,33.6731279278149],[-93.5111897244593,33.6741630440108],[-93.5079146160537,33.6824436887284],[-93.5003650612182,33.6651642646988],[-93.4868837329324,33.6709595492889],[-93.4727366371383,33.6514365670303],[-93.4391371679587,33.644985911574],[-93.4256540080079,33.6502731461916],[-93.4271705294975,33.6592926925446],[-93.4034805001845,33.6608337455805],[-93.3932985914108,33.6711263101848],[-93.3798049409342,33.6744011963256],[-93.3684208006459,33.687199242151],[-93.3720306267163,33.6952168500086],[-93.3543238272515,33.6912259083148],[-93.3462300685253,33.6990040817019],[-93.3516354220327,33.7040124911002],[-93.3420291977104,33.6995093301169],[-93.3348174480494,33.684976909769],[-93.3327270486203,33.6987661395437],[-93.3201286896985,33.7077979398726],[-93.3084265565795,33.7115660872186],[-93.2910193407704,33.7088172229251],[-93.2853170347728,33.7033032368103],[-93.2889161475351,33.6875083698757],[-93.2838162823097,33.6842511633582],[-93.2853151554972,33.6679590127794],[-93.2757176906473,33.6594369356024],[-93.267625150935,33.6316155423177],[-93.2640266768749,33.6366304736724],[-93.265521673832,33.6569346211421],[-93.2682193514612,33.6637023653757],[-93.2787166236969,33.6687135436212],[-93.2736146653969,33.6977925035668],[-93.280516080365,33.7055628724845],[-93.2796155588186,33.7133321402373],[-93.245989774391,33.7401618375013],[-93.2360854118023,33.7356481549946],[-93.2267878090858,33.7231128399091],[-93.2247118680413,33.6895206825874],[-93.21063140658,33.667456940287],[-93.2106379166709,33.6604386821748],[-93.2031449233589,33.6559219040554],[-93.2055576077693,33.6421368002579],[-93.226248289011,33.6388848554921],[-93.2292524870865,33.6303638050426],[-93.2109592826756,33.6371260270516]],[[-93.5990734097895,33.4060969137097],[-93.6048192957565,33.4027120969602],[-93.6012136639202,33.3982134860352],[-93.5991258273847,33.3992230714966],[-93.5990734097895,33.4060969137097]],[[-93.6372393245788,33.4324205568876],[-93.6390143084436,33.4284049221588],[-93.6261486665888,33.4264456786329],[-93.626173409785,33.4319594947701],[-93.6441447011173,33.438409376147],[-93.6372393245788,33.4324205568876]],[[-93.6462069850746,33.4318873732131],[-93.6441126564144,33.4316442857229],[-93.6444223982193,33.4338971329685],[-93.6462164694873,33.4338895598633],[-93.6462069850746,33.4318873732131]],[[-93.6481783191009,33.4368207219789],[-93.6507201965205,33.4376317050177],[-93.6510116558127,33.4361274226502],[-93.6492101788335,33.4346324287003],[-93.6481783191009,33.4368207219789]],[[-93.6570873699144,33.4554012584265],[-93.6555859679693,33.4541547324958],[-93.6493087060539,33.4549290454716],[-93.6508201565537,33.4581816209248],[-93.6570873699144,33.4554012584265]],[[-93.6536771009911,33.4308556714638],[-93.6527922496565,33.4333661931273],[-93.6551857658153,33.4336066309714],[-93.6557748576224,33.4318497114671],[-93.6536771009911,33.4308556714638]],[[-93.6563903581023,33.4353571841026],[-93.6588223733592,33.443365819795],[-93.6639111407975,33.4443499135691],[-93.664149599488,33.4323199734613],[-93.6563903581023,33.4353571841026]],[[-93.6634436844731,33.4630955762253],[-93.6613140951414,33.4631541786922],[-93.664612957698,33.4648955362349],[-93.6634436844731,33.4630955762253]],[[-93.6648602953368,33.4546192974273],[-93.663677856403,33.4573810541511],[-93.6726986729091,33.4666189920526],[-93.6723722961018,33.4613583261036],[-93.6648602953368,33.4546192974273]],[[-93.6939353402991,33.5211680646411],[-93.6924250764738,33.5186680387155],[-93.6891469075081,33.5214388405579],[-93.6927434403088,33.5221750495095],[-93.6939353402991,33.5211680646411]]],[[[-93.2388869795941,33.5561725445086],[-93.2334962767107,33.5556702823718],[-93.2338011002394,33.5471490661604],[-93.241884634341,33.5506581185425],[-93.2640499135964,33.5328640176422],[-93.263449355693,33.5406330990009],[-93.2909974048095,33.5406242953089],[-93.3062660157948,33.5318456673941],[-93.3086634593879,33.5383597736876],[-93.3176394364867,33.5233176940168],[-93.3245272895889,33.5273240247937],[-93.3059696274466,33.540869565924],[-93.2886028142657,33.5498997582011],[-93.2484677169151,33.5636922780969],[-93.2418794798079,33.5609356916188],[-93.2604503489816,33.556674129235],[-93.2460762758646,33.5524128080223],[-93.2388869795941,33.5561725445086]]],[[[-93.3965035701387,33.4119698595836],[-93.4153489312256,33.419210917729],[-93.4195510623768,33.4284746295422],[-93.4156598031111,33.4259742849537],[-93.411782583615,33.4314936772024],[-93.4087802746966,33.4242322763767],[-93.4037060806271,33.4295001887985],[-93.3965035701387,33.4119698595836]]],[[[-93.5607357955084,33.3740696936899],[-93.558680152796,33.3727870124237],[-93.566744205134,33.3720120815323],[-93.5658591166441,33.3750208533651],[-93.5607357955084,33.3740696936899]]],[[[-93.994230192187,33.4924485577084],[-93.9544352751565,33.4932156708389],[-93.942736536771,33.4900342262034],[-93.9094772362332,33.4486407857267],[-93.9661857511125,33.4688274560135],[-93.9595218659769,33.4596003003685],[-93.9361113223117,33.4504794880004],[-93.9512734083756,33.4401080605741],[-93.9301123315219,33.4485129431847],[-93.9181121131371,33.4440775668183],[-93.9049664843746,33.4456603374686],[-93.8923532439618,33.4392215647155],[-93.9047891901752,33.4241105735471],[-93.929874851995,33.4206971079911],[-93.9128118580264,33.4180467405705],[-93.9237306736923,33.4011885853342],[-93.8981346124842,33.4146293414554],[-93.898516943554,33.4248992205989],[-93.8907797189776,33.4294566723415],[-93.8749352887935,33.4297996754433],[-93.8482537033961,33.4204296490506],[-93.8153609208841,33.4196051095731],[-93.811721041676,33.4121057216422],[-93.824485454178,33.399509868989],[-93.828564811681,33.3849526550107],[-93.8377859138679,33.3791413709006],[-93.8240362480269,33.3784616432421],[-93.8142532855624,33.3895405666733],[-93.8018549697763,33.368304561961],[-93.7829244573837,33.3518628053187],[-93.7917337206405,33.3292694274978],[-93.7883470971721,33.3140014034612],[-93.7957920431928,33.3112076894576],[-93.7913594636285,33.3179944344753],[-93.8131136378772,33.3121214620328],[-93.8042144721252,33.3204364185424],[-93.8134893977707,33.3231432926809],[-93.8233085839007,33.3183315283194],[-93.8329057684763,33.3242915877003],[-93.8705638566523,33.328843267567],[-93.8238486106253,33.310310136583],[-93.8789516276827,33.294218329256],[-93.8866179419455,33.2823974417906],[-93.8926283916452,33.2876235034215],[-93.8958524811325,33.2803398363026],[-93.9015588618882,33.284814314446],[-93.9047799492058,33.2772774807308],[-93.9087024617586,33.2825163135039],[-93.9212106100629,33.2794328652287],[-93.9206623233292,33.2851980081015],[-93.9487426458111,33.2882767937508],[-93.958290656608,33.2879641140972],[-93.9594149987974,33.2801885226605],[-93.9466252394314,33.2850325167364],[-93.9441417893362,33.2740262660534],[-93.9316762166848,33.2818709508971],[-93.9251028278309,33.2809106309104],[-93.9453135140636,33.2715128572133],[-93.9623764352687,33.2776646238658],[-93.9671033415477,33.3054446338302],[-93.9742697101172,33.305645700759],[-93.9851474278589,33.3198544974653],[-93.9769714804708,33.3399538779752],[-93.9949955613007,33.319285558041],[-94.0239604575378,33.3501515348655],[-94.0429417112692,33.3585815693708],[-94.0430546744162,33.3712322861613],[-94.0320428804234,33.3821667615898],[-94.0000588902468,33.3811394274702],[-94.0067015068697,33.38836096148],[-94.0288176114481,33.3884539670024],[-94.0158194698856,33.4040835354515],[-94.0304152481129,33.398967240639],[-94.0430281229114,33.376307611071],[-94.0429274091916,33.4004090763658],[-94.0370354805156,33.4034301415211],[-94.0343059710844,33.3994398623676],[-94.0269297524712,33.4092662837791],[-94.0227255417201,33.4072915077701],[-94.0090651369773,33.4166610511457],[-94.0222814047622,33.4230831362014],[-94.0288169413049,33.4187744236981],[-94.0278585368131,33.412518315531],[-94.0398078117381,33.4116781601728],[-94.0428528678877,33.4042716425195],[-94.0429741422476,33.411956422212],[-94.0286141385447,33.4285509763024],[-94.0287055834474,33.4378222874095],[-94.0427983868623,33.4239951339537],[-94.0428179467793,33.4288365194126],[-94.0367067662919,33.4304980317766],[-94.0377060468241,33.4407646769385],[-94.0341199039379,33.4410397191648],[-94.0360212133896,33.4518031433221],[-94.030022573841,33.4500930575384],[-94.0382494871468,33.4653202598838],[-94.0368135822674,33.4713445849417],[-94.0176510871392,33.4697281335275],[-94.0145261698626,33.4559660115626],[-94.0044142667989,33.4620546597749],[-94.0052067767123,33.451021571105],[-93.9875354391416,33.4483866010308],[-93.9926053985529,33.4468476194958],[-93.9892690591809,33.4418590747266],[-94.0096636880444,33.4479810614111],[-93.9997165090543,33.4397825731964],[-94.0002837134096,33.4365216268865],[-94.0092735488182,33.4384622456777],[-94.0032406726775,33.4329919360681],[-93.9834550539659,33.4276138793685],[-93.9605547246361,33.4412996898133],[-93.9591131244378,33.4473241106515],[-93.9740658626163,33.4472255270578],[-93.9777808679317,33.4609814446439],[-93.9988210486162,33.4716160427661],[-94.0068743777647,33.4690529260135],[-94.0081259582292,33.4748082294065],[-94.0150138373826,33.4755117659853],[-94.0136078751483,33.4847958716407],[-94.0261720208341,33.4844524724164],[-94.0287811236779,33.4759130616755],[-94.0428978806699,33.4767030046449],[-94.0315156205556,33.4801556155427],[-94.0232851292601,33.4952528740928],[-94.0181228050713,33.4875188637038],[-94.0155142169622,33.4963089997435],[-93.994230192187,33.4924485577084]],[[-93.7936797877528,33.3395688034424],[-93.7933414211314,33.3462988900842],[-93.7888648429828,33.3468219746006],[-93.7915846416258,33.3515690230114],[-93.8002089723082,33.3460141308389],[-93.7986698231549,33.3392555789849],[-93.7936797877528,33.3395688034424]],[[-93.8269125790065,33.3629129530297],[-93.8289656696052,33.3576393838878],[-93.8202976242061,33.3569331029289],[-93.8202177774521,33.3456592712159],[-93.8098864923213,33.363252858394],[-93.8185585774442,33.3644589238451],[-93.815604537701,33.3692367102845],[-93.8200932224447,33.3702147421969],[-93.8278393232744,33.3671668351736],[-93.8269125790065,33.3629129530297]],[[-93.8254791319178,33.4130367060219],[-93.8284950727706,33.4167784874916],[-93.8329698129661,33.4155004277037],[-93.832365110236,33.4145015320353],[-93.8254791319178,33.4130367060219]],[[-93.8436027218266,33.3575580594501],[-93.8448308787201,33.3620629681035],[-93.8513783745343,33.3587684753567],[-93.848451197113,33.3668040394339],[-93.8663410148422,33.3621932713038],[-93.8534205092798,33.3522430809057],[-93.8477769728647,33.3565334502626],[-93.8384601902185,33.3488186595737],[-93.8375110240011,33.3415574679602],[-93.8318367939494,33.3415874848783],[-93.837919824829,33.356587648943],[-93.8436027218266,33.3575580594501]],[[-93.8390333926249,33.4001260758663],[-93.8394733694848,33.4054425540396],[-93.8466113476981,33.4006421179686],[-93.8391266539211,33.3989282094253],[-93.8390333926249,33.4001260758663]],[[-93.8631514700691,33.4138305757967],[-93.8667328689523,33.4130574781996],[-93.8654931193,33.4073012488882],[-93.8597585269528,33.4000670310992],[-93.8638829619168,33.3922769112968],[-93.8486568654989,33.3943671589442],[-93.8604249637059,33.4090846597247],[-93.848201080985,33.413413640565],[-93.8631514700691,33.4138305757967]],[[-93.9101190151301,33.3935272173037],[-93.9164591007249,33.3894577427098],[-93.9097953404551,33.378724070425],[-93.9000413288956,33.3918133184429],[-93.9031648555801,33.371747481772],[-93.8940279884174,33.3502541944373],[-93.8886377221152,33.3485322576884],[-93.8848187197377,33.3565715851038],[-93.8908069334391,33.3582918359374],[-93.8908809357539,33.3675610132972],[-93.8767791141518,33.3598762165721],[-93.8897482006048,33.3753371568599],[-93.8809113644588,33.39142476146],[-93.8728549055798,33.3929761116542],[-93.8804742262752,33.3738870253411],[-93.8669965586241,33.369704984091],[-93.8622567812838,33.3749942455064],[-93.8686860534166,33.3950048582824],[-93.8827501529633,33.3971779080082],[-93.875946662446,33.4062386814398],[-93.8828156096048,33.4054472492236],[-93.8760075565442,33.4140078393807],[-93.8772642035069,33.421767782003],[-93.8837917324672,33.4154656306706],[-93.8895377792327,33.423700397954],[-93.8903583606003,33.4141744984477],[-93.8858725450756,33.4139490694901],[-93.8887194193987,33.3961392719317],[-93.8965670990258,33.4056156795015],[-93.8986144907124,33.4000909509431],[-93.9010623504543,33.4070920403274],[-93.9101190151301,33.3935272173037]],[[-93.8952436820847,33.4115687231507],[-93.8950967689081,33.4086316841315],[-93.8920995866751,33.4076475985433],[-93.8921137252593,33.4094002513819],[-93.8952436820847,33.4115687231507]],[[-93.8956117901285,33.4210536716443],[-93.893399989677,33.4206701617184],[-93.893428356677,33.4241781558449],[-93.8946241086433,33.4241708922873],[-93.8956117901285,33.4210536716443]],[[-93.9002006828405,33.4113573487783],[-93.9011033522588,33.4121043201686],[-93.9028849665887,33.4105906795066],[-93.9007842194659,33.4096014269859],[-93.9002006828405,33.4113573487783]],[[-93.9064408146902,33.4068099734713],[-93.908250823868,33.4088041463425],[-93.9094299336453,33.4067911067901],[-93.9079269021563,33.405797559028],[-93.9064408146902,33.4068099734713]],[[-93.9107418584391,33.3486507691087],[-93.9149334074362,33.3498754777248],[-93.9126796637458,33.3661761153077],[-93.9223109079453,33.3746382887517],[-93.9227389982974,33.3899194025139],[-93.9391246140328,33.3840526546377],[-93.9418666360976,33.3900498492466],[-93.9594551984064,33.385173958732],[-93.9647549001549,33.3763692075203],[-93.9590560508745,33.3739008699469],[-93.9501611476285,33.3817271387328],[-93.9503564386763,33.3699493432411],[-93.9459447422474,33.377994438276],[-93.9381915680831,33.3797980417264],[-93.9434587750729,33.3669866266255],[-93.9377891722432,33.3677741604626],[-93.9347239192712,33.3587731197895],[-93.9248366300628,33.3553263205343],[-93.9286408560522,33.3460320441655],[-93.9261687130515,33.3362756215771],[-93.9118908009925,33.3431301490277],[-93.9107418584391,33.3486507691087]],[[-93.9663599065983,33.4881265349935],[-93.965981369114,33.4793558391522],[-93.9566934152019,33.4779151446745],[-93.9580997502371,33.4678806064478],[-93.9449965785499,33.4747317472699],[-93.9422213906848,33.4652256295643],[-93.9353713288082,33.4687779793718],[-93.9359071011117,33.4615075585441],[-93.9197189575336,33.4573481333219],[-93.9460213011675,33.4892608119603],[-93.9615968736719,33.4909134779812],[-93.9501555771754,33.4829696363086],[-93.9555342480239,33.4821824507635],[-93.9663599065983,33.4881265349935]],[[-93.9710695993598,33.4136636018873],[-93.9692284752355,33.4084156218362],[-93.9674983900669,33.4154429635157],[-93.9563151319409,33.4017339775964],[-93.9470500365595,33.4017947265969],[-93.9561070264255,33.4120100637073],[-93.9414843768931,33.4148613401428],[-93.9633310075475,33.4174751625392],[-93.9649024367622,33.4259840547152],[-93.9779770375318,33.4171274049413],[-93.9710695993598,33.4136636018873]],[[-93.96326983048,33.3440563413549],[-93.9570028641561,33.3445984328401],[-93.956960396301,33.3398365524768],[-93.946268649586,33.3466706712463],[-93.9573747100898,33.3528639951289],[-93.96326983048,33.3440563413549]],[[-93.9503717540536,33.3038014036723],[-93.9637903431017,33.3022085955435],[-93.9595111230244,33.2909620605671],[-93.9571700945294,33.2962377428767],[-93.9503717540536,33.3038014036723]],[[-93.9685124299192,33.3292363965618],[-93.97008487962,33.3379968881053],[-93.9768706095458,33.3289312681201],[-93.9685124299192,33.3292363965618]],[[-93.972311389086,33.3530150378495],[-93.9773411515832,33.3477188565188],[-93.9799876324277,33.3431920646399],[-93.9687004104772,33.3500332025795],[-93.972311389086,33.3530150378495]],[[-93.9740363763154,33.3249800806659],[-93.9797855213703,33.3211443939606],[-93.9779615128471,33.3176475198587],[-93.9729045278035,33.3196869692793],[-93.9740363763154,33.3249800806659]],[[-94.0021584632715,33.4147050817818],[-94.0149780161623,33.4098531532292],[-94.0149660497044,33.4086007349925],[-94.0092339429956,33.4031273669706],[-94.0021010115176,33.4074383195768],[-94.0021584632715,33.4147050817818]],[[-94.0048655974657,33.4259015526391],[-94.004702283747,33.4294719377777],[-94.0206487553608,33.4396337613831],[-94.0184801782475,33.4318803554464],[-94.0048655974657,33.4259015526391]]],[[[-94.0019087145546,33.2295447002708],[-94.0135605303395,33.2317168271696],[-94.0223949383394,33.2201294510873],[-94.0354646145446,33.2150236178452],[-94.0377331139619,33.2032335560278],[-94.0428090058473,33.2044466392275],[-94.042845301378,33.2166133080135],[-94.0195390575072,33.2331776093967],[-93.9909193505961,33.2343803246882],[-94.0019087145546,33.2295447002708]]]]}},{"type":"Feature","properties":{"name":"Carrizo Aquifer","state":"Arkansas","country":"United States","extent_type":"Generalized combined outcrop / subcrop","component":"Carrizo","precision":"Generalized from published statewide map; not a survey boundary","source":"USGS Scientific Investigations Report 2014\u20135149, figure 3","source_url":"https://pubs.usgs.gov/sir/2014/5149/"},"geometry":{"type":"Polygon","coordinates":[[[-94.29,33.46],[-94.27,33.55],[-94.11,33.62],[-93.98,33.73],[-93.84,33.82],[-93.72,33.91],[-93.62,34.04],[-93.56,34.16],[-93.49,34.29],[-93.43,34.23],[-93.47,34.1],[-93.54,33.96],[-93.64,33.83],[-93.77,33.72],[-93.9,33.65],[-94.02,33.56],[-94.16,33.49],[-94.29,33.46]]]}}]}
